ethn..parish_code,ethn..parish_legal_name,ethn..deanery_name,ethn..diocese_name,ethn..population,ethn..white_or_white_british,ethn..black_or_black_british,ethn..asian_or_asian_british,ethn..mixed_multiple_ethnicity,ethn..other_ethnicity,ethn..ethnicity_asian_bangladeshi,ethn..ethnicity_asian_chinese,ethn..ethnicity_asian_indian,ethn..ethnicity_asian_other,ethn..ethnicity_asian_pakistani,ethn..ethnicity_back_african,ethn..ethnicity_black_british,ethn..ethnicity_black_caribbean,ethn..ethnicity_mixed_other,ethn..ethnicity_mixed_white_asian,ethn..ethnicity_mixed_white_black_african,ethn..ethnicity_mixed_white_black_caribbean,ethn..ethnicity_other_arab,ethn..ethnicity_other_other,ethn..ethnicity_white_british,ethn..ethnicity_white_gypsy_or_irish_traveller,ethn..ethnicity_white_irish,ethn..ethnicity_white_other
160003,BISLEY,The Stroud Deanery,Gloucester,856,840.5043541272591,0.71989528875,8.51916420335,6.250092880429991,0.0064935065,0,0,6.4482377071,2.07092649625,0,0.71989528875,0,0,1.0064935065,4.17916638417999,0.06443298975,1,0.0064935065,0,817.207584723999,0,4.6059699475,18.69079945576
160005,BUSSAGE WITH EASTCOMBE,The Stroud Deanery,Gloucester,4212,4166.84865932895,7.990181872889989,9.88724540653999,24.27391344552988,3.00000000034,0.999999999099999,2.59077731399,1.42408376901999,3.92470990719,0.94767441724,2.50166412757,0,5.48851774531999,1.94246575356999,11.3314476893199,4.00000000119,7.00000000144999,1.00000000031,2.00000000003,4077.0004264838,0,21.53649381033,68.31173903482
160007,CHRIST CHURCH CHALFORD,The Stroud Deanery,Gloucester,1587,1552.74220630465,1.81352362596,10.259667222949979,21.16100113544999,1.02360170034,1.84353741539,4.73850426365999,0.012345679,3.66527986489999,0,0.41413904502,0,1.39938458094,4.07050274728,12.32517940017,2.07879349973999,2.68652548826,0,1.02360170034,1510.1921147111,0.012345679,7.92914080835,34.6086051062
160008,CRANHAM,The Stroud Deanery,Gloucester,461,457.87793871222,0,3.0043522132,0.0773993807999998,0.04030969368,0,1.9822616406,1.00661069645,0.0154798761499999,0,0,0,0,0,0.0309597522999999,0,0.0464396284999999,0.00955414014,0.03075555354,451.3484394233,0,2.17138962583,4.35810966309
160009,EDGE,The Stroud Deanery,Gloucester,247,243.84050234848,0.923076923239999,0.307692307999999,1.9287284143899992,0,0,0.307692307999999,0,0,0,0,0.307692307999999,0.61538461524,0.61538461524,1.00565149115,0,0.307692307999999,0,0,231.1799058027,0,0.92307692324,11.73751962254
160010,EDGEWORTH,CIRENCESTER,Gloucester,87,86.47272727626,0,0.52727272722,0,0,0,0,0,0.52727272722,0,0,0,0,0,0,0,0,0,0,82.2545454585,0,0,4.21818181776
160011,ST. JOHN THE BAPTIST FRANCE LYNCH,The Stroud Deanery,Gloucester,1433,1415.4867997478,0.2713987471,3.21570913963,13.03688370886998,0.989208632499999,0,1.65154034166,0,1.51184321665,0.05232558132,0.13569937355,0,0.13569937355,1.05889504365,8.69610425463999,1.8429752058,1.43890920477999,0.989208632499999,0,1393.2911474536,0,8.87367374901,13.3219785451899
160012,HARESCOMBE AND BROOKTHORPE,The Stroud Deanery,Gloucester,387,370.84250033931,4.67895584216999,2.6999019279599987,8.76590302428998,0.01273885352,0,0.631578947999999,0.68944099332,0.68944099332,0.68944099332,0.68944099332,2.01046093464,1.97905391420999,1.95259888775999,1.32918320661999,0,5.48412092991,0.00636942676,0.00636942676,348.4299095773,0,2.61063286220999,19.8019578998
160013,MISERDEN,CIRENCESTER,Gloucester,506,501.32698685009007,0,1.484699955319999,3.17207944392,0.01623376625,0.0148148148,0.0088691796,0.322724013519999,1.1382919474,0,0,0,0,0.01623376625,0.0635161135,2.11460128006,0.97772828411,0.01623376625,0,495.5490783443,0,1.00283122996,4.77507727583
160014,OAKRIDGE,The Stroud Deanery,Gloucester,579,576.05625674496,0.0890052356999999,0.534031413519999,2.30991525595,0.0107913669,0,0,0.534031413519999,0,0,0.0890052356999999,0,0,0.0107913669,2.29912388905,0,0,0.0107913669,0,557.7911652842,0,0.52863307906,17.7364583817
160015,PAINSWICK,The Stroud Deanery,Gloucester,2006,1970.3632121560897,0.76569037686,15.30189154444,18.374524820279902,1.19468111519,0,5.00886917976,7.60998500409,2.68303736059,0,0,0,0.76569037686,4.71969244189,2.62661447194,0.876515119229999,10.1517027872199,0.19149640188,1.00318471331,1898.0152569246,1.00000000089,12.7955460892699,58.5524091413299
160016,PITCHCOMBE,The Stroud Deanery,Gloucester,312,308.74239525255996,1.0633356835899996,0.70005065616,1.49421840518,0,0,0.0476648747199999,0.41124443719,0.24114134425,0,0.0355191257199999,0.0121457489999999,1.01567080887,0.0953297492799999,0.22526050306,0.17010309294,1.0035250599,0,0,301.0094406037,0,2.05471499449,5.6782396543699996
160017,RANDWICK,The Stroud Deanery,Gloucester,663,649.1398923116599,1.30160802804,2.77564558947,9.17862446820999,0.604229607,0,1.22297297356,0.604229607,0.94844300891,0,0,0.00319488818,1.29841313986,1.51376890618,5.15072632838999,0.99629833586,1.51783089778,0,0.604229607,630.8832562818,0.906344410999999,2.8307577962,14.5195338226599
160018,SHEEPSCOMBE,The Stroud Deanery,Gloucester,503,493.03557405758,0.234309623519999,2.012471143889999,6.928684146869999,0.78896103975,0,0,0.600619194619999,1.41185194927,0,0,0,0.234309623519999,1.25758028679,3.56812150606,0.27885305332,1.8241293007,0.78896103975,0,474.3837254537,0,4.15094802859,14.50090057529
160019,SLAD,The Stroud Deanery,Gloucester,3426,3326.29049368737,16.06481916179999,37.593981193709894,44.278687527319974,1.77201839472999,0,6.41516874335,4.69414465343999,21.2008886549799,5.28377914194,7.87437359419,2.75690300299999,5.43354256461,4.44968879879999,19.66001659074,6.53660525980999,13.63237687797,0,1.77201839472999,3156.4374105775,0.26283987948,24.5303769732099,145.05986625718
160021,HOLY TRINITY STROUD,The Stroud Deanery,Gloucester,5523,5358.90307043738,23.64601569624,38.9435271961997,85.54595785983969,15.96142877829989,0.86561264823,10.5110128781899,10.4553668861999,15.0679620363199,2.04357274726,4.85701186603,4.1221382789,14.66686555131,19.4082017238099,37.2850860031199,10.2386264831,18.6140436498099,1.80444444281999,14.1569843354799,5118.8188610874,9.40611281984999,34.14736130221,196.53073522792
160022,STROUD,The Stroud Deanery,Gloucester,2414,2319.971326794399,9.833617150169982,33.02604696321989,45.877290563339876,5.291718541630001,0.13438735178,7.29928035793999,11.05908960163,11.8606415428799,2.67264810899,2.61314833412999,2.91225528212999,4.30821353391,7.86385495074999,10.86965128349,5.51252489544999,21.6312594336499,0.19555555536,5.09616298627,2159.7416577947,3.55975718214,19.52768362302,137.142228194539
160024,WHADDON,GLOUCESTER CITY,Gloucester,100,95.03105589799999,1.242236023999997,0.9316770179999971,2.795031054999998,0,0,0,0.310559005999999,0.310559005999999,0.310559005999999,0.310559005999999,0.621118011999999,0.310559005999999,0.310559005999999,0.310559005999999,0,2.173913043,0,0,91.61490683,0,0.310559005999999,3.10559006199999
160025,WHITESHILL,The Stroud Deanery,Gloucester,3337,3251.725957518909,10.407301992249991,17.09144673581999,55.775293808629996,1.99999999829999,0,1.91547470984,8.82236842153,6.35360360444999,0,4.16666666538999,0.016194332,6.22444099486,9.36572199759,21.72397850037,2.98496672577,21.7006265849,0,1.99999999829999,3118.9338835323,1.00000000034,29.12952018851,102.662553797759
160027,"BERKELEY WITH WICK, BREADSTONE AND NEWPORT",Wotton,Gloucester,3140,3096.1193816274904,0,18.5034236352599,22.027799594749972,3.34939514746,0.75637393773,13.8373552040699,0.03189066062,3.12142989511,0.75637393773,0,0,0,6.49034009724999,7.53562624484,1.77486911031999,6.22696414233999,1.03189066178,2.31750448568,3039.04456228089,0,13.53691120866,43.53790813794
160029,CAM,Wotton,Gloucester,4506,4427.471505730409,6.86647582186,22.64664888614999,46.615233948619995,2.40013566667,0.488721805,15.09749345557,2.89013768749,4.17029593808999,0,0.64741670032,4.00804305848,2.21101606306,14.07642060618,13.71527467849,4.76041207228,14.06312659167,1.00000000062,1.40013566605,4316.1264227035,1.47702403524,18.14139601802,91.72666297365
160030,COALEY,Wotton,Gloucester,808,804.4221721828201,0.99483204205,1.2088550487699998,1.3206599368099998,0.0534807832099998,0,0.09554427519,0.0777777777,1.03553299588,0,0,0,0.99483204205,0.0177664974899999,0.00714285713999999,0,1.29575058218,0.0177664974899999,0.0357142857199999,796.7842266639,0.0777777777,4.19378224033,3.36638550089
160031,DURSLEY,Wotton,Gloucester,5767,5623.917831538751,30.95569797637979,37.819531204219885,70.25645797633999,4.050481300299991,0,14.7853658504899,9.98364110298,11.05052425007,2.00000000067999,11.9896310097599,7.99195694233999,10.9741100242799,11.88392621864,24.02052053691,5.37962464984999,28.97238657094,1.01822323587999,3.03225806442,5413.08544781659,1.02593295506,25.0713103621999,184.7351404049
160033,HILL,Wotton,Gloucester,107,107,0,0,0,0,0,0,0,0,0,0,0,0,0,0,0,0,0,0,107,0,0,0
160034,KINGSWOOD,Wotton,Gloucester,1458,1444.8287820192902,0.013054830289999899,5.66143449576,5.494117645089999,2.00261096578999,0.00261096606,0,1.4941176469,4.1647058828,0,0.0104438642299999,0,0.00261096606,0.99999999993,3.49411764663,0,0.99999999853,2.00261096578999,0,1427.84447853419,0,3.33202272992,13.65228075518
160035,ST. BARTHOLOMEW LOWER CAM,Wotton,Gloucester,4643,4561.44568591319,10.29360611679999,17.58170328501999,46.0745320088599,7.60447263106999,9.51694392088,1.06466477725,1.05333333328,4.94109553022999,1.00566572338,2.47356425751,0,7.82004185928999,19.4669023738199,11.24189394703,0.6916426512,14.67409303681,1.00000000038,6.60447263068999,4479.8054739117,0.4581535951,15.9363822216,65.2456761847899
160036,NORTH NIBLEY,Wotton,Gloucester,876,860.029400928619,4.00576368919999,2.115042208119999,8.913574489039991,0.93621867963,0,0.999999998999999,1.0703363267,0.04470588242,0,4.00576368919999,0,0,2.94774605515,4.94277367984999,1.02305475404,0,0.93621867963,0,838.957071397199,5.99999999844,8.70672383975999,6.36560569322
160040,SHARPNESS WITH PURTON AND BROOKEND,Wotton,Gloucester,1727,1697.83717723285,1.9999999985699999,7.43526689718999,16.11499043543999,3.61256544661999,0.22946175639,5.13431618138999,0,1.84202720302,0.22946175639,0,0.99999999909,0.99999999948,5.52175073789999,3.52608160302,3.2251308905,3.84202720402,1.00000000072,2.61256544589999,1672.86283612889,0,11.67972353816,13.2946175658
160043,SLIMBRIDGE,Wotton,Gloucester,1122,1103.2309392166499,1.00000000022,10.832943426689999,5.95388384870999,0.98223350409,0.00849858356999999,0.99923067123,1.00000000022,8.8167155881,0.00849858356999999,0,0,1.00000000022,1.99923067144999,0.99945408529,0,2.95519909197,0.98223350409,0,1078.523453105,3.89583333458,10.8320497664499,9.97960301062
160044,STINCHCOMBE,Wotton,Gloucester,440,434.00476527742,0.883624343099999,0.00911161732,5.0933871424299895,0.00911161732,0,0,0.00911161732,0,0,0.883624343099999,0,0,1.59988971507999,0.20380544009,3.18155619552,0.10813579174,0.00911161732,0,423.3162190256,0.08823529422,1.22096560127999,9.37934535631999
160045,STONE WITH WOODFORD,Wotton,Gloucester,688,676.382527920449,0,4.92067633855,6.62686566635999,0.06993007,0,0,0,4.92067633855,0,0,0,0,1.9402985056,1.9402985056,0,2.74626865515999,0,0.06993007,666.679028572299,0,2.81619872515999,6.88730062298999
160046,ULEY WITH OWLPEN AND NYMPSFIELD,Wotton,Gloucester,1517,1495.17506365493,0,7.06371479064999,12.83380218703998,1.92741935506999,0,2.00068159346,1.02798534713999,4.02039583541,0.0146520146399999,0,0,0,1.04395604465999,4.88928549988999,3.91658925661,2.98397138588,0,1.92741935506999,1460.58658481199,0.977043009659999,9.88255838343,23.72887744985
160047,WOTTON-UNDER-EDGE WITH OZLEWORTH,Wotton,Gloucester,5601,5495.18641062971,4.00569801010999,57.18400276960979,34.619332672110005,10.004555810689999,2.00000000048,3.99999999996999,13.3820185194799,36.8019842489399,1.00000000074,1.00569800659,2.00000000199999,1.00000000152,9.01595182088,18.40822415529,5.02849002916,2.16666666678,0.00455580866,10.00000000203,5355.44495661789,4.00000000145,24.11990733861,111.62154667176
160049,AWRE,"FOREST, SOUTH",Gloucester,263,259.46505375424897,0,1.41397849567,2.1209677421899986,0,0,0,0,1.41397849567,0,0,0,0,1.41397849567,0,0.706989246519999,0,0,0,250.274193541599,2.82795698870999,0.706989246519999,5.65591397741999
160050,BLAISDON,The Severn Vale Deanery,Gloucester,176,174.00754716752,0,0.66415094416,1.32830188832,0,0,0,0.66415094416,0,0,0,0,0,0.66415094416,0,0,0.66415094416,0,0,166.0377358464,0,0,7.96981132111999
160051,BLAKENEY,"FOREST, SOUTH",Gloucester,971,958.174217070209,1.00000000116,3.3698807217400004,8.455902225860001,0,1.00000000056,0.08940397356,0,1.28047674646,1.00000000116,1.00000000116,0,0,2.17204301014,3.1436208414,2.086021507,1.05421686732,0,0,936.367268452499,0.34408602144,4.24328751237,17.2195750838999
160052,BROMSBERROW,The Severn Vale Deanery,Gloucester,413,411.75199633113897,0.904176905279999,0.08595669284,0.25787007852,0,0,0,0.07120743029,0.01474926255,0,0.904176905279999,0,0,0,0.08595669284,0.01474926255,0.15716412313,0,0,410.046762978899,0,0.98288060899,0.72235274325
160053,BULLEY,The Severn Vale Deanery,Gloucester,182,179.19437481919897,0.6784182678,0.770370369599998,1.356836535859999,0,0,0.385185184799999,0,0.385185184799999,0,0.6784182678,0,0,0,0.770370370639999,0.58646616522,0,0,0,173.583124470599,0,0.879699248219999,4.73155110037999
160054,CHURCHAM,The Severn Vale Deanery,Gloucester,480,473.648190801129,1.3140629352,1.3465604275199992,3.68245219931999,0.00873362446,0,0.67605799154,0.02620087336,0.644301562619999,0,1.3140629352,0,0,0,1.26002476685999,1.422427433,0.99999999946,0,0.00873362446,459.012950642999,0.119092673459999,3.1152116095,11.40093587517
160055,DONNINGTON,The Severn Vale Deanery,Gloucester,83,81.91396602311,0.05517241368,0.34737056265,0.6834909984299999,0,0,0,0.02758620684,0.31978435581,0,0,0.02758620684,0.02758620684,0,0.26461194201,0.20943952821,0.20943952821,0,0,79.6693113589,0.02758620684,0.02758620684,2.18948225053
160056,DYMOCK,The Severn Vale Deanery,Gloucester,1041,1031.74517909204,0,2.49775361112999,5.75706728993,0.99999999855,0,0.17283950628,1.26140799570999,1.06350610914,0,0,0,0,1.43478260785,1.19295336612,1.02064896627,2.10868234969,0,0.99999999855,1006.74051014209,2.25764895301999,2.86956521753,19.8774547794
160057,FLAXLEY,The Severn Vale Deanery,Gloucester,279,277.29321043247,0.11977549556,0.871991379349997,0.715022689859999,0,0,0.119775495559999,0.275471698429999,0.476744185359999,0,0.07547169812,0.04430379744,0,0.35094339655,0,0.08860759488,0.275471698429999,0,0,269.0513133094,0,3.45698479799999,4.78491232507
160058,GORSLEY WITH CLIFFORD'S MESNE,The Severn Vale Deanery,Gloucester,1021,1013.817188104909,0.04020100496,2.3245506201499997,4.035720887769998,0.7823393702,0,0.02880658438,0,2.29574403577,0,0.04020100496,0,0,2.20373987832,0.923801701209999,0.04020100496,0.867978303279999,0,0.7823393702,984.095111433599,1.60319827747,2.50342446731,25.61545392653
160060,HIGHNAM WITH LASSINGTON,The Severn Vale Deanery,Gloucester,1934,1903.08733624861,0,16.93013099863999,11.991266373809989,1.99126637509,0,5.96506550027,4.97379912622,5.99126637214999,0,0,0,0,2.99999999974999,5.99999999901,0.99126637621,1.99999999884,0.99999999888,0.99126637621,1859.3318777376,20.88646288234,3.98253274773,18.8864628809399
160061,HUNTLEY,The Severn Vale Deanery,Gloucester,1313,1297.83718384384,3.99999999759999,6.83584474986,4.214611870939989,0.1123595506,0,3.96666666624,0.999999999799999,1.86917808382,0,0,1.99999999959999,1.999999998,0,1.44292237367999,0.999999999799999,1.77168949746,0,0.1123595506,1267.4597558036,3.98333333351999,6.55528192333,19.8388127833899
160063,KEMPLEY,The Severn Vale Deanery,Gloucester,247,243.57142858268,0,3.4285714296,0,0,0,0,0,3.4285714296,0,0,0,0,0,0,0,0,0,0,239.1484593943,0,0.06862745099,4.35434173738999
160064,LONGHOPE,The Severn Vale Deanery,Gloucester,1571,1532.58245721413,1.03208618663999,16.83535197132999,19.63733853127999,0.91276607784,0,0.64189349085,4.91816407334,6.27529440548,5.00000000165999,0.02744581371,1.00000000169999,0.00464037123,2.07795581583,4.21214902815,6.02744581509,7.31978787220999,0,0.91276607784,1506.8882727143,0.01111111112,8.94620401202999,16.73686937668
160065,MINSTERWORTH,The Severn Vale Deanery,Gloucester,425,419.256756758249,0.95720720625,2.871621623,1.9144144125,0,0,2.871621623,0,0,0,0.95720720625,0,0,0,0,0.95720720625,0.95720720625,0,0,399.155405409999,8.61486486475,5.74324324175,5.74324324175
160066,MITCHELDEAN AND ABENHALL,The Severn Vale Deanery,Gloucester,2548,2516.2136577506203,2.993039441199989,12.3772472756,16.41605551148,0,0,5.13997779106,1.68275141204,3.5747200929,1.9797979796,0.997679812299999,0,1.99535962889999,0.997446161579999,4.380539442,3.9747790504,7.0632908575,0,0,2497.37817361439,1.98473282279999,3.33060205992,13.52014925351
160067,NEWENT,The Severn Vale Deanery,Gloucester,5197,5094.40443313172,9.47557003259,29.72972358629989,58.3933501614699,4.99692307852,0,3.11214941574,9.01025640816999,17.6073177623899,0,5.00000000106,0.99999999936,3.47557003217,6.54648520958,34.33295807629,0.999999999,16.5139068765999,0,4.99692307852,4852.8287896501,8.35002494830999,25.9897991780299,207.23581935528
160068,NEWNHAM,"FOREST, SOUTH",Gloucester,1278,1249.0580082572098,1.78199052024,6.578617719539981,18.58138350070989,2.00000000067,0,4.54448243499999,1.98050139409999,0.05363389044,0,0.89099526012,0.89099526012,0,3.90563193729999,10.6649988759499,0.01075268816,3.9999999993,0,2.00000000067,1221.2342563779,1.02351214532,2.93387646303,23.8663632709599
160069,OXENHALL,The Severn Vale Deanery,Gloucester,186,183.79107097906999,0,0.7537153224499998,1.45213676828,0.00307692308,0,0.68620449552,0.01538461538,0.0521262115499999,0,0,0,0,0.06434316352,1.37856283553,0,0.00923076923,0,0.00307692308,180.6771412525,2.04938271566,0.0617407614599999,1.00280624945
160070,PAUNTLEY,The Severn Vale Deanery,Gloucester,214,213.06427888331,0.50162866446,0.102167182589999,0.33192527661000004,0,0,0,0.102167182589999,0,0,0,0,0.50162866446,0.00847457628,0.11064175887,0,0.21280894146,0,0,209.4556600994,0.00847457628,0.63095806767,2.96918613996
160071,PRESTON,The Severn Vale Deanery,Gloucester,175,173.17834159475998,0.04137931026,0.6485987782599999,1.13168031521,0,0,0,0.56584015756,0.0827586207,0,0,0.02068965513,0.02068965513,0.54515050243,0.04137931035,0,0.54515050243,0,0,165.5225396319,2.20129166159,1.14040242306999,4.3141078782
160072,REDMARLEY D'ABITOT,The Severn Vale Deanery,Gloucester,783,773.0213302400291,1.0940543753099998,3.95384615295,4.93076922830999,0,0,0,3.95384615295,0,0,0.07125307134,0,1.02280130397,0,1.99999999841999,0,2.93076922989,0,0,761.997609118399,0.976923075359999,1.07097744963,8.97582059663999
160074,TAYNTON,The Severn Vale Deanery,Gloucester,166,163.34703196842,0,0.7579908683,1.89497716825999,0,0,0,0,0.7579908683,0,0,0,0,0,0.37899543332,0,1.51598173493999,0,0,158.7990867636,0,0.37899543332,4.16894977149999
160075,TIBBERTON WITH RUDFORD,The Severn Vale Deanery,Gloucester,855,846.001701596479,0.007518797,2.00546993727,6.98530966345999,0,0,0,0,2.00546993727,0,0.007518797,0,0,1.96527777651999,0.0114155251,1.01503759388,3.99357876796,0,0,830.027935847099,3.93055555586999,6.96452747051,5.07868272299999
160076,UPLEADON,The Severn Vale Deanery,Gloucester,192,191.89583333709,0,0.0173611111,0.08680555555,0,0,0,0,0.0173611111,0,0,0,0,0.0347222222,0,0,0.05208333335,0,0,190.3324275384,0.06944444445,0.74698067712,0.74698067712
160077,WESTBURY ON SEVERN,The Severn Vale Deanery,Gloucester,1783,1763.87768715229,0.962816590219999,7.047995244349989,11.11150102853,0,0,2.04369420644999,2.01949860738,2.98480243052,0,0.962816590219999,0,0,0.96352551645,5.08659650766,2.0230907191,3.03828828532,0,0,1711.6467832643,1.36409320287,2.15425803017,48.71255265495
160081,BREAM,"FOREST, SOUTH",Gloucester,3190,3156.4784995416703,12.99395770757999,8.092887305849981,11.38447915504998,1.05017625608,0,1.99395770451999,0.0391061452599999,6.05982345606999,0,3.9999999998999902,5.0000000007,3.99395770698,1.25677709281,3.00000000028999,2.06645569488999,5.06124636706,1.00000000012,0.05017625596,3115.12843323629,4.00000000114,8.13295851148,29.2171077927599
160082,"ST. JOHN, CINDERFORD","FOREST, SOUTH",Gloucester,3751,3698.99143485877,4.75622035828,19.311642662199972,26.94070210819999,0.999999999799999,0,5.71075753859999,5.95975122319,6.55143290531999,1.08970099508999,4.56445028305,0.15330853671,0.03846153852,3.01670003685999,10.10298809466,1.09667211172,12.72434186496,0,0.999999999799999,3641.02214617019,6.03225806509,10.0054041028,41.93162652069
160088,"CHRIST CHURCH, FOREST OF DEAN","FOREST, SOUTH",Gloucester,2393,2371.0791997856595,3.9038293631,10.30254315462998,7.70793422647999,0.0064935065,0,3.84134615478999,2.05022831234,3.56962253499999,0.8413461525,0,0,3.9038293631,1.01298701198,1.00000000279,0,5.69494721170999,0,0.0064935065,2351.8024703877,2.00649350674999,4.49061404493999,12.77962184627
160089,DRYBROOK,"FOREST, SOUTH",Gloucester,3107,3077.80951307418,3.570512818689999,10.793336384849999,14.82663775984999,0,0,7.94161674705,2.22427812782,0.60723948978,0.0202020202,0.999999997989999,0.26923076908,2.30128205162,4.25276730542999,2.88998733836,0.84851421756,6.8353688985,0,0,3040.67354509339,1.28449794339999,3.13147990878999,32.7199901286
160090,PARKEND AND VINEY HILL,"FOREST, SOUTH",Gloucester,4127,4096.27441013327,3.00604229328999,9.15525684363999,17.62294992484999,0.94134078233,0,1.91663832406,0.94134078233,6.29727773724999,0,0,0,3.00604229328999,7.03242090796999,1.91059602798,2.18817204093,6.49176094797,0,0.94134078233,4049.8489601001,0.7526881719,8.14234140076999,37.5304204604999
160092,ENGLISH BICKNOR,"FOREST, SOUTH",Gloucester,533,528.6832085769299,1.42529411722,1.46620320816999,1.42529411722,0,0,0,0.44000000044,1.02620320772999,0,0.44000000044,0,0.98529411678,0,0,0,1.42529411722,0,0,523.1924082812,0,1.55429098246,3.93650931327
160093,HEWELSFIELD AND BROCKWEIR,"FOREST, SOUTH",Gloucester,541,532.537254083879,1.00259067323,3.0000000008,3.39742461995,1.06273062695,0,0,0,3.0000000008,0,1.00259067323,0,0,1.26937269291,0.00259067358,1.99999999886,0.1254612546,0,1.06273062695,518.619142315399,0,2.1280519266,11.79005984188
160094,LITTLEDEAN,"FOREST, SOUTH",Gloucester,1023,1004.7342810924399,1.9256781197600001,12.313847727539999,4.02619303844,0,0,6.91139240348,5.09584942236,0.3066059017,0,1.01428571528,0.91139240448,0,1.06827309342,1.13513513606,1.82278480896,0,0,0,980.6644921579,1.00000000099999,4.13954921637,18.9302397171699
160095,LYDBROOK,"FOREST, SOUTH",Gloucester,2059,2032.4863042744798,1.58618985274999,7.5559574743999995,16.37804191575999,0.9935064945,0,0,2.56000000021,4.99595747419,0,1.57186943615999,0,0.01432041659,2.98701298709,8.88461538302,2.92022369205,1.58618985359999,0,0.9935064945,2008.828430586,4.99350649392,8.48416057674999,10.1802066178099
160096,LYDNEY,"FOREST, SOUTH",Gloucester,8762,8671.78377470906,7.0281690111299895,22.014799870429997,44.17325641095978,17.00000000358,0,1.00000000116,6.02816901602,12.98663085391,1.99999999934,1.02816901542,2.99999999902,2.99999999668999,6.00000000208999,18.1993042598399,6.00000000125999,13.9739521477699,0.99999999856,16.00000000502,8532.87995572189,9.00000000072,38.84350906738,91.0603099190699
160102,RUARDEAN,"FOREST, SOUTH",Gloucester,2029,2011.4262884565098,3.7863501483100004,2.651026391849998,10.13633497517999,0.99999999921,0,0.434017595359999,1.21700879689,0.999999999599999,0,1.89317507505,0.99999999921,0.89317507405,1.43401759495999,0.11538461535,2.7949098375,5.79202292737,0.99999999921,0,1981.3652951988,0,10.45562928585,19.60536397186
160104,ST. BRIAVELS,"FOREST, SOUTH",Gloucester,1146,1128.43591022367,3.0280898899599995,1.0218880823,12.573404528240001,0.94070726916,0,0,1.00000000124,0.02188808106,0,2.0140449456,0,1.01404494436,2.70157007426,2.02352941093,2.00533333446,5.84297170859,0,0.94070726916,1115.0931254994,0.0140449438,3.89741453752,9.43132524294999
160105,TIDENHAM WITH BEACHLEY AND LANCAUT,"FOREST, SOUTH",Gloucester,5511,5320.870466290571,64.06476684092999,54.9999999949399,56.064766840639905,15.0000000029,0,6.99999999841,23.99999999957,17.9999999980399,5.99999999892,32.06476683917,15.00000000147,17.00000000029,17.00000000036,14.06476683786,15.0000000009799,10.00000000144,0,15.0000000029,5172.61139893119,4.00000000099,31.06476683959,113.1943005188
160110,"CINDERFORD, ST. STEPHEN","FOREST, SOUTH",Gloucester,6807,6662.95680967702,23.9212943800899,84.28039902130989,35.8414969644499,0,0,12.4234113707499,49.92647821017,19.02021043667,2.91029900371999,8.53026874217,10.7307692298999,4.66025640802,8.00000000302,10.69273433079,10.1743865462099,6.97437608443,0,0,6560.452985636,6.73076922682,16.05618161087,79.71687320333
160112,WOOLASTON WITH ALVINGTON AND AYLBURTON,"FOREST, SOUTH",Gloucester,2382,2341.64159903338,7.87638358658999,7.84510998361,21.65095234923989,2.98595505361999,0,0,1.97183098676,5.87327899685,0,6.89042853182999,0,0.98595505476,1.0000000006,17.6791213623999,0,2.97183098623999,0,2.98595505361999,2320.1503470133,0.98595505476,6.87638358752,13.6289133778
160113,BARNWOOD,GLOUCESTER CITY,Gloucester,13301,12542.30517191149,175.69642542617902,276.3061467351998,281.5576856733699,25.134570186159998,1.86734693949999,58.8021144577299,118.80336291587,67.833322422,29.0000000000999,39.56706905896,16.48057040899,119.648785958229,42.3922412982899,61.52571571769,21.00000000153,156.63972865586,11.28911564811,13.84545453805,12258.6262912117,2.00000000204999,63.22632036881,218.45256032893
160114,"ST. OSWALD, CONEY HILL",GLOUCESTER CITY,Gloucester,9152,8383.670358389398,247.3045661752799,207.2801958794998,298.1426430912499,15.6022364984,4.57522062940999,32.1496360137599,91.22876304847,62.5366051722299,16.78997101563,26.35558941763,47.2546192126699,173.69435754498,30.72427396656,35.9439837286799,13.68524859613,217.78913679988,7.71088435315,7.89135214525,8097.98701465039,0.97752808848,72.6798469576599,212.025968692869
160119,"ST. CATHERINE, GLOUCESTER",GLOUCESTER CITY,Gloucester,8882,7751.353433759708,243.0724110326389,626.913466295689,222.25486214399882,38.405826662639996,14.83080560996,36.7069434683599,379.378690132789,160.90972550303,35.08730158155,128.351122769069,28.35039653702,86.3708917265499,29.2505319489799,58.1910922903499,19.78500182652,115.028236078149,16.84299161368,21.56283504896,7202.2577470288,10.08631976763,108.205815442829,430.80355152045
160120,GLOUCESTER ST. GEORGE,GLOUCESTER CITY,Gloucester,9627,9054.75495783949,212.90505732449998,101.06362948185989,245.5998847854599,12.67647058697,5.36186770312,13.00000000171,47.4685052538799,27.12394140939,8.10931511376,36.87708857715,63.99999999722,112.02796875013,32.47743177779,23.7148088829499,11.00000000019,178.40764412453,4.99999999918,7.67647058779,8797.2200093863,1.43909348525,58.0048059440199,198.09104902392
160121,GLOUCESTER ST JAMES AND ALL SAINTS AND CHRIST CHURCH,GLOUCESTER CITY,Gloucester,11639,7339.53689235215,898.494937500329,2729.471260796709,584.3244700863281,87.17243933555001,270.90840076803,52.90280363962,1794.86474698339,357.13148102584,253.663828379829,293.60775561139,121.75975204874,483.127429840199,114.479861388349,100.07865402868,50.92343578138,318.842518887919,17.05585106687,70.11658826868,6124.0776723642,18.94734930171,91.59111055325,1104.92076013299
160127,"HEMPSTED WITH GLOUCESTER, ST MARY DE LODE AND ST MARY DE CRYPT",GLOUCESTER CITY,Gloucester,6869,6206.597301598188,176.26468758795,275.87849279073987,190.02764223626,20.23187581341999,35.83843979077,63.23960516456,76.9206042938599,61.09508901848,38.78475452307,96.30299575226,16.30275865242,63.65893318327,39.14544424246,30.78439705266,29.13111995565,90.96668098549,10.91275550792,9.31912030549999,5644.45061613109,47.6368838138,63.50181905834,451.007982594959
160128,HUCCLECOTE,GLOUCESTER CITY,Gloucester,7979,7642.058241512749,75.2800390757298,109.38455602104999,128.16230051724978,24.114862920809898,5.03875969199999,14.27340041638,42.60885074651,22.45579322535,25.00775194081,33.576664894589896,15.39990880328,26.3034653778599,24.9386746093099,39.2038922505899,6.39905629028999,57.62067736706,12.9603174599099,11.1545454609,7421.3627502817,6.37883383696,55.1489251198099,159.167732274279
160129,MATSON,GLOUCESTER CITY,Gloucester,6868,6225.080326354679,255.9244466461289,142.8722610435398,238.0074740050187,6.11549190319999,5.55743243161,26.2658662553799,41.0807736960699,48.44213652545,21.52605213503,93.1139285115799,26.8726535199,135.937864614649,27.9857640127999,20.4085024287599,20.9013238468599,168.711883716599,1.00000000152,5.11549190167999,6013.47926404979,3.00977198661,50.13351035912,158.457779959159
160130,"ST. BARNABAS, TUFFLEY",GLOUCESTER CITY,Gloucester,8223,7537.80993950603,230.96185365890892,149.60364394384962,284.9433069030088,19.68125587803,5.35830836622,22.8918602415499,44.8436259743999,36.1688939731399,40.3409553885399,43.7063490877899,41.99041626945,145.265088301669,44.7511813596299,24.35588308704,20.1617016550399,195.674540801299,6.64809384352,13.03316203451,7249.2442297049,17.08579456498,60.0931067555999,211.38680848055
160132,WOTTON ST. MARY WITHOUT,GLOUCESTER CITY,Gloucester,13417,12811.22260976254,99.6922455467398,266.22656757204993,208.6087479659987,31.2498290798198,16.00000000486,25.30523934782,128.41331039168,40.5024416153599,56.00557621233,26.5449031518899,21.52631578568,51.6210266091699,33.7448357574299,49.4950066677099,14.0954279727899,111.273477568069,18.2442528729199,13.0055762068999,12502.7627784865,15.4850200137299,109.59013643973,183.38467482258
160133,ASHLEWORTH,The Severn Vale Deanery,Gloucester,556,547.81079287161,0.0362694300499999,0.95873015734,7.1579381056599996,0.0362694300499999,0,0.95873015734,0,0,0,0,0,0.0362694300499999,0.95873015734,0.994999587389999,0,5.20420836093,0,0.0362694300499999,538.4045169943,0,1.03126901743999,8.37500685987
160134,BROCKWORTH,The Severn Vale Deanery,Gloucester,7121,6861.2314376859085,42.970882950059796,103.99820595128989,94.8065908457498,17.99288256232999,10.2118863050399,21.49033816502,55.47495653066,11.98576512518,4.83525982539,22.2932458677799,10.8423772617199,9.83525982056,14.85114919478,20.6654308517699,9.30424567659999,49.9857651225999,9.00000000163999,8.99288256069,6578.7198725152,18.3115380299799,51.97852236973,212.221504770999
160136,CHURCHDOWN,The Severn Vale Deanery,Gloucester,4153,4059.81294734274,18.23671497356,32.55059965510989,37.3789530578699,5.02078496453999,0,3.15395726635999,14.3610426122499,12.03559977814,2.99999999836,13.23671497519,1.99999999872,2.99999999965,1.01791044716,18.24268512531,5.11835748711,12.9999999982899,3.01481481452,2.00597015001999,3974.5535006224,2.74596582092,27.30526113179,55.2082197676299
160137,ST. JOHN THE EVANGLEIST CHURCHDOWN AND INNSWORTH,The Severn Vale Deanery,Gloucester,9342,8966.40927418912,77.9433318376698,139.8438676090798,132.8298875200599,24.97363882906999,7.00000000171999,23.9486345566599,48.94756144732,52.9532478095699,6.99442379380999,29.98141263609,19.9999999984999,27.9619192030799,36.97279587809,27.99031237154,9.99628252366,57.8704967467699,1.98518518515999,22.98845364391,8501.26203415169,22.77753922199,74.88645317336,367.483247642079
160138,CORSE,The Severn Vale Deanery,Gloucester,546,542.49310611361,0.772020725349999,0.21484496075,1.7480074563799979,0.772020725349999,0,0,0.02272727275,0.192117688,0,0,0,0.772020725349999,0.0679886685599999,0.907998062469999,0,0.772020725349999,0,0.772020725349999,530.2867297288,0.00364963504,4.47694917621,7.72577757356
160139,DOWN HATHERLEY,The Severn Vale Deanery,Gloucester,637,629.177993527389,0,6.411003232380001,1.41100323638,0,0,0.7055016171,0,5.70550161528,0,0,0,0,0,1.41100323638,0,0,0,0,614.944983817699,0,0,14.23300970969
160140,WITCOMBE WITH BENTHAM,The Severn Vale Deanery,Gloucester,994,974.40703292963,0.903506250669999,8.988131070769997,9.08862225247998,0.612707499419999,0.631429854979999,1.41403162095,6.91614932302,0.01423487544,0.01228539638,0.07761133638,0.00516795866,0.820726955629999,0.97885216868,1.42436753826999,0.03363770954,6.65176483598999,0,0.612707499419999,943.4628980229,1.83744202167,5.40404413872,23.7026487463399
160142,HARTPURY,The Severn Vale Deanery,Gloucester,1647,1587.93060945203,16.06453289616999,22.77702841554998,17.211605480359978,3.01622371746999,0,17.79972394736,1.00000000276999,3.94385964931999,0.0334448161,13.03344481439,1.00000000276999,2.03108807901,0.04126984121,3.10580273908999,5.03344482051999,9.03108807954,0.95169082236,2.06453289510999,1547.8485867996,2.99999999888,4.07454655390999,33.00747609964
160143,HASFIELD,The Severn Vale Deanery,Gloucester,120,118.96271884967,0.04663212435,0.014018691599999999,0.92999821501,0.04663212435,0,0.0093457944,0,0.0046728972,0,0,0,0.04663212435,0,0.04663212435,0,0.88336609066,0,0.04663212435,116.2892560928,0,0.0932642487,2.58019850817
160144,LEIGH AND EVINGTON,The Severn Vale Deanery,Gloucester,362,354.85752832093004,0,5.7322385011399994,1.41023316382,0,0,0.57212337608,1.15555931701,0.00455580866,3.99999999939,0,0,0,0.11278195485,0.15555931792,0.14189189196,0.99999999909,0,0,325.2077097073,12.39864864618,0.11733776351,17.13383220394
160145,MAISEMORE,The Severn Vale Deanery,Gloucester,468,454.87736901742,0.96655518529,6.2081010790099995,4.93311037084999,1.01486436409,0,0.2415458938,0,1.00000000062,4.96655518459,0.96655518529,0,0,0,3.96655518555999,0.96655518529,0,0.0483091788,0.96655518529,445.6878483913,0,1.01486436409,8.17465626203
160146,NORTON,The Severn Vale Deanery,Gloucester,433,425.10933941387003,0,4.93166287012,2.95899772034,0,0,0.98633257489,2.95899772034,0.98633257489,0,0,0,0,0,2.95899772034,0,0,0,0,422.1503416892,0,0.98633257489,1.97266514978
160149,SANDHURST,The Severn Vale Deanery,Gloucester,587,584.31920698435,0,0.8495081204299999,1.8312848865999998,0,0,0.51856326974,0.02733485192,0.30360999877,0,0,0,0,0,0.61633161573,0,1.21495327087,0,0,562.7117977272,9.44859813179999,2.2240648893,9.93474623605
160150,STAUNTON,The Severn Vale Deanery,Gloucester,799,792.305039892019,0.0155440414499999,3.83674993771999,2.8271220774300003,0.0155440414499999,0,0,1.97272727469999,1.86402266302,0,0,0,0.0155440414499999,0.93201133151,1.87956670447,0,0.0155440414499999,0,0.0155440414499999,780.827718825499,0.04014598544,2.24132957718,9.1958455039
160151,TIRLEY,The Severn Vale Deanery,Gloucester,426,422.02138317015897,0,2.971962619199989,1.006654206399999,0,0,1.98130841279999,0,0.990654206399999,0,0,0,0,0.016,0,0,0.990654206399999,0,0,414.064149523199,0,0,7.95723364696
160153,UPTON ST. LEONARDS,GLOUCESTER CITY,Gloucester,2296,2214.8570287823395,12.00313768601,29.75230711835999,36.602620894,2.78490547291999,4.72351421101,5.99999999725,11.88409006885,6.99999999876999,0.14470284248,5.69785898635,1.14470284166,5.160575858,11.15263934963,6.30527870108,3.14470284227,16.00000000102,1.91229400679999,0.87261146612,2137.9690192518,1.57881136853999,11.0079365092699,64.3012616527299
160154,ACTON TURVILLE,Wotton,Gloucester,371,364.00000001070003,0.999999998999999,3.0000000007,3.000000000699999,0,0,0,3.0000000007,0,0,0,0,0.999999998999999,2.0000000017,0,0.999999998999999,0,0,0,359.9778597896,0,0,4.0221402211
160155,ALDERLEY,Wotton,Gloucester,193,185.01690865556,0.52706552725,1.58119658175,5.874829233430001,0,0,0,0.52706552725,1.0541310545,0,0.52706552725,0,0,1.0734081629,2.16609343428,2.63532763625,0,0,0,180.17693337,0,1.0541310545,3.78584423106
160157,BADMINTON WITH LITTLE BADMINTON,Wotton,Gloucester,300,299.43014705855,0,0.11397058829,0.34191176456,0.11397058829,0,0,0,0.11397058829,0,0,0,0,0,0.34191176456,0,0,0,0.11397058829,293.0185451491,0,0,6.41160190944999
160159,CHARFIELD,Wotton,Gloucester,2536,2502.0262295086404,2.0000000001,17.973770492,12.00000000211,2.00000000017999,0,0,7.9999999985,9.9737704935,0,0,0,2.0000000001,2.99999999924,5.00000000119,1.0000000008,3.00000000088,0,2.00000000017999,2467.98443180709,0,9.97377049276999,24.06802720878
160160,CHIPPING SODBURY,Wotton,Gloucester,4681,4585.53088405689,4.99999999986,42.97970400162999,43.2955916827399,4.193820227050001,4.10891089095,5.97687861212999,22.61668677418,9.27722772436,1.00000000001,0,1.00000000115,3.99999999871,6.99999999991,13.2309849461899,0,23.06460673664,1.0000000008,3.19382022625,4495.5423380953,4.06460673939,23.39147745213,62.53246177007
160161,CROMHALL,Wotton,Gloucester,1265,1140.31044725711,63.55831871976,34.36928265026,22.696817269059988,4.06513409954,4,0.229702970319999,10.02472819478,2,18.11485148516,26.11485148516,12.95933309918,24.48413413542,2.05742574295999,4.0651341003,0,16.5742574258,0,4.06513409954,1094.7072986884,5.1890360695,9.53995675378,30.87415574543
160162,FALFIELD,Wotton,Gloucester,733,700.58552608992,10.81188118919999,6.460692721719979,15.064409214060001,0.0774907749,0,3.60396039639999,0.900990099099999,0.15376202802,1.80198019819999,1.80198019819999,0.900990099099999,8.1089108919,1.952162806,2.0511727085300002,0,11.06107369953,0.0774907749,0,672.208918431,4.5049504955,8.45711330219,15.41454386123
160163,HAWKESBURY,Wotton,Gloucester,1234,1218.55002531754,2.00000000143999,3.89949580118,5.6681259483,3.88235294,0,0.00571428572,0,3.89378151546,0,0,2.00000000143999,0,0.00812392427,5.66000202403,0,0,0,3.88235294,1202.94570821459,0,3.00571428816,12.59860281479
160165,HILLESLEY,Wotton,Gloucester,512,500.0200244213989,0.4672364674,4.38456654456,7.12817257196,0,0,0.99428571528,0.4672364674,2.92304436188,0,0.4672364674,0,0,1.92875865008,2.86323158488,2.336182337,0,0,0,484.877753358799,0,1.92875865008,13.2135124125199
160166,HORTON,Wotton,Gloucester,373,368.915064586169,0,0.53097345135,2.542467705309999,1.01149425341,0,0.53097345135,0,0,0,0,0,0,1.00000000055,0.409724341409999,0,1.13274336335,0,1.01149425341,361.777133551399,0,1.03448275916,6.10344827561
160167,LITTLE SODBURY,Wotton,Gloucester,104,97.8407079625999,0,3.07964601783,3.07964601782999,0,0,3.07964601783,0,0,0,0,0,0,0,2.30973451358999,0,0.76991150424,0,0,97.3421742381999,0,0.0997067448799999,0.398826979519999
160168,OLDBURY-ON-SEVERN WITH SHEPPERDINE,Wotton,Gloucester,626,618.136258667349,0,2.6212471123,4.62124711202,0.62124711258,0,0,0.62124711258,1.99999999972,0,0,0,0,0,1.99999999972,0,2.6212471123,0,0.62124711258,611.408775989599,0,0.62124711258,6.10623556516999
160170,OLD SODBURY,Wotton,Gloucester,632,627.1576701557689,0,1.46357841969,3.3450435589900005,0.0337078651599999,0,1.36703587781,0.07930116256,0.01724137932,0,0,0,0,0.00862068966,1.27547109191,0,2.06095177742,0,0.0337078651599999,615.182321789799,0.0198566447,3.75477985246999,8.20071186879999
160171,RANGEWORTHY,Wotton,Gloucester,651,644.90181523068,0.05011138822,1.0790894196599998,3.85882352864,1.11016042759999,0,0,0.10786887952,0.96470588216,0.00651465798,0,0.03269754768,0.01741384054,0,3.85882352864,0,0,0,1.11016042759999,639.0415208632,0.03269754768,0.04848484848,5.77911197131999
160172,ROCKHAMPTON,Wotton,Gloucester,153,152.07831324621,0,0.92168674767,0,0,0,0,0,0.92168674767,0,0,0,0,0,0,0,0,0,0,150.2349397524,0,0,1.84337349381
160173,THORNBURY,Wotton,Gloucester,12357,12061.417777980212,24.923489994249998,138.09701454204,118.89398494375001,13.66773248162999,8.00000000051,25.16633663058,56.40417076678,44.44333882992,4.08316831424999,15.61371494606,4.04158415739,5.2681908908,28.04158415702,34.03287671328,20.99999999799,35.81952407546,7.30514587944,6.36258660218999,11693.7273454197,4.20792079246999,81.8093165952699,281.67319517277
160175,TORTWORTH,Wotton,Gloucester,150,149.9751243837,0,0,0.0248756219,0,0,0,0,0,0,0,0,0,0,0,0,0.0248756219,0,0,145.018275973,0,0.0248756219,4.9319727888
160176,TYTHERINGTON,Wotton,Gloucester,649,638.64443282978,1.018700310679999,0.953305215319999,8.383561645,0,0,0,0.02179836512,0.931506850199999,0,0,0.06539509536,0.953305215319999,0,3.7260273974,0,4.6575342476,0,0,625.9743943875,0.06539509536,5.5890410944,7.01560225252
160177,WICKWAR,Wotton,Gloucester,1994,1966.90225877757,5.98694517018,4.233307829439999,8.97534369812999,7.902144499749999,0.99738903492,1.00000000098,0.21238938054,2.023529413,0,4.98955613526,0,0.99738903492,0.9999999994,4.97534369931,1.9999999988,1.00000000061999,2.9973890353,4.90475546445,1937.5671317717,0.05309734512,6.74726188736,22.53476777339
160178,AMBERLEY,The Stroud Deanery,Gloucester,1200,1189.3738117184498,0.49939043613,4.14267277429998,5.80485501822999,0.17927006832999992,0.38709677408,0.69026424809,1.43954487927999,1.62576687284999,0,0.15644171766,0,0.34294871847,1.23113635901,3.45093216481999,0.63013368337,0.49265281103,0.15644171766,0.0228283506699999,1150.4545063222,0,6.04140303887999,32.87790235737
160179,ARLINGHAM,The Stroud Deanery,Gloucester,428,420.627451001549,0,1.84313725280999,5.52941176265998,0,0,0,1.84313725280999,0,0,0,0,0,3.68627450984999,1.84313725280999,0,0,0,0,416.830065380599,0,3.7418300654,0.05555555555
160180,BRIMSCOMBE,The Stroud Deanery,Gloucester,2383,2345.87583623193,1.1040773431400002,13.98651014248999,19.281383343569992,2.75219294501,0.15646258507,0.33221212536,3.59854744084,8.35574444665,1.54354354456999,1.00547945192,0,0.09859789122,6.29053375949,7.07090561521,2.1214316346,3.79851233426999,0,2.75219294501,2267.81073953199,1.3633418891,14.41218533471,62.2895694761299
160182,ST. MATTHEW CAINSCROSS,The Stroud Deanery,Gloucester,7760,7595.984910798999,17.50006233488999,47.13603883676979,89.7190130925199,9.659974939640001,2.84134615577,13.90252142593,10.9154401359399,17.4767311168899,2.00000000223999,6.93924873053999,0.996805112159999,9.56400849219,19.01464018749,36.23152621141,8.78679637044999,25.6860503231699,2.00000000134,7.6599749383,7363.56029995299,8.60239780373999,43.70232308297,180.119889959299
160183,EASTINGTON,The Stroud Deanery,Gloucester,1571,1545.9601565883997,0.01111111112,12.023176705499981,12.00000000049999,1.00555555428,0,4.0176211473,3.00555555699999,5.00000000119999,0,0,0,0.01111111112,6.99999999874,3.000000002,0.99999999872,1.00000000103999,0.99999999872,0.00555555556,1499.84197254729,0,3.01111111032,43.1070729307899
160184,ELMORE,GLOUCESTER CITY,Gloucester,224,222.86458557558,0.0045045045,0.15386439072,0.009009009,0.9680365306,0.1403508772,0.01351351352,0,0,0,0.0045045045,0,0,0,0,0.0045045045,0.0045045045,0,0.9680365306,210.1153406552,0.0405405405399999,2.9311366167,9.77756776314
160185,FRAMPTON-ON-SEVERN,The Stroud Deanery,Gloucester,1428,1409.05452195519,1.96111111267999,3.980555557359989,11.01744186297,1.9863695097399998,0,0,0.980555556339999,3.00000000101999,0,0,0,1.96111111267999,3.01162790847,6.0058139547,0,1.9999999998,0.0058139535,1.98055555624,1381.12667957799,0,2.97273901954999,24.95510335765
160186,FROCESTER,The Stroud Deanery,Gloucester,155,154.0000000005,0.999999999499999,0,0,0,0,0,0,0,0,0,0.999999999499999,0,0,0,0,0,0,0,154.0000000005,0,0,0
160187,HARDWICKE,GLOUCESTER CITY,Gloucester,7689,7396.30883161757,83.4893353520299,68.3646714857998,127.8233693699198,13.01379223954999,4.91647455228,18.4493590555499,14.87016742598,19.414971925,10.7136985269899,42.8281715268,7.2220724611,33.4390913641299,23.23146873538,22.19034130056,14.0165694910999,68.3849898428799,9.8119403,3.20185193954999,7065.78079255199,8.99999999954,25.99418472137,295.53385434467
160188,HARESFIELD,The Stroud Deanery,Gloucester,350,346.12361451099997,1.90139879581,0.04119923669,1.93378745981,0,0,0.04119923669,0,0,0,0,0.032388664,1.86901013181,0.06477732792,0.032388664,0,1.83662146789,0,0,330.9051652281,0,1.90139879581,13.31705048709
160191,LONGNEY,GLOUCESTER CITY,Gloucester,187,184.375438592619,0,2.62456140364,0,0,2.62456140364,0,0,0,0,0,0,0,0,0,0,0,0,0,183.063157890799,0,0,1.31228070182
160192,MINCHINHAMPTON WITH BOX,The Stroud Deanery,Gloucester,3032,2987.70675395746,2.77404863192,16.59076366113,21.60710839351999,3.32132534203,0,0.90250494851,2.63673918377,12.59506307209,0.45645645676,0,0,2.77404863192,5.85954621665,5.41291836636,3.23041163297999,7.10423217753,0,3.32132534203,2921.9704437034,0.2777777775,17.4453379447499,48.01319453181
160194,MORETON VALENCE,The Stroud Deanery,Gloucester,195,190.578642601609,0.15343915341,2.12772413104,2.14019411991,0,0,0.14096916304,0.993377484,0.993377484,0,0,0,0.15343915341,0,1.9867549665,0,0.15343915341,0,0,186.730013174099,0,0.15343915341,3.69519027409999
160195,QUEDGELEY,GLOUCESTER CITY,Gloucester,12968,12149.107160545549,223.30857257942,217.7461948585198,353.49637128470886,24.3417006401,11.8167664382999,51.5299308832499,77.06224656395,51.4660208567,25.87123011632,116.38984858442,27.77792754387,79.14079645113,63.78388154677,61.0252545997599,46.09756094075,182.589674197429,10.18805970203,14.15364093807,11639.7903096806,18.95689156032,38.27165710318,452.08830220145
160196,RODBOROUGH,The Stroud Deanery,Gloucester,4839,4712.95495215769,14.16754645240999,25.418866172169988,75.48038015649979,10.978255041109989,0.15865384623,4.51931818738999,9.82400529844,10.45897638179,0.45791245832,6.78331793097999,3.20870343943,4.175525082,22.38283305661,23.2195507413699,15.5852677909299,14.29272856759,6.84355828189999,4.13469675921,4559.9452124062,1.27647862051,26.76184556715,124.97141556383
160197,SAUL,The Stroud Deanery,Gloucester,470,467.89206771265,0.529244053519999,0.51535516462,1.03781627238,0.0255167958999999,0,0,0.0138888888999999,0.50146627572,0,0,0,0.529244053519999,0.02325581394,0.011627907,0,1.00293255144,0.011627907,0.0138888888999999,459.2610734114,0,3.25103359141999,5.37996070983
160198,FRAMILODE,The Stroud Deanery,Gloucester,291,287.19561397743,0.4985337244,1.8774122932699893,1.428439997659999,0,1.23508771935999,0,0.143790849509999,0.4985337244,0,0,0,0.4985337244,0.28758169935,0.143790849509999,0,0.9970674488,0,0,284.2963535208,0,0.28758169935,2.61167875728
160199,FRETHERNE,The Stroud Deanery,Gloucester,70,69.94771241979001,0,0.01307189541,0.03921568626,0,0,0,0.01307189541,0,0,0,0,0,0.02614379085,0.01307189541,0,0,0,0,68.4326797402,0,0.77058823522,0.74444444437
160200,ALL SAINTS SELSLEY,The Stroud Deanery,Gloucester,778,756.73292250187,1.07838951176,4.81101674458,15.37767122882,0,0,1.21741935497,1.77520787748,1.27630196956,0.54208754257,0.70838951213,0,0.36999999963,5.38594004635,4.29742659819,1.97202797118,3.7222766131,0,0,736.4955514675,0.33260393836,3.85118252139,16.05358457462
160201,STANDISH,The Stroud Deanery,Gloucester,219,216.91747302628997,0.01587301587,1.9053263922399999,0.16132756131,0,0,1.83259911952,0.07272727272,0,0,0,0,0.01587301587,0.04848484848,0.09696969696,0,0.01587301587,0,0,208.3740958949,0,0.04011544011,8.50326169128
160202,STONEHOUSE,The Stroud Deanery,Gloucester,7738,7509.72156017001,25.99999999858,95.140110565,100.13832923799981,6.99999999825998,0.999999999119999,32.14189189124,22.92727272561,37.07094594707,2.00000000196,16.99999999888,0.999999999119999,8.00000000058,22.95151515426,37.1158681426999,11.0000000032999,29.07094593774,2.00000000249999,4.99999999575999,7278.1817976833,3.99999999714999,28.18859541446,199.3511670751
160203,WHITMINSTER,The Stroud Deanery,Gloucester,872,865.069767483469,1.00000000095,0,4.94767442133,0.9825581415,0,0,0,0,0,0,0,1.00000000095,1.96511627793,1.98255814245,0,1.00000000095,0.9825581415,0,848.261627945199,0,2.96511627887999,13.84302325939
160204,WOODCHESTER,The Stroud Deanery,Gloucester,1055,1047.86441592921,0.04867256636,1.0568157292,4.5716342097,1.45846153755,0,0.0148148148,0,0.99332834804,0.04867256636,0,0,0.04867256636,2.01860807475,2.35465241495,0.06961497472,0.12875874528,0,1.45846153755,1014.44544244719,0,8.89118831233,24.52778516969
160205,ASHCHURCH,TEWKESBURY and WINCHCOMBE,Gloucester,7863,7692.2827254672,21.972881356069998,69.2565040147598,69.50531073834,9.98257839956,14.0000000003699,4.99999999821,23.8663792635199,23.39012475337,2.99999999929,10.9999999968,1.00000000074,9.97288135853,17.97288135689,19.00000000486,0.999999998099999,31.53242937849,0,9.98257839956,7405.0112546591,36.938271609,35.4484248032499,214.88477439585
160208,BISHOPS CLEEVE,TEWKESBURY and WINCHCOMBE,Gloucester,14358,13965.08865861208,29.99999999366989,223.97908078293,127.77841450167999,11.153846154439899,7.15384615291999,18.10728590897,131.99999999733,56.7179487223,10.00000000141,11.9999999992999,2.99999999920999,14.99999999516,27.43589743109,60.22834471719,7.99999999721,32.11417235619,0.3589743591,10.7948717953399,13547.3731012285,39.0372492829399,83.38951689103,295.28879120961
160211,CHACELEY,TEWKESBURY and WINCHCOMBE,Gloucester,198,196.76029542174,0,0.014018691599999999,1.22568588445,0,0,0.0093457944,0,0.0046728972,0,0,0,0,0.984,0,0,0.24168588445,0,0,192.1477693866,0,0.23701298725,4.37551304789
160212,DEERHURST WITH APPERLEY,TEWKESBURY and WINCHCOMBE,Gloucester,897,885.9054054267591,0,1.0675675682799999,9.02702702901,1.00000000031,0,0.0540540540399999,0.01351351352,1.00000000072,0,0,0,0,3.00000000093,0.01351351352,0.01351351352,6.00000000104,0,1.00000000031,867.815365949099,0.4189189188,2.90449438298,14.76662617588
160214,FORTHAMPTON,TEWKESBURY and WINCHCOMBE,Gloucester,231,228.40299612246,0.0482456141199999,1.0964912275999996,1.40402141665,0.0482456141199999,0,0.99999999936,0,0.0482456141199999,0.0482456141199999,0,0.0482456141199999,0,0.99999999936,0.19298245604,0,0.21103896125,0,0.0482456141199999,216.4543745682,0,4.50051264585,7.44810890841
160215,KEMERTON,TEWKESBURY and WINCHCOMBE,Gloucester,376,373.08421051226895,0.0105263157899999,0,0,2.90526315711999,0,0,0,0,0,0,0.0105263157899999,0,0,0,0,0,0,2.90526315711999,366.105263144699,0,1.0105263156,5.96842105196999
160216,HOLY TRINITY TEWKESBURY,TEWKESBURY and WINCHCOMBE,Gloucester,3498,3440.5000430550003,3.3058686147,26.819308089379998,26.78189562239988,0.59288465025,0.04166666668,5.96258503116,10.02948191372,10.78557447782,0,3.3058686147,0,0,4.98006644393,10.0053841011599,2.15789473529999,9.63855034200999,0,0.59288465025,3317.9277969403,5.59416398064,27.1723583935899,89.80572374047
160217,TEWKESBURY WITH WALTON CARDIFF,TEWKESBURY and WINCHCOMBE,Gloucester,8959,8746.336193975927,21.74085786945999,80.9269547000097,98.6084935173199,11.38749990861,15.95833333353,17.0423169278999,25.1286486319999,22.7976558065799,0,12.70883726693,1.99999999964,7.03202060288999,22.96284848831,33.9846491178099,7.84210526111,33.81889065009,0.999999999179999,10.38749990943,8373.06803581039,22.4058360168,41.45224709382,309.410075054919
160219,TREDINGTON WITH STOKE ORCHARD AND HARDWICKE,TEWKESBURY and WINCHCOMBE,Gloucester,585,573.4527026899499,0,3.5337837814499995,8.0135135127,0,0,2.0270270265,0.506756757,0.99999999795,0,0,0,0,0,4.5067567575,0.506756757,2.9999999982,0,0,543.168918912,17.70945945525,0.99999999795,11.5743243247499
160221,TWYNING,TEWKESBURY and WINCHCOMBE,Gloucester,1550,1526.0881615609198,0,6.84658879176998,15.028212622639991,2.03703703804,0,1.96083551055999,2.9216710174,1.96408226380999,0,0,0,0,6.00223859684999,8.01298701188,0.00324675325,1.0097402606600001,0,2.03703703804,1463.8734676861,25.6866840745599,1.96083551055999,34.5671742896999
160222,WOOLSTONE WITH GOTHERINGTON AND OXENTON,TEWKESBURY and WINCHCOMBE,Gloucester,1144,1119.1489971607998,0,15.96275071317999,8.88825214774999,0,0.99999999899,5.96275071462999,6.99999999995,1.99999999961,0,0,0,0,2.99999999861,4.92550143377999,0,0.962750715359999,0,0,1101.2607450081,1.96275071625,5.92550143516,10.00000000129
160224,BADGEWORTH,The Severn Vale Deanery,Gloucester,417,413.982687821129,0.19155844175,0.3831168835,1.79599375801999,0.6466431087,0,0.19155844175,0.19155844175,0,0,0,0,0.19155844175,0,0.19155844175,0,1.60443531626999,0,0.6466431087,404.642857630099,1.29328621923,4.06330961962,3.98323435217999
160225,HOLY APOSTLES CHARLTON KINGS,CHELTENHAM,Gloucester,3414,3264.76459089896,9.2592431146,65.2548950429498,59.8549353810599,14.86633554684,4.83259911993,17.25911241396,24.3872028840799,14.7759806256099,3.99999999936999,6.35563357471,0,2.90360953989,12.72830325963,29.1593988911899,7.39016439931,10.57706883093,4.73171768876,10.13461785808,3125.905275565,0,33.1117629743299,105.74755235963
160226,CHARLTON KINGS,CHELTENHAM,Gloucester,9896,9602.538090570279,33.05321419688,136.55602517560982,106.7933813906098,17.05928869681999,9.90572390698999,32.2672211617499,44.1273179883999,46.1703962671,4.08536585137,19.40937875945,5.00000000145,8.64383543598,21.72070799089,48.0047890158499,6.04166666575,31.0262177181199,6.14583333523999,10.91345536158,9247.02106791079,0,101.55696612367,253.960056535819
160227,CHRIST CHURCH CHELTENHAM,CHELTENHAM,Gloucester,5946,5497.881256191429,50.2939966485499,246.37592096195,118.8444791144498,32.604347062580004,27.44395907849,52.33111539555,105.61993422183,56.09613796807,4.88477429801,40.6225645598899,1.10317460225,8.56825748641,21.7286181931199,37.75097439429,35.87273790912,23.4921486179199,17.92203747993,14.68230958265,5050.2882763687,0,52.87897258043,394.714007242299
160228,CHELTENHAM EMMANUEL,CHELTENHAM,Gloucester,3359,3244.595552005249,5.10897630507,56.880575483719795,44.846029147549984,7.56886706706,0.84528301984,15.5897896397699,25.49288185197,12.3702435653599,2.58237740678,1.95822704784,0,3.15074925723,9.91066893113,22.59484654508,3.57083336178,8.76968030955999,2.50588426914,5.06298279792,3097.8548774429,1.52207860014,30.01563747584,115.202958486369
160229,CHELTENHAM HOLY TRINITY,CHELTENHAM,Gloucester,1845,1712.4746162465897,23.69406457148,72.4326432998399,31.36344915254979,5.03522675757999,3.75663716898,14.80174280058,35.6827157881699,15.20986969145,2.98167785065999,20.15414517986,1.34033613412,2.1995832575,10.8019099691399,11.8750990123199,5.47333000384999,3.21311016724,3.87097555054999,1.16425120703,1518.4159557872,2.20721925137999,15.6191645399499,176.23227666806
160230,"ST. LUKE AND ST. JOHN, CHELTENHAM",CHELTENHAM,Gloucester,6935,6400.99354561878,55.840197289939894,286.5974953855399,157.22056764972962,34.3481940619699,8.98980302239999,63.2635071578,98.9277955415399,101.69808722644,13.71830243736,36.0014698884699,6.39534883640999,13.44337856506,38.8373831814699,60.8081721177099,26.4727573652399,31.1022549853099,20.7325068893699,13.6156871726,5766.5359098087,3.34724287912,97.65287479616,533.4575181348
160231,WEST CHELTENHAM,CHELTENHAM,Gloucester,27217,25680.477663077352,184.90213943481902,797.4593716762378,469.18271447167797,84.9781113473299,82.31623573099,115.42835540795,357.826053269889,201.905619160979,39.9831081064299,140.816649608879,10.21596477699,33.86952504895,103.08711866613,146.152912075209,57.9241052703699,162.018578459969,42.07766990136,42.9004414459699,24087.0330832368,20.4656061301899,227.870530369499,1345.10844334086
160235,CHELTENHAM ST MARY WITH ST MATTHEW,CHELTENHAM,Gloucester,4202,3582.62886869798,79.27978261669988,386.0560443269199,135.62303177200968,18.4122724907899,33.83389098478,146.38615554457,95.3442313036499,93.44647219164,17.04529430228,71.2907370593799,4.84691852144999,3.14212703586999,37.8519464791999,50.95917253588,23.4727154090199,23.3391973479099,10.3802881003699,8.03198439042,3098.69384325299,2.00000000024,47.11319036951,434.82183507524
160237,"ST. MICHAEL, CHELTENHAM",CHELTENHAM,Gloucester,5447,5137.283162012779,34.57682417956988,158.15805414375978,103.2489687678699,13.73299090546999,3.9408383824,26.81130774533,77.5033665441399,44.1291039727299,5.77343749916,29.8130562510699,3.38671874952,1.37704917897999,27.15259778933,27.42076886789,14.7001984155199,33.97540369513,5.54687499792999,8.18611590754,4844.4022671734,3.93154761964,52.4554658467399,236.493881373
160238,ST. PAUL CHELTENHAM,CHELTENHAM,Gloucester,5247,4738.4066484829,60.42656636476988,287.1841009330688,127.6145358316798,33.36814834053,53.0000000053299,54.65802299344,117.440125862959,48.9451768485399,13.1407752228,43.2913573717899,8.68292683185,8.45228216112999,31.0942894220299,40.01481748956,18.56745610883,37.9379728112599,10.255434781630001,23.1127135589,4150.7471332888,14.0568181840699,46.26274390939,527.33995310064
160240,CHELTENHAM ST. STEPHEN,CHELTENHAM,Gloucester,1943,1870.9829633745298,7.4220319231,42.91037465671,21.07268975063,0.61194029792,0.70022883312,17.59487833862,15.98318827938,6.49066506366999,2.14141414192,3.1707349216,1.94397876218,2.30731823932,6.29157571678,4.53911313064,2.16507031212,8.0769305910900009,0,0.61194029792,1755.0650718487,0,18.17021264695,97.74767887888
160241,ELMSTONE HARDWICKE WITH UCKINGTON,CHELTENHAM,Gloucester,696,681.8103566692599,0,7.719802942619979,4.5244852066700005,1.94535518972,1.9453551915,2.34279570190999,1.40664275463999,1.93117551439,0.0938337801799999,0,0,0,3.84880953067,0.337837838,0.337837838,0,0.97267759486,0.97267759486,621.484014851,15.31988773348,4.91073382855,40.09572025623
160242,LECKHAMPTON,CHELTENHAM,Gloucester,3979,3860.83362786408,5.79196158041,62.604014897939805,48.19743047348989,1.57296513327999,0,10.29726898183,31.4054477480499,13.4999615841799,7.40133658388,1.79216867295,0.99999999918,2.99979290828,17.19174569433,12.8049822781999,10.46571391895,7.73498858200999,0,1.57296513327999,3724.20532707909,0,21.5536369018899,115.0746638831
160243,ST. PHILIP AND ST. JAMES LECKHAMPTON WITH ST. JAMES CHELTENHAM,CHELTENHAM,Gloucester,10016,9571.14452647895,58.3545539566298,239.9317194183198,134.8766258574899,11.69257424918,20.44214246593,77.1588343656899,60.58349807084,73.4136208554899,8.33362366037,31.4133024407,12.4915699689299,14.4496815469999,44.54286032398,40.1734880843,18.2101229361199,31.95015451309,5.17091130971,6.52166293947,9079.1948118346,0.15471698131,114.09586520578,377.69913245726
160245,ALL SAINTS  PITTVILLE,CHELTENHAM,Gloucester,3051,2844.8139254077496,20.47685616606,122.7680220126198,45.088922611139886,17.85227383365,14.93443389818,18.12188699896,61.21873874938,16.5935793937699,11.8993829723299,14.50562864382,2.2729451162,3.69828240604,14.27364807608,15.8874576122799,5.33900048164999,9.58881644113,9.9929703728,7.85930346085,2567.47215810939,9.06419683473,43.4159152556,224.86165520803
160246,PRESTBURY,CHELTENHAM,Gloucester,9941,9548.481980311808,31.19661331965,222.78462072435886,106.80917430038971,31.72761133885989,16.0895166792899,25.40061065779,140.647128740539,32.6473646463,8.00000000043999,23.5736625008,2.9999999982,4.62295082065,20.2634629838299,51.6645698459099,7.29980158476,27.5813398858899,8.76340326471999,22.9642080741399,9232.447939802,6.71617965516999,64.22619409452,245.09166676012
160248,SHURDINGTON,The Severn Vale Deanery,Gloucester,1500,1452.12453869813,3.00000000103,24.65009728194,18.83095406407989,1.39440993842,0.39440993762,0.39440993762,9.86127740717,1.00000000023,12.9999999993,2.0000000008,1.00000000023,0,0,4.34989955194999,2.910979229,11.5700752831299,1.0000000008,0.39440993762,1397.7364195869,2.18322981413,13.95052321461,38.2543660824899
160249,STAVERTON WITH BODDINGTON,The Severn Vale Deanery,Gloucester,906,894.6888658449299,0.2615561243799999,5.2014098174,5.49192726002,0.35624096274,0.08445945945,3.0337837838,1.12131113529,0.94496354696,0.0168918918999999,0.2195945946,0.0168918918999999,0.02506963788,1.96722659982,0.03501094088,0.0168918918999999,3.47279782742,0,0.35624096274,869.056106905,0.74792562777,4.04651159042,20.8383217217399
160251,SWINDON AND CHELTENHAM ST PETER,CHELTENHAM,Gloucester,6565,6053.33281065707,40.49961994461999,351.2134723663799,95.4837419538297,24.47035509265999,20.0791203315599,38.71887069661,229.78312576326,38.71395159209,23.91840398286,30.49961994196,4.00000000296,5.99999999969999,31.5413863686899,27.8828671290299,8.01048951108,28.0489989450299,7.64950999846999,16.82084509419,5516.45936611359,2.17135008014,48.4789869444399,486.2231075189
160252,UP HATHERLEY,CHELTENHAM,Gloucester,7320,7040.30016014377,20.556358423129993,150.12475447120988,81.0292590617599,27.989467903669897,17.6116504822399,34.45631067388,66.82508315502,22.23171015971,9.00000000035999,12.11206897036,4.30322580685,4.14106364591999,21.5560344801299,37.15527979646,5.08902077256,17.22892401261,16.92233009145,11.0671378122199,6828.42712141729,2.65040465205,47.6228422108299,161.599791863599
160254,BLOCKLEY WITH ASTON MAGNA,North Cotswold,Gloucester,2064,2043.83575799613,3.92285714196999,7.14282350196998,9.098561320879991,0,0,4.04066014388999,1.97866832748,1.12349503059999,0,0,0,3.92285714196999,3.00000000215999,3.18320022381,0,2.91536109491,0,0,1987.7797956256,2.00000000064,4.33367829916,49.72228407073
160256,CHIPPING CAMPDEN,North Cotswold,Gloucester,2249,2221.29658489274,1.99999999956,18.681274904599903,7.02214022248999,0,0,3.84063745218,1.99999999931,12.8406374531099,0,0.999999999,0,1.00000000056,0,7.00000000108999,0,0.0221402214,0,0,2118.57492444359,4.99999999871999,13.8344490627499,83.88721138768
160258,CHURCH HONEYBOURNE WITH COW HONEYBOURNE,North Cotswold,Gloucester,1685,1664.20558221314,0.1870503596,6.191634577299991,13.39265592576998,1.0230769236600001,0,3.00000000223999,2.01392111314,1.16379234826,0.01392111366,0,0.1870503596,0,1.30365246369999,5.03695482253999,5.98281787132,1.06923076821,1.00000000062,0.02307692304,1623.74309221009,12.34909106792,2.06843234426999,26.0449665908599
160261,DORSINGTON,North Cotswold,Gloucester,104,101.91689768667999,0.689966997039999,0.686666667009999,0.706468647209999,0,0,0,0,0.686666667009999,0,0,0.686666667009999,0.00330033003,0,0.689966997039999,0,0.01650165017,0,0,99.1339273893,0.693267327079999,0.01650165017,2.07320132013
160262,EBRINGTON,North Cotswold,Gloucester,553,550.9142857169891,1.04285714385,0.0142857143,0.02857142855,1.000000001,0,0,0.0142857143,0,0,1.000000001,0,0.04285714285,0,0,0,0.02857142855,0,1.000000001,529.436090228599,0,2.7828947361,18.69530075229
160263,MARSTON SICCA,North Cotswold,Gloucester,462,448.20551568188006,1.05482666776,2.62645011434,8.113207545779991,1.99999999856,0,0.99999999928,1.04176334026,0.54292343382,0.04176334098,0,0.99999999928,0.05482666848,0,0,0.99999999928,7.11320754649999,0,1.99999999856,435.2625422766,0.01617250674,3.44109591492,9.48570498362
160264,MICKLETON,North Cotswold,Gloucester,1754,1731.37221820902,2.13459994166,7.0704545437799995,13.4227272711,0,0,1.07045454407,3.99999999864,2.00000000107,0,0,0,2.13459994166,4.21136363597,4.99999999971,0,4.21136363542,0,0,1688.50838016739,0.999999998699999,6.66818704763,35.1956509953
160265,PEBWORTH,North Cotswold,Gloucester,733,717.7256740530489,0.11034482752,14.0536362874299,0.11034482752,0.99999999853,0,2.22068965603,0.7888631074,10.2552204165999,0.7888631074,0.05517241376,0,0.05517241376,0.05517241376,0.05517241376,0,0,0,0.99999999853,697.827490200699,2.99999999936,5.84352348065,11.05466037234
160266,QUINTON,North Cotswold,Gloucester,1935,1869.76300352411,12.77156398564,22.05505498576989,29.38164188883988,1.02873563247999,0,2.04220777932,4.06024056827999,14.9526066378199,1.00000000035,5.99052133011,2.00000000056,4.78104265497,7.72903524710999,8.96208531160999,0,12.6905213301199,0,1.02873563247999,1786.5742992512,2.00000000056,11.7030689188199,69.4856353535299
160268,WELFORD,North Cotswold,Gloucester,1524,1495.02914969462,4.26481581458,6.5059087389000005,18.20012579099,0,0,1.00000000072,3.14617169289,2.21356535186,0.14617169343,0,0.31333333349,3.95148248109,0,3.31333333548,3.00000000165,11.88679245386,0,0,1436.5884129012,2.29716082756,17.69913259158,38.44444337428
160269,WESTON,North Cotswold,Gloucester,139,138.18235293439,0,0,0.817647058659999,0,0,0,0,0,0,0,0,0,0,0,0,0.817647058659999,0,0,130.0058823464,0,0,8.17647058799
160270,WESTON SUB EDGE WITH ASTON SUB EDGE,North Cotswold,Gloucester,438,432.722638389309,1.402877697,0.0171821306,3.85730178733,0,0,0,0,0.0171821306,0,0,1.402877697,0,3.10431654708,0.73580310965,0.0171821306,0,0,0,424.519649932699,1.47160621935,2.77599216236,3.9553900749
160271,WILLERSEY WITH SAINTBURY,North Cotswold,Gloucester,876,858.7354330546499,3.410071940339999,8.034351144639999,4.8201438858899905,1.000000001,0,0,5.03435114472,2.99999999992,0,0.9999999988,0.410071942199999,1.99999999934,1.61510791487,2.20503597001999,0,1.000000001,0,1.000000001,840.8923884115,1.4100719432,5.99999999806,10.4329727018899
160272,THE AMPNEYS,CIRENCESTER,Gloucester,219,213.95766908391,0.04411764702,1.04236433783,3.9558489252899998,0,0,0.0399692712599999,0,1.00239506657,0,0,0,0.04411764702,0.9713810192,0.00895522388999999,0.08823529413,2.88727738807,0,0,202.1469252368,0,2.9726972957,8.83804655140999
160274,AMPNEY CRUCIS,CIRENCESTER,Gloucester,621,613.16711098752,0.053217937879999996,3.67636759328999,4.082684921349989,0.02061855672,0,1.82391823367,0,1.85244935961999,0,0.02392344498,0.004784689,0.0245098039,1.93988738380999,0.920925634719999,0.06815836383,1.15371353899,0,0.02061855672,584.807082776,0,4.09161475110999,24.26841346041
160275,BAGENDON,CIRENCESTER,Gloucester,275,272.54782337225004,0,1.12258771959999,0.329588920569999,1.00000000037999,0,0.05592105256,0,1.06666666703999,0,0,0,0,0.215055135579999,0.0179856115,0,0.09654817349,0,1.00000000037999,265.1855848215,0.33552631587,1.12982771716999,5.89688451771
160276,BAUNTON,CIRENCESTER,Gloucester,187,183.24749163170898,0,0.62541806107,2.50167224053998,0.62541806107,0,0,0.62541806107,0,0,0,0,0,1.25083612026999,1.25083612026999,0,0,0,0.62541806107,179.494983270899,0,1.25083612026999,2.50167224053999
160277,BRIMPSFIELD,CIRENCESTER,Gloucester,487,482.08766579614,0.113960114,2.4606832709,1.28402284704,1.0536679641,0,2.3620178038,0.0701754386,0.0284900285,0,0.056980057,0,0.056980057,0.0745239166399999,0.59050445095,0,0.61899447945,0,1.0536679641,464.5119860298,0,7.07131778917999,10.50436197716
160279,CIRENCESTER,CIRENCESTER,Gloucester,16570,16051.007759569138,83.0333715609499,257.32251473675996,161.55899212276,17.07736204026999,7.0000000004,88.09468283231,88.11439907326,70.11343283078,4.00000000001,52.9874999999299,17.00000000033,13.04587156069,33.22394049937,62.22394050068,17.07407407556,49.03703704715,1.00000000044999,16.07736203982,15534.9176536054,17.00000000255,100.320278472669,398.769827488519
160282,COATES,CIRENCESTER,Gloucester,485,479.06530577897905,0.899253730479999,2.9770747428899798,2.03891050661,0.0194552529,0,1.07782101202999,0,1.89925373085999,0,0,0,0.899253730479999,0,2.00000000076,0,0.03891050585,0,0.0194552529,475.130611544399,0,1.03891050623,2.89578372834999
160283,COBERLEY AND COWLEY,CIRENCESTER,Gloucester,532,517.852186992579,4.02716891949998,2.7070161214799993,4.488497357499989,2.92513062224999,0,1.68128928217,0.05421686746,0.971509971849999,0,2.08414897579999,0,1.94301994369999,1.94301994369999,0.45280263547,0.423387096649999,1.66928768168,0,2.92513062224999,503.414655978499,0,2.33717792789,12.10035308619
160284,COLESBOURNE,CIRENCESTER,Gloucester,150,149.588709673379,0.06854838702,0,0.342741935439999,0,0,0,0,0,0,0.06854838702,0,0,0,0,0.205645161229999,0.13709677421,0,0,142.413987759999,0,1.97157953305999,5.20314238032
160286,DAGLINGWORTH,CIRENCESTER,Gloucester,255,252.11320753364998,0,0,2.8867924536,0,0,0,0,0,0,0,0,0,0.96226415205,0,0,1.92452830155,0,0,246.339622629,0,0,5.77358490465
160287,DRIFFIELD (INCLUDING HARNHILL),CIRENCESTER,Gloucester,179,178.76716418117,0,0.1552238805,0.07761194038,0,0,0.07761194025,0,0.07761194025,0,0,0,0,0.03880597019,0.03880597019,0,0,0,0,171.0016932908,0,2.01913240763,5.74633848274
160288,THE DUNTISBOURNES,CIRENCESTER,Gloucester,275,269.6601486627499,0.999999999,2.26060606083,2.07924528104,0,0,2.00000000025,0,0.26060606058,0,0,0,0.999999999,1.02641509337,0,0,1.05283018767,0,0,258.4168096121,0,0,11.2433390506499
160290,ELKSTONE,CIRENCESTER,Gloucester,196,191.25806451555997,0.79032257976,0,3.95161290272,0,0,0,0,0,0,0.79032257976,0,0,0,0,2.37096774124,1.58064516148,0,0,182.5645161284,0,1.58064516148,7.11290322568
160292,KEMBLE,CIRENCESTER,Gloucester,988,955.517297486619,3.76103896118,15.25245338574,9.74570721188,3.72350295454,0,8.31219364294,0,5.94025974122,1.00000000158,3.76103896118,0,0,1.99999999922,1.99999999922,0.9402597412,4.80544747224,0,3.72350295454,920.154075490599,1.00000000158,3.80544747066,30.5577745237799
160293,NORTH CERNEY,CIRENCESTER,Gloucester,571,561.0871803630799,0.05084745759,1.9356043699300003,7.89164176638999,0.03472605442,0,1.83390945466,0,0.07627118643,0.02542372884,0.05084745759,0,0,4.89796053242,1.04216417107,0,1.95151706289999,0,0.03472605442,544.1796943568,5.66447368557,3.07604536153,8.16696695918
160294,POOLE KEYNES,CIRENCESTER,Gloucester,190,189.9916492768,0,0,0.00835073068,0,0,0,0,0,0,0,0,0,0,0.00835073068,0,0,0,0,188.9373695266,0,0.00417536534,1.05010438486
160295,PRESTON,CIRENCESTER,Gloucester,585,582.8532975424099,0.966628441769999,0.2951743714,0.8786496350699999,0.00624999999,0,0.05281326028,0.24236111112,0,0,0.01250000001,0,0.954128441759999,0.1362530414,0,0.47222222226,0.27017437141,0,0.00624999999,571.3078502836,0.102189780979999,4.09663148285,7.34662599497999
160296,RENDCOMB,CIRENCESTER,Gloucester,350,302.9378531091,1.9209039534,37.4576271202,6.723163842,0.9604519784,0,33.61581921,0,2.8813559318,0.9604519784,1.9209039534,0,0,3.8418079102,1.9209039534,0,0.9604519784,0,0.9604519784,280.364699009,0,6.8610948765,15.7120592236
160297,SAPPERTON WITH FRAMPTON MANSELL,CIRENCESTER,Gloucester,425,420.03658427073987,0,0.14545454544,4.81796116501,0,0,0,0,0.14545454544,0,0,0,0,0,4.81796116501,0,0,0,0,399.5558202283,0,5.7815533996,14.6992106428399
160299,RODMARTON,CIRENCESTER,Gloucester,442,430.48326299253,0.20464237246,4.76242450247,6.47174804524,0.0779220779,0,3.03978004013,0,1.72264446234,0,0.1038961039,0,0.10074626856,0,5.81981982046,0.025974026,0.62595419878,0,0.0779220779,410.4331575888,0,2.56589414001,17.48421126372
160301,SIDDINGTON,CIRENCESTER,Gloucester,1127,1091.6979383380399,7.787439613199998,10.731435930819998,15.27593973395999,1.507246377,0.50241545952,3.47318311295,4.99738325315,0.753623187719999,1.00483091748,5.77777777824,1.25603864724,0.753623187719999,4.61737014741999,6.50724637539,1.70491143358,2.44641177757,0.25120772976,1.25603864724,1061.1240537976,3.90264113526999,6.11495468964999,20.55628871552
160302,SOMERFORD KEYNES WITH SHARNCOTE,CIRENCESTER,Gloucester,497,494.4636036410789,0,0.3112840466,2.14729129057999,0.0778210116,0,0.3112840466,0,0,0,0,0,0,0,1.99164926717999,0,0.1556420234,0,0.0778210116,480.973136308299,0,1.15146665699,12.3390006757899
160304,SOUTH CERNEY WITH CERNEY WICK,CIRENCESTER,Gloucester,3308,3209.59903381597,24.212560384889986,39.961352660839886,28.73429951900998,5.492753624129989,1.49758454279999,5.49275362343,19.72946860103,10.2463768126299,2.99516908095,17.2222222236,3.74396135235,3.24637680893999,8.24637681235999,12.49275362473,1.74879227174,6.24637681017999,0.748792271399999,4.74396135272999,3133.8888888888,2.99516908095,14.74879227191,57.96618357431
160306,STRATTON,CIRENCESTER,Gloucester,2657,2608.2541805807805,3.00000000486,17.29096990464997,17.16387960494,11.2909698994699,0,2.00000000199999,8.29096990103999,7.00000000160999,0,0,2.0000000037,1.00000000116,3.58193979855,6.58193980369,0,7.0000000027,0,11.2909698994699,2558.5083611865,8.00000000025,8.58193979602999,33.163879598
160307,SYDE,CIRENCESTER,Gloucester,33,32.3888888901599,0,0.36666666663,0.2444444442,0,0.1222222221,0,0.24444444453,0,0,0,0,0,0,0.1222222221,0.1222222221,0,0,0,31.7777777789999,0,0,0.611111111159999
160308,WINSTONE,CIRENCESTER,Gloucester,233,228.685185194159,0,2.58888888863,1.7259259242,0,0.8629629621,0,1.72592592653,0,0,0,0,0,0,0.8629629621,0.8629629621,0,0,0,224.370370378999,0,0,4.31481481516
160310,BIBURY WITH WINSON AND BARNSLEY,CIRENCESTER,Gloucester,851,819.677977621969,7.99089970903999,3.09315904878,20.19157187832,0.04639175262,0,1.05619567322,0,2.03696337556,0,5.97607655487999,1.99521531104,0.01960784312,2.05408436472,5.04160706371,9.02007693118,4.07580351871,0,0.04639175262,776.905594674599,0,3.28726379381999,39.48511915355
160312,CASTLE EATON,CIRENCESTER,Gloucester,300,295.72627736517,0.37773722595,1.00729926966,2.76277372248,0.12591240888,0,0.50364963483,0,0.50364963483,0,0.37773722595,0,0,0.37773722595,1.8813868617,0.50364963483,0,0.12591240888,0,292.963503642,0.25182481776,1.12591240911,1.3850364963
160313,"COLN ST. ALDWYNS, HATHEROP AND QUENINGTON",CIRENCESTER,Gloucester,1041,1027.44494717386,1.00000000005,3.82983548442,8.725217355119991,0,0,0.97395833271,0,2.85587715171,0,0,1.00000000005,0,5.75125902230999,2.0000000001,0,0.97395833271,0,0,998.1689624403,0,3.90233912652,25.37364560704
160314,DOWN AMPNEY,CIRENCESTER,Gloucester,628,616.36601307184,0,8.68627450892,2.94771241828,0,0,0.99999999944,0.99999999944,6.68627451004,0,0,0,0,1.94771241884,0.99999999944,0,0,0,0,608.4705882364,0,3.94771241772,3.94771241772
160315,EASTLEACH,CIRENCESTER,Gloucester,317,308.79942603560994,0.0244897959,2.0765731284599998,6.09951105219,0,0,0.05053146255,0,2.02604166591,0,0.0244897959,0,0,3.99999999852,0,0.07346938776,2.02604166591,0,0,301.4410501833,0,1.02604166781,6.3323341845
160317,SOUTH COTSWOLDS TEAM MINISTRY,CIRENCESTER,Gloucester,3232,3159.81665335712,3.00966183572,29.87017800323998,31.377911605229983,7.92559524122,6.9999999995,5.93492092791999,9.92559524156,7.00966183425999,0,0,3.00966183572,0,3.94416419281999,20.58255693914,0,6.85119047326999,0,7.92559524122,3066.73230445549,1.0000000008,26.9694782038,65.1148706970299
160319,KEMPSFORD WITH WHELFORD,CIRENCESTER,Gloucester,1114,1097.66313866256,12.014492752679999,3.04157148274998,1.259963768809999,0.0208333333599999,0,1.00624539465999,0.0208333333599999,2.01449275472999,0,3.00000000043,5.01449275273,3.99999999952,0.04981884061,0.168478260879999,0,1.04166666732,0,0.0208333333599999,1068.8731392757,0,1.10778985577999,27.68220953108
160321,LECHLADE,CIRENCESTER,Gloucester,2845,2779.11114222136,7.98000000008,29.94300698800999,25.969347318879997,1.9965034985,1.00000000069999,5.99999999783,11.98000000048,10.963006989,0,2.99999999975,3.97999999933,1.000000001,2.01333333338,15.95601398728,0.999999999289999,6.99999999893,1.000000001,0.9965034975,2697.1451497575,0,26.04099197148,55.92500049238
160323,MEYSEY HAMPTON WITH MARSTON MEYSEY,CIRENCESTER,Gloucester,790,779.42945946589,0.97584540974,3.16668188953999,5.37444180539999,1.05357142864,0,2.0588336786,0.05357142864,1.05427678229999,0,0,0.97584540974,0,2.01833414558,3.24896480271999,0,0.1071428571,1,0.05357142864,754.2940161571,0,9.92171578848,15.2137275203099
160324,POULTON,CIRENCESTER,Gloucester,396,383.43591473976,1.91176470419999,2.895169992059989,7.757150567699989,0,0,0.95588235209999906,0,1.93928763995999,0,0,0,1.91176470419999,0.983405287859999,0,3.82352941229999,2.95021586754,0,0,373.5468159816,0,4.86198057174,5.02711818642
160326,SOUTHROP,CIRENCESTER,Gloucester,239,234.122448973689,0.975510203349999,0.975510203349999,2.92653061243999,0,0,0.975510203349999,0,0,0,0.975510203349999,0,0,0,0,2.92653061243999,0,0,0,230.220408157899,0,0,3.90204081578999
160327,ALDSWORTH,North Cotswold,Gloucester,232,229.61982042456998,0,0.793393189619999,1.58678637705,0,0,0,0.697452230219999,0.0959409594,0,0,0,0,1.58678637705,0,0,0,0,0,221.6120525452,0,1.4428749379499901,6.56489294142
160328,COLD ASTON,North Cotswold,Gloucester,136,132.28125,0.53125,2.125,1.0625,0,0,0,1.0625,1.0625,0,0.53125,0,0,0,1.0625,0,0,0,0,129.625,0,0,2.65625
160330,CHEDWORTH,North Cotswold,Gloucester,791,787.3689980562489,0.02824858755,1.56115673501,1.06832582238,0.97327078132,0,1.50465955986,0,0.04237288135,0.0141242938,0.02824858755,0,0,0.05649717515,0.98739507507,0,0.02443357216,0,0.97327078132,764.631051271899,0,7.87790308952,14.8600436948299
160332,YANWORTH AND STOWELL,North Cotswold,Gloucester,119,119.00000000211,0,0,0,0,0,0,0,0,0,0,0,0,0,0,0,0,0,0,114.7292232497,0,1.11902498662,3.15175176579
160333,COLN ROGERS WITH COLN ST. DENYS,North Cotswold,Gloucester,175,171.493598650849,0,0.85567010388,1.75320067287,0.89753056899,0,0.85567010388,0,0,0,0,0,0,0,0.89753056899,0,0.85567010388,0,0.89753056899,159.137473020499,0,4.40393191141,7.95219371894
160335,COMPTON ABDALE,North Cotswold,Gloucester,130,128.970238095,0,0.02976190475,0,1,0,0,0.02976190475,0,0,0,0,0,0,0,0,0,0,1,122.9107142855,0,1,5.0595238095
160336,DOWDESWELL AND ANDOVERSFORD,North Cotswold,Gloucester,822,802.5292972346799,4.9934862750299995,5.23420259195,8.23606946060999,1.00694444614,0.12441308062,1.01164554307,1.5357142869,2.56242968136,0,0.0301369863299999,1.99999999997,2.96334928873,3.06102693765999,3.05950509278,0.03708143077,2.0784559994,0,1.00694444614,769.7436499904,0.98113207504,2.17227263032999,29.63224253891
160337,FARMINGTON,North Cotswold,Gloucester,112,111.99999999776,0,0,0,0,0,0,0,0,0,0,0,0,0,0,0,0,0,0,105.9999999968,0,3.00000000048,3.00000000048
160338,GREAT BARRINGTON,North Cotswold,Gloucester,123,119.46889951677,0,0,3.53110047831,0,0,0,0,0,0,0,0,0,3.53110047831,0,0,0,0,0,105.9330143493,0,5.88516746385,7.65071770362
160339,HAMPNETT,North Cotswold,Gloucester,60,59.6363636382,0,0.1818181818,0.1818181818,0,0,0,0,0.1818181818,0,0,0,0,0.1818181818,0,0,0,0,0,58.000000002,0,0,1.6363636362
160340,HASELTON,North Cotswold,Gloucester,111,110.339285708999,0,0.66071428545,0,0,0,0,0.66071428545,0,0,0,0,0,0,0,0,0,0,0,109.017857138099,0,0,1.3214285709
160341,HAWLING,North Cotswold,Gloucester,96,95.14577970619999,0,0.006006006,0.848214285849999,0,0,0.003003003,0,0.003003003,0,0,0,0,0,0,0,0.848214285849999,0,0,90.8566602289,0,1.71144358671999,2.57767589057999
160342,LITTLE BARRINGTON,North Cotswold,Gloucester,86,83.53110047514001,0,0,2.46889952141999,0,0,0,0,0,0,0,0,0,2.46889952141999,0,0,0,0,0,74.0669856426,0,4.1148325357,5.34928229684
160343,NORTHLEACH,North Cotswold,Gloucester,1798,1772.28116214665,7.00000000225,6.83880037638,11.859418935029979,0.02061855672,0,1.02061855768,2.00000000024,3.81818181846,0,6.00000000165,1.0000000006,0,0.818181818099999,5.02061855816999,3.00000000317,3.02061855558999,0,0.02061855672,1701.62886598889,0,8.10309278363,62.54920337413
160344,NOTGROVE,North Cotswold,Gloucester,120,115.69157609087998,0.09375,0.375,3.83967391296,0,0,0,0.1875,0.1875,0,0.09375,0,0,0,0.1875,2.08695652128,1.56521739168,0,0,110.5271739168,0,0.521739130559999,4.64266304351999
160346,SEVENHAMPTON WITH CHARLTON ABBOTS,North Cotswold,Gloucester,374,371.593012640299,0,1.915915914,0.491071428649999,0,0,0.957957957,0,0.957957957,0,0,0,0,0,0,0,0.491071428649999,0,0,353.810328169099,0,5.77193264867999,12.01075182252
160347,SHERBORNE,North Cotswold,Gloucester,309,304.00000000106996,0,1.9999999971,2.99999999873999,0,0.99999999855,0.99999999855,0,0,0,0,0,0,2.99999999873999,0,0,0,0,0,287.000000001,0,0.99999999855,16.00000000152
160348,SHIPTON OLIFFE WITH SHIPTON SOLLARS AND COLD SALPERTON,North Cotswold,Gloucester,421,416.69723175459,0.969863014619999,1.375322044859998,1.9575831720999979,0,0.969863014619999,0.039039039,0.318452380819999,0.04796761042,0,0.969863014619999,0,0,0,0.0178571428599999,0.969863014619999,0.969863014619999,0,0,406.6801495295,0,1.18291535273999,8.83416687235
160350,TURKDEAN,North Cotswold,Gloucester,75,72.14673913349999,0,0,2.8532608695,0,0,0,0,0,0,0,0,0,0,0,1.63043478225,1.22282608725,0,0,68.4782608725,0,0.407608695749999,3.26086956524999
160351,WHITTINGTON,North Cotswold,Gloucester,102,100.17857143133999,0,0.91071428484,0.910714285859999,0,0,0,0.45535714242,0.45535714242,0,0,0,0,0,0.910714285859999,0,0,0,0,97.9017857172,0,0.910714285859999,1.36607142828
160352,WINDRUSH,North Cotswold,Gloucester,95,94.09235668385,0,0.3025477711,0.60509554125,0,0,0,0.3025477711,0,0,0,0,0,0.60509554125,0,0,0,0,0,90.7643312065,0,0.60509554125,2.7229299361
160353,WITHINGTON,North Cotswold,Gloucester,528,523.918070106629,0.0671641791,1.01681682116,2.9979488954399995,0,0,0.97556083693,0,0.04125598423,0,0,0,0.0671641791,0.9999999994,1.97556083633,0,0.0223880597099999,0,0,511.918929353199,0.01886792452,4.8267716539,7.15350117501
160354,BLEDINGTON,North Cotswold,Gloucester,557,550.1381604481999,0,0.01199040765,6.454900595959998,0.394948557329999,0,0,0,0.01199040765,0,0,0,0,0.394948557329999,2.01199040683,3.00000000014,1.04796163166,0,0.394948557329999,527.2043784399,1.00000000096,3.04796163084,18.8858203765
160355,BOURTON-ON-THE-HILL,North Cotswold,Gloucester,295,292.000090084069,0,0,2.25566439078,0.74424552516,0,0,0,0,0,0,0,0,0.00790513834,0,0.74424552516,1.50351372728,0,0.74424552516,279.175549150799,0,2.24380668327,10.58073425
160356,BOURTON ON THE WATER WITH CLAPTON,North Cotswold,Gloucester,3507,3430.6293639360106,6.33866229378,31.35464917913,37.6773245846599,1,0,7.00272479405,7.67187500005,15.68004938621,0.99999999882,6.33866229378,0,0,10.99999999787,12.6773245897899,8.99999999948,4.99999999752,0,1,3263.8788317406,2.99999999931,23.00544958854,140.74508260756
160358,BROADWELL,North Cotswold,Gloucester,496,485.98416120666,0,6.46067866164,2.27758007218,1.27758007163,0,0.88732394352,5.27758007028,0.29577464784,0,0,0,0,1.27758007163,1.00000000055,0,0,0,1.27758007163,473.7852238093,0,4.73825873517,7.46067866219
160359,CONDICOTE,North Cotswold,Gloucester,144,141.29577464256002,0,2.70422535168,0,0,0,2.02816901376,0,0.67605633792,0,0,0,0,0,0,0,0,0,0,135.8873239392,0,2.70422535168,2.70422535168
160360,EVENLODE,North Cotswold,Gloucester,143,139.02777778461,0,0.99305555492,2.97916666619,0,0,0.99305555492,0,0,0,0,0,0,2.97916666619,0,0,0,0,0,133.0694444508,0,0,5.95833333381
160361,GREAT RISSINGTON,North Cotswold,Gloucester,362,355.095367859099,0.98637602168,3.9455040867199997,1.97275204336,0,0,0.98637602168,0,2.95912806504,0,0.98637602168,0,0,0,1.97275204336,0,0,0,0,329.449591291799,0,1.97275204336,23.67302452394
160362,GUITING POWER WITH FARMCOTE,North Cotswold,Gloucester,322,321.58243412736,0,0.0928426193799999,0.324723247199999,0,0,0.0928426193799999,0,0,0,0,0,0,0.324723247199999,0,0,0,0,0,306.0285314854,0,2.19919875323999,13.35470388872
160364,ICOMB,North Cotswold,Gloucester,108,105.8613861438,0,1.0693069308,1.0693069308,0,0,0,0,1.0693069308,0,0,0,0,0.5346534654,0,0.5346534654,0,0,0,98.9108910936,2.1386138616,0.5346534654,4.2772277232
160365,LITTLE RISSINGTON,North Cotswold,Gloucester,1336,1295.80489385547,1.01089918355999,26.10300267091999,13.08120430666997,0,0,5.01089918204999,4.00000000218,13.09210348652,4.00000000017,1.01089918355999,0,0,1.0297029712999901,5.02179836444999,2.02970297219,4.99999999872999,0,0,1228.1353764971,2.11881187959,8.05150133235999,57.49920414642
160366,LONGBOROUGH WITH SEZINCOTE,North Cotswold,Gloucester,565,558.0334805858599,1.0000000017,3.00000000166999,2.7337828410699903,0.23273657316,0,0,0,3.00000000166999,0,1.0000000017,0,0,0.02371541502,0,2.23273657312999,0.47733085292,0,0.23273657316,532.9583817667,1.0000000017,6.69820972023999,17.37688909722
160367,LOWER SLAUGHTER,North Cotswold,Gloucester,223,218.99999999574888,0,1.999999998779998,2.00000000101,0,0,0.999999999389999,0.999999999389999,0,0,0,0,0,0,2.00000000101,0,0,0,0,198.999999996799,0,0.999999999389999,18.9999999995599
160368,SWELL,North Cotswold,Gloucester,457,445.70521258004993,2.87660668298,5.190442469500001,2.9067576316599997,0.3209806245,0,0.05633802816,1.06207174251,4.07203269883,0,2.87660668298,0,0,0.10320284694,0.88581699358,0.95886889557,0.95886889557,0,0.3209806245,427.4932055453,0,3.15812974774,15.0538772870099
160370,MORETON-IN-MARSH WITH BATSFORD,North Cotswold,Gloucester,3542,3492.65206239098,5.00000000057999,22.118302984469892,21.206616719339998,1.0230179019,0.99999999906,3.00316455588999,5.98052304671,12.1346153828099,0,3.99999999953999,1.00000000104,0,4.96837944498,11.18499384331,1.0230179019,4.03022552915,0,1.0230179019,3392.5169813658,0,14.58803829452,85.54704273066
160372,"NAUNTON",North Cotswold,Gloucester,393,379.01660179607995,0.0390625,2.2466454795999997,10.697690217719998,0.99999999968,0,0.99999999968,0.078125,1.16852047992,0,0.0390625,0,0,0,9.07812500064,1.28260869527,0.336956521809999,0,0.99999999968,366.3796287703,0,3.32065217301,9.31632085277
160373,ODDINGTON,North Cotswold,Gloucester,409,399.191846525939,0,0.980815345769999,6.865707432659999,1.96163069563,0,0,0,0.980815345769999,0,0,0,0,1.96163069563,0.980815345769999,0,3.92326139126,0,1.96163069563,383.498800960899,0,3.92326139126,11.76978417378
160374,ADLESTROP,North Cotswold,Gloucester,87,83.44194643766,1.38333333361,2.08913868903,0.07119304555,0.01438848921,0,0.00694444444,1.38333333361,0.69886091098,0,1.38333333361,0,0,0.03522182254,0.00719424458999999,0,0.02877697842,0,0.01438848921,72.9101718598,0,1.41211031203,9.11966426583
160376,STOW ON THE WOLD,North Cotswold,Gloucester,2038,1998.04437636901,2.084832904509989,19.62989111268999,10.83946030991999,7.40143930372999,0,3.02816901531999,5.6474947161,10.95422738127,0,1.08483290465999,0.999999999849999,0,2.64396955653999,6.1141830079,2.05303011049,0.02827763499,0,7.40143930372999,1921.7476448564,3.09900990055,7.3855782273,65.8121433847599
160377,TEMPLE GUITING WITH CUTSDEAN,North Cotswold,Gloucester,445,429.43758254669,0.0385604113,11.822873348509999,3.7009836933,0,10.82812500063,0.93048099568,0.01285347045,0.05141388175,0,0.0385604113,0,0,3.6752767524,0,0.01285347045,0.01285347045,0,0,408.8411838495,0,10.75889740266,9.83750129452999
160379,TODENHAM WITH LOWER LEMINGTON,North Cotswold,Gloucester,295,292.48802263525,0.03428571428,0.81943144218,1.65826019376,0,0,0.0035971223,0.02652291108,0.7893114088,0,0,0,0.03428571428,0,1.63180592862,0,0.02645426514,0,0,280.5329480746,0,3.15795148278,8.79712307787
160381,UPPER SLAUGHTER WITH EYFORD,North Cotswold,Gloucester,173,169.090395474429,0,3.90960452038,0,0,0,0,0,3.90960452038,0,0,0,0,0,0,0,0,0,0,161.271186435399,0,0,7.81920903902999
160382,WESTCOTE,North Cotswold,Gloucester,208,206.0000000094389,0,1.00000000048,1.00000000048,0,0,0,0,1.00000000048,0,0,0,0,0,0,0,1.00000000048,0,0,189.000000009599,0,2.99999999936,14.0000000004799
160383,WYCK RISSINGTON,North Cotswold,Gloucester,83,81.35643564755,0,0.8217821783,0.8217821783,0,0,0,0,0.8217821783,0,0,0,0,0.41089108915,0,0.41089108915,0,0,0,76.0148514886,1.6435643566,0.41089108915,3.2871287132
160384,AVENING,CIRENCESTER,Gloucester,1117,1104.4642857048898,0.99999999988,1.00000000122,9.53571428592999,0.99999999855,0,1.00000000122,0,0,0,0,0,0.99999999988,4.15178571278,3.38392857070999,1.00000000122,1.00000000122,0,0.99999999855,1070.00892856309,7.99999999989999,1.99999999976,24.45535714214
160385,BEVERSTON,CIRENCESTER,Gloucester,110,106.88296355942991,0.00323624595,0.470839720539999,1.40265039427,1.2403100776,0,0,0.470839720539999,0,0,0,0,0.00323624595,0,1.2403100776,0,0.16234031667,0,1.2403100776,98.0251876569999,0,0.01294498382,8.84483091861
160386,CHERINGTON,CIRENCESTER,Gloucester,141,138.36041398343,0,0.1201201200999999,2.51946589354999,0,0,0.0900900900999999,0,0.03003003,0,0,0,0,1.75446428533999,0.76500160821,0,0,0,0,132.7666907957,0,0.0600600601,5.53366312763
160388,HORSLEY,The Stroud Deanery,Gloucester,848,825.9915019203598,1.01509433882,4.13512670354,15.192019875519978,1.66625712956,0,4.01831501895,0.0183150183,0.08018164799,0.0183150183,0,0.01509433964,0.99999999918,1.90974599195,5.62903644399,1.85480093699999,5.79843650257999,0,1.66625712956,804.7122425868,0,2.09021346762999,19.1890458659299
160389,NEWINGTON BAGPATH WITH KINGSCOTE,The Stroud Deanery,Gloucester,276,266.06232463509997,0,5.804633508759998,4.009130723389999,0.12391113247,0,1.00609871154,0.959706958919999,2.87912087938,0.959706958919999,0,0,0,2.87912087938,0.12391113247,0,1.00609871154,0,0.12391113247,259.267001441,0,2.15137268338,4.64395051072
160390,BOXWELL WITH LEIGHTERTON,Wotton,Gloucester,255,254.16666666314998,0,0,0.8333333343,0,0,0,0,0,0,0,0,0,0,0,0,0.8333333343,0,0,243.33333333,0,2.50000000035,8.33333333279999
160392,"NAILSWORTH",The Stroud Deanery,Gloucester,5707,5553.6648750245495,13.6970361526399,57.85788983547989,75.79777019483988,5.9824287591199905,18.61290322595,9.4072308009,13.83506372157,13.0513646567199,2.95132743033999,0,1.98490565973,11.7121304929099,17.14909791002,23.7348734797699,2.11615428714999,32.7976445179,1.000000001,4.98242875811999,5323.9315333089,0,38.31175167235,191.4215900433
160395,SHIPTON MOYNE,CIRENCESTER,Gloucester,263,253.192254227189,0.96603773696,3.97467725847999,3.9009930479499797,0.96603773696,0,0,0.11052631576,3.86415094271999,0,0.96603773696,0,0,0,0,1.93207547135999,1.96891757658999,0,0.96603773696,241.939523341399,0,0.96603773696,10.28669314883
160396,SOPWORTH,Wotton,Gloucester,95,94.98161764329,0,0.00367647059,0.01102941176,0.00367647059,0,0,0,0.00367647059,0,0,0,0,0,0.01102941176,0,0,0,0.00367647059,94.0542904021,0,0.91262135884,0.01470588235
160397,TETBURY,CIRENCESTER,Gloucester,5844,5710.198688681639,10.34659555336998,70.4804704493498,50.8121558194499,2.16208955206,6.00000000036,5.23197492381999,14.6069563311099,44.6415391940599,0,6.34983179933999,0,3.99676375402999,12.1304124230399,21.17824521383,9.14617613968,8.3573220429,0,2.16208955206,5505.03064850909,13.50061226651,36.5321993172099,155.13522858883
160399,WESTONBIRT AND LASBOROUGH,Wotton,Gloucester,89,87.06358203117,0,1.4176402540999897,0.49772508151,0.02105263158,0,0.00732600731999999,1.34943127011999,0.0535569693399999,0.00732600731999999,0,0,0,0.02197802198,0.01052631578,0,0.46522074375,0,0.02105263158,79.382783882,0,0.0146520146599999,7.66614613451
160400,ALDERTON,TEWKESBURY and WINCHCOMBE,Gloucester,737,728.1976196421889,0.939473685149999,1.96572666826999,5.87092701811,0.02625298324,0,0.02625298324,1.93947368502999,0,0,0.939473685149999,0,0,0.05250596659,0.99999999988,0,4.81842105164,0,0.02625298324,714.342733324999,0.99999999988,3.90520034973,8.94968596757999
160401,ASTON SOMERVILLE,TEWKESBURY and WINCHCOMBE,Gloucester,212,211.03196346727998,0,0,0.9680365306,0,0,0,0,0,0,0,0,0,0,0,0,0.9680365306,0,0,208.1278538776,0,0,2.90410958968
160402,BUCKLAND,TEWKESBURY and WINCHCOMBE,Gloucester,205,204.96803653749998,0,0,0.03196347035,0,0,0,0,0,0,0,0,0,0,0,0,0.03196347035,0,0,197.145316859,0,2.89756097532,4.92515870318
160403,CHILDSWYCKHAM,TEWKESBURY and WINCHCOMBE,Gloucester,726,716.486641694739,1.000000001,2.82308074186,4.69027755676,1.000000001,0,1.00000000025,0.16965113792,1.65342960369,0,0,0,1.000000001,0.00881057268,0.85475218388,0,3.8267148002,0,1.000000001,696.120930440899,4.96909938145999,0.87569474144,14.52091713094
160406,DUMBLETON,TEWKESBURY and WINCHCOMBE,Gloucester,395,389.239100047519,0,3.44022498335,1.29203533338,1.02863961696,0,0.44022498423,0,2.99999999912,0,0,0,0,1.29203533338,0,0,0,0.99999999888,0.02863961808,382.481896485799,0,1.26339571518,5.49380784653999
160407,GREAT WASHBOURNE,TEWKESBURY and WINCHCOMBE,Gloucester,58,57.29268292399999,0,0.17682926842,0.53048780468,0,0,0.17682926842,0,0,0,0,0,0,0.53048780468,0,0,0,0,0,54.4634146316,0,0.53048780468,2.29878048771999
160409,STANTON AND SNOWSHILL,TEWKESBURY and WINCHCOMBE,Gloucester,350,343.0617732418,0,5.802633530969999,1.1355932210399902,0,0.05729166667,0.872670932349999,4.8686868682,0.00398406375,0,0,0,0,0.06779661016,0.06779661016,0,1.00000000071999,0,0,332.1037723545,0.20338983048,2.97808251751,7.77652853931
160411,"TODDINGTON, STANWAY AND DIDBROOK AND HAILES",TEWKESBURY and WINCHCOMBE,Gloucester,734,728.21287954034,0,2.8993679109499904,1.95339920975,0.93435333372,0,2.89341552998999,0.00595238096,0,0,0,0,0,1.87850232189,0.0748968878599999,0,0,0.00595238096,0.92840095276,714.4824530024,0,4.89798766254,8.8324388754
160412,WINCHCOMBE GRETTON SUDELEY MANOR AND STANLEY PONTLARGE,TEWKESBURY and WINCHCOMBE,Gloucester,5147,5073.076253592459,9.05526315922,36.4069098027899,25.4508193497799,3.0107540646,0,17.35759901976,11.0493107801699,8.00000000286,0,3.05526315881,4.00000000095,1.99999999946,7.01171247889,10.9251031096499,3.00000000019,4.51400376105,1.99404761992,1.01670644468,4933.9073276028,1.99999999999,27.80742739122,109.361498598449
160415,WORMINGTON,TEWKESBURY and WINCHCOMBE,Gloucester,152,150.2007883654,0,0.64677260434,1.15243902396,0,0,0.51545947304,0.1313131313,0,0,0,0,0,1.15243902396,0,0,0,0,0,143.2665681148,0,1.28375215526,5.65046809533999
160421,DIDMARTON WITH OLDBURY-ON-THE-HILL,Wotton,Gloucester,401,397.134939753769,0,0,3.86506023821,0,0,0,0,0,0,0,0,0,0.96626505855,2.89879517966,0,0,0,0,392.303614452999,0,0,4.83132530077
160423,LONG NEWNTON,CIRENCESTER,Gloucester,224,216.5429687606,0.203125,4.20312499966999,2.05078125088999,0.999999999389999,0,0,0.1015625,4.10156249966999,0,0.203125,0,0,0.05078125,0,0,2.00000000088999,0,0.999999999389999,200.2734375092,0.05078125,2.15234375088999,14.06640625051
160424,"THE MID-WYEDEAN CHURCHES OF ALL SAINTS, NEWLAND AND STAUNTON, GOOD SHEPHERD, BROADWELL, ST JOHN, COLEFORD, ST PETER, CLEARWELL AND ST SAVIOUR, REDBROOK","FOREST, SOUTH",Gloucester,10675,10517.996070283501,12.07358233205,86.61021418287979,51.403003991269884,6.917129225829999,0,40.1586538490999,24.95538747658,17.3375190102699,4.15865384693,7.96515679404,0,4.10842553801,11.00833738056,13.6705882339899,6.92821096784999,19.79586740887,0.999999998879999,5.91712922695,10386.1657902573,3.00000000147999,30.1636307969499,98.66664922777
160425,GLOUCESTER ST PAUL AND ST STEPHEN,GLOUCESTER CITY,Gloucester,11604,9777.56808796555,602.405158587149,723.025481354788,467.7437665994989,33.25750539659989,111.57567338716,46.0267407529599,360.552919327569,121.633338352819,83.23680953428,151.28445235303,72.58198859462,378.538717639499,70.83162563723,46.3104576591699,48.99487644028,301.606806862819,3.29605509481999,29.9614503017799,8951.1579602546,24.4064211726399,86.3996379516499,715.60406858666
160426,LEONARD STANLEY,The Stroud Deanery,Gloucester,1446,1429.0000000017797,0,7.00000000096999,10.000000001699991,0,0,0.999999999,1.00000000048,5.00000000148999,0,0,0,0,2.9999999988,3.00000000172,1.00000000124999,2.99999999993,0,0,1394.9999999942,0,16.0000000059799,18.0000000015999
160427,KINGS STANLEY,The Stroud Deanery,Gloucester,1921,1897.83416965214,1.9999999984499999,6.50776582589998,14.658064512549979,0,0.99999999945,1.50776582909999,0.99999999945,2.99999999789999,0,0.999999999,0,0.99999999945,6.09032258045999,2.56774193398999,4.9999999991,0.999999999,0,0,1873.2353643991,0,7.95555555414999,16.64324969889
161001,ROEL ex. par,Closed or Unattached churches,Gloucester,21,20.81249999955,0,0,0.187500000029999,0,0,0,0,0,0,0,0,0,0,0,0,0.187500000029999,0,0,19.8749999994,0,0.375000000059999,0.56250000009
161004,CATHEDRAL ex. par,Closed or Unattached churches,Gloucester,70,58.9302325619,2.116279069799989,6.34883720939998,2.6046511630999882,0,0.4883720933,1.62790697649999,2.1162790698,1.30232558119999,0.813953488599999,1.30232558119999,0.4883720933,0.325581395299999,0.325581395299999,0.4883720933,0.325581395299999,1.46511627919999,0,0,47.046511631,0.4883720933,0.813953488599999,10.581395349
161005,PRINKNASH  PARK ex. par,Closed or Unattached churches,Gloucester,34,33.7834394888,0,0,0,0.21656050984,0,0,0,0,0,0,0,0,0,0,0,0,0.10828025492,0.10828025492,33.3503184698,0,0,0.433121019
161006,KIDNALL WOOD ex. par,Closed or Unattached churches,Gloucester,4,3.99421965305999,0,0.00578034682,0,0,0,0,0,0.00578034682,0,0,0,0,0,0,0,0,0,0,3.94671497179999,0,0.01734104046,0.0301636408
