health..oa_id,health..total_persons,health..very_good_health,health..good_health,health..fair_health,health..bad_health,health..very_bad_health
E00070861,339,168,114,47,8,2
E00070981,259,141,83,28,6,1
E00070985,298,141,99,49,7,2
E00075105,311,130,98,60,19,4
E00075206,285,136,109,34,3,3
E00075207,284,184,81,18,1,0
E00075208,350,205,106,28,11,0
E00075209,323,152,124,36,7,4
E00075210,321,164,110,31,13,3
E00075211,168,98,48,19,2,1
E00075212,163,71,59,20,12,1
E00075213,339,194,119,21,5,0
E00075214,305,171,104,25,4,1
E00075216,367,195,138,24,7,3
E00075217,147,72,56,17,2,0
E00075220,269,110,113,39,6,1
E00075222,300,134,112,44,8,2
E00075224,285,126,94,49,13,3
E00075225,346,128,135,65,18,0
E00075226,264,123,86,41,9,5
E00075227,288,163,88,28,7,2
E00075228,267,133,99,21,12,2
E00075229,253,104,106,31,9,3
E00075230,333,157,124,43,7,2
E00075231,280,125,113,32,7,3
E00075232,240,96,76,47,14,7
E00075233,305,139,100,55,8,3
E00075234,235,80,96,34,21,4
E00075235,262,124,87,39,10,2
E00075236,290,155,109,22,3,1
E00075237,199,46,78,56,13,6
E00075238,265,152,88,18,5,2
E00075239,272,136,95,34,6,1
E00075240,370,207,121,33,7,2
E00075241,271,123,101,36,10,1
E00075243,275,164,81,26,3,1
E00075244,272,134,98,29,8,3
E00075245,376,180,123,52,15,6
E00075246,340,162,128,35,13,2
E00075247,355,172,146,25,8,4
E00075248,113,67,27,16,3,0
E00075249,320,169,110,35,3,3
E00075250,341,177,117,36,6,5
E00075433,340,141,153,37,7,2
E00075434,335,167,121,34,11,2
E00075435,383,171,120,76,8,8
E00075436,319,178,96,39,6,0
E00075437,261,145,72,37,5,2
E00075438,342,230,86,24,1,1
E00075439,383,240,116,24,2,1
E00075440,290,152,86,34,13,5
E00075591,117,72,32,12,1,0
E00075592,433,230,148,37,16,2
E00075593,347,185,123,33,4,2
E00075601,166,100,58,8,0,0
E00075709,257,150,87,14,5,1
E00075710,505,189,204,74,34,4
E00075711,283,167,87,24,5,0
E00075712,256,116,94,37,7,2
E00075713,298,184,85,22,5,2
E00075714,271,138,84,39,10,0
E00075715,304,174,95,24,11,0
E00075716,188,56,71,49,10,2
E00075717,316,133,125,39,16,3
E00075718,244,113,88,33,10,0
E00075719,308,148,128,24,6,2
E00075720,262,137,95,24,5,1
E00075721,284,146,103,26,7,2
E00075722,336,165,126,41,4,0
E00075723,340,178,109,44,5,4
E00075724,279,117,84,47,18,13
E00075725,367,157,135,54,18,3
E00075726,417,196,164,40,13,4
E00075727,368,210,111,37,8,2
E00075728,314,162,110,36,6,0
E00075729,401,175,131,70,20,5
E00075730,320,172,107,34,5,2
E00075731,467,256,138,47,18,8
E00075732,296,138,112,34,12,0
E00075733,355,200,112,35,6,2
E00075734,291,157,97,30,7,0
E00075735,316,189,98,24,4,1
E00075736,275,121,104,38,10,2
E00075737,301,125,118,48,9,1
E00075738,302,115,112,57,15,3
E00075739,214,85,72,43,9,5
E00075740,326,170,117,32,6,1
E00075741,272,171,78,17,5,1
E00075742,211,72,62,52,20,5
E00075743,276,122,103,31,16,4
E00075744,303,153,108,30,9,3
E00075745,280,121,120,31,6,2
E00075746,105,50,36,14,4,1
E00075747,321,192,87,36,6,0
E00075748,352,178,113,41,14,6
E00075749,287,114,98,50,18,7
E00075750,357,156,137,47,15,2
E00075751,365,203,121,32,8,1
E00075752,301,163,105,21,10,2
E00078250,231,117,75,27,9,3
E00112295,278,143,102,27,6,0
E00112296,237,110,84,29,13,1
E00112297,358,198,121,31,6,2
E00112298,460,235,143,57,18,7
E00112299,270,159,84,22,3,2
E00112300,248,128,86,26,6,2
E00112301,313,198,86,22,7,0
E00112302,226,112,91,17,4,2
E00112303,261,155,82,16,7,1
E00112304,246,132,84,18,11,1
E00112305,215,115,60,27,10,3
E00112306,260,131,88,32,8,1
E00112307,221,141,66,12,2,0
E00112308,228,113,81,28,5,1
E00112309,134,44,54,27,6,3
E00112310,272,133,98,33,8,0
E00112311,208,110,63,24,10,1
E00112312,237,148,61,20,5,3
E00112313,132,72,38,14,6,2
E00112314,300,185,91,17,6,1
E00112315,290,193,68,24,3,2
E00112316,255,131,80,30,11,3
E00112317,261,140,90,25,4,2
E00112319,227,98,81,34,10,4
E00112320,314,185,94,31,3,1
E00112321,294,149,102,31,9,3
E00112322,267,135,97,29,6,0
E00112323,329,201,96,23,5,4
E00112324,303,172,96,29,4,2
E00112325,275,151,91,23,6,4
E00112326,328,190,105,25,5,3
E00112327,288,163,96,21,6,2
E00112328,236,104,86,38,6,2
E00112329,254,127,81,41,5,0
E00112330,307,167,88,36,12,4
E00112331,292,138,121,24,9,0
E00112332,289,159,92,30,7,1
E00112333,345,191,118,27,8,1
E00112334,280,122,105,39,11,3
E00112335,228,98,99,19,10,2
E00112336,242,101,80,45,14,2
E00112337,451,287,131,27,4,2
E00112338,345,152,139,40,12,2
E00112339,266,114,90,49,9,4
E00112340,279,152,101,24,2,0
E00112341,274,102,118,43,8,3
E00112342,311,117,130,56,6,2
E00112343,282,136,101,37,5,3
E00112344,267,111,105,39,10,2
E00112345,309,151,122,25,10,1
E00112346,302,139,124,32,6,1
E00112347,292,137,109,32,10,4
E00112348,309,153,126,25,3,2
E00112349,321,147,92,53,23,6
E00112350,301,166,97,29,9,0
E00112351,293,158,102,25,7,1
E00112352,334,210,99,21,4,0
E00112353,243,149,57,29,6,2
E00112354,377,179,99,79,14,6
E00112355,318,201,80,32,1,4
E00112356,330,151,104,54,20,1
E00112357,298,164,95,32,6,1
E00112358,305,173,97,24,8,3
E00112359,272,149,92,28,2,1
E00112360,303,172,106,22,2,1
E00112361,189,86,58,29,15,1
E00112362,294,139,101,39,11,4
E00112363,264,128,90,33,8,5
E00112364,339,185,107,37,8,2
E00112365,275,154,89,28,3,1
E00112366,297,132,108,42,13,2
E00112367,275,160,82,25,8,0
E00112368,309,160,115,24,7,3
E00112369,293,154,95,36,7,1
E00112370,303,155,108,32,6,2
E00112371,310,185,83,31,5,6
E00112372,240,110,78,40,9,3
E00112373,289,153,99,33,2,2
E00112374,292,168,84,32,8,0
E00112375,196,120,54,17,5,0
E00112376,270,158,79,23,8,2
E00112377,218,83,95,31,8,1
E00112378,288,145,94,38,9,2
E00112379,360,207,114,26,12,1
E00112380,283,145,97,33,8,0
E00112381,200,80,69,42,8,1
E00112382,243,115,87,33,6,2
E00112383,346,212,110,22,2,0
E00112384,411,223,115,47,19,7
E00112386,272,151,94,19,6,2
E00112387,176,97,58,15,3,3
E00112388,274,149,95,20,9,1
E00112389,247,142,85,18,1,1
E00112390,273,162,89,20,2,0
E00112391,247,131,85,24,5,2
E00112392,362,234,97,24,6,1
E00112393,299,176,85,29,7,2
E00112394,265,168,69,26,1,1
E00112395,303,177,94,24,6,2
E00112396,301,145,118,32,4,2
E00112397,353,179,124,41,6,3
E00112398,254,137,76,32,8,1
E00112399,272,139,102,22,7,2
E00112400,198,107,59,24,6,2
E00112401,282,143,89,35,12,3
E00112402,280,149,96,31,3,1
E00112403,286,123,99,54,10,0
E00112404,289,161,98,23,4,3
E00112405,345,169,109,49,16,2
E00112406,215,75,84,37,18,1
E00112407,318,123,123,47,17,8
E00112408,339,149,126,46,14,4
E00112409,289,137,93,41,15,3
E00112410,314,135,125,32,18,4
E00112411,321,134,119,43,17,8
E00112412,392,148,153,67,21,3
E00112413,286,133,91,44,15,3
E00112414,481,251,170,49,10,1
E00112415,263,79,87,78,11,8
E00112417,292,158,80,42,11,1
E00112418,262,103,98,45,14,2
E00112419,575,336,181,44,12,2
E00112420,338,185,113,34,6,0
E00112423,323,124,123,57,15,4
E00112424,257,96,99,39,21,2
E00112425,365,220,108,27,8,2
E00112427,225,115,88,14,8,0
E00112428,198,94,71,21,11,1
E00112429,190,75,70,36,6,3
E00112430,196,95,87,13,0,1
E00112431,185,97,67,16,3,2
E00112432,178,73,65,31,9,0
E00112433,406,193,148,43,18,4
E00112434,182,92,65,22,1,2
E00112435,277,116,118,34,9,0
E00112436,185,43,49,75,12,6
E00112437,215,88,64,36,13,14
E00112439,315,167,90,37,20,1
E00112440,230,124,82,20,3,1
E00112441,261,143,84,26,8,0
E00112442,186,107,60,14,5,0
E00112443,230,116,70,33,9,2
E00112444,320,185,60,61,8,6
E00112445,171,89,64,16,1,1
E00112446,332,211,85,30,5,1
E00112447,320,187,95,30,6,2
E00112448,250,128,82,32,6,2
E00112449,258,154,80,17,7,0
E00112450,326,178,100,42,4,2
E00112451,240,152,61,22,4,1
E00112452,256,137,76,33,9,1
E00112453,311,156,112,29,13,1
E00112454,290,159,80,43,8,0
E00112455,346,200,115,24,5,2
E00112456,262,137,94,26,5,0
E00112457,255,119,83,41,12,0
E00112458,254,119,95,32,8,0
E00112459,248,149,82,11,6,0
E00112460,328,191,108,25,4,0
E00112461,327,156,104,46,14,7
E00112462,339,209,95,32,3,0
E00112463,333,167,117,36,8,5
E00112464,342,159,125,44,11,3
E00112465,385,212,105,48,17,3
E00112466,272,91,99,59,16,7
E00112467,336,145,134,44,10,3
E00112468,287,135,86,43,17,6
E00112469,315,135,109,57,11,3
E00112470,280,126,88,41,19,6
E00112471,234,93,62,54,20,5
E00112472,278,118,105,34,18,3
E00112473,304,142,96,43,17,6
E00112474,273,104,107,38,20,4
E00112475,372,199,117,39,14,3
E00112476,220,83,60,62,11,4
E00112477,256,110,80,51,12,3
E00112478,211,94,80,32,4,1
E00112479,385,189,136,47,12,1
E00112480,305,156,83,44,18,4
E00112481,180,52,52,50,23,3
E00112482,313,137,100,41,28,7
E00112483,183,83,62,28,7,3
E00112484,268,162,78,23,4,1
E00112485,282,166,70,31,14,1
E00112486,437,243,155,31,7,1
E00112487,362,197,121,34,7,3
E00112488,509,315,148,39,7,0
E00112489,423,229,136,45,12,1
E00112490,297,135,100,49,9,4
E00112491,227,87,87,44,7,2
E00112492,243,156,65,12,5,5
E00112493,313,160,99,30,13,11
E00112494,215,80,71,50,12,2
E00112495,241,155,55,27,3,1
E00112496,310,195,94,18,2,1
E00112497,253,149,85,14,3,2
E00112498,259,108,110,35,5,1
E00112499,291,154,88,41,6,2
E00112500,437,251,141,37,6,2
E00112501,208,83,80,36,7,2
E00112502,284,150,100,25,7,2
E00112503,263,129,103,26,5,0
E00112504,567,373,140,42,8,4
E00112505,408,212,149,36,5,6
E00112506,209,125,68,14,1,1
E00112507,267,147,99,17,3,1
E00112508,250,130,97,16,6,1
E00112509,238,119,85,27,6,1
E00112510,221,84,89,32,9,7
E00112511,240,122,74,29,9,6
E00112512,257,131,76,29,16,5
E00112513,243,142,74,23,3,1
E00112514,297,138,125,30,4,0
E00112515,291,132,121,32,5,1
E00112516,276,105,116,38,14,3
E00112517,257,139,92,23,3,0
E00112518,175,57,59,44,13,2
E00112519,207,105,76,23,2,1
E00112520,264,109,96,45,10,4
E00112521,271,173,74,20,2,2
E00112522,226,128,65,28,3,2
E00112523,261,160,87,12,2,0
E00112524,241,130,83,21,7,0
E00112525,228,122,77,22,5,2
E00112526,268,122,109,32,3,2
E00112527,337,184,101,33,15,4
E00112528,243,115,76,38,10,4
E00112529,260,99,107,37,14,3
E00112530,271,112,119,26,9,5
E00112531,315,145,121,38,9,2
E00112532,232,126,66,33,7,0
E00112533,324,174,100,39,8,3
E00112534,285,150,91,31,13,0
E00112535,279,139,106,22,10,2
E00112536,314,139,128,40,4,3
E00112537,290,147,99,37,6,1
E00112538,240,94,98,42,4,2
E00112539,294,132,113,37,8,4
E00112540,306,107,112,63,17,7
E00112541,265,116,92,47,10,0
E00112542,333,178,113,32,8,2
E00112543,309,124,95,66,15,9
E00112544,317,131,116,50,16,4
E00112545,319,136,127,45,10,1
E00112546,310,147,98,46,15,4
E00112547,322,133,125,52,11,1
E00112548,303,132,107,39,18,7
E00112549,278,126,101,36,12,3
E00112550,306,153,96,39,14,4
E00112551,317,134,123,46,9,5
E00112552,179,58,71,33,10,7
E00112553,202,61,79,39,20,3
E00112554,277,158,88,24,5,2
E00112555,355,167,130,44,12,2
E00112556,193,68,54,47,17,7
E00112557,337,161,116,42,12,6
E00112558,450,243,149,46,8,4
E00112559,274,138,87,38,9,2
E00112560,324,139,125,48,12,0
E00112561,309,124,133,40,10,2
E00112562,395,180,140,56,16,3
E00112563,341,148,115,53,19,6
E00112564,438,216,162,48,10,2
E00112565,308,173,101,25,8,1
E00112566,424,225,164,28,7,0
E00112567,370,205,117,36,7,5
E00112568,377,188,138,41,9,1
E00112570,329,122,112,63,25,7
E00112571,309,161,106,36,6,0
E00112572,418,210,168,30,8,2
E00112573,368,176,145,37,9,1
E00112574,312,143,127,25,14,3
E00112575,225,96,69,33,22,5
E00112576,451,222,164,48,13,4
E00112577,315,154,117,31,13,0
E00112578,270,123,84,49,13,1
E00112579,340,161,104,51,19,5
E00112580,250,110,83,37,19,1
E00112581,249,100,82,44,15,8
E00112582,286,153,107,21,3,2
E00112583,303,135,107,46,8,7
E00112584,439,263,143,20,12,1
E00112585,266,110,106,38,8,4
E00112586,271,122,104,31,9,5
E00112587,286,117,114,44,9,2
E00112588,415,203,150,52,9,1
E00112589,280,129,87,44,14,6
E00112590,255,102,92,46,13,2
E00112591,363,201,127,32,2,1
E00112592,305,149,105,40,9,2
E00112593,336,153,93,82,6,2
E00112594,346,195,108,30,10,3
E00112595,572,311,207,42,7,5
E00112596,297,119,120,41,15,2
E00112597,421,186,175,39,13,8
E00112598,227,94,62,46,23,2
E00112599,323,154,132,25,9,3
E00112600,248,116,114,15,2,1
E00112601,299,139,118,30,12,0
E00112602,296,144,89,51,8,4
E00112603,331,150,120,44,11,6
E00112604,285,127,111,32,12,3
E00112605,286,104,104,61,14,3
E00112606,480,228,165,64,14,9
E00112607,219,59,62,39,48,11
E00112608,367,132,177,40,13,5
E00112609,251,104,90,38,15,4
E00112610,274,108,118,34,13,1
E00112611,260,115,82,45,16,2
E00112612,295,127,109,41,15,3
E00112613,256,102,105,39,5,5
E00112614,301,118,122,43,17,1
E00112615,304,126,131,36,10,1
E00112616,440,193,166,59,13,9
E00112617,238,66,100,59,9,4
E00112619,296,119,124,36,14,3
E00112620,245,101,113,28,1,2
E00112621,345,160,137,34,11,3
E00112622,312,129,119,45,15,4
E00112623,296,155,106,27,6,2
E00112624,304,136,117,35,12,4
E00112625,230,88,90,37,13,2
E00112626,280,128,104,37,7,4
E00112627,314,165,101,36,10,2
E00112628,260,128,87,38,6,1
E00112629,275,98,99,57,20,1
E00112630,333,174,100,42,11,6
E00112631,310,139,132,32,6,1
E00112632,301,130,117,48,6,0
E00112633,316,128,141,40,6,1
E00112634,367,188,130,41,6,2
E00112635,336,159,121,44,6,6
E00112636,273,153,79,31,8,2
E00112637,373,187,128,45,10,3
E00112638,286,134,114,34,1,3
E00112639,269,116,111,37,4,1
E00112640,323,162,104,43,11,3
E00112641,254,107,101,34,11,1
E00112642,232,102,81,37,8,4
E00112643,313,144,123,41,5,0
E00112644,266,110,81,54,15,6
E00112645,313,145,124,40,4,0
E00112646,300,155,102,34,6,3
E00112647,259,107,104,35,11,2
E00112648,258,109,101,36,11,1
E00112649,330,168,114,33,12,3
E00112650,407,215,147,34,10,1
E00112651,327,132,116,54,18,7
E00112652,350,190,131,25,4,0
E00112653,336,185,105,35,11,0
E00112654,190,90,53,36,10,1
E00112655,327,198,100,24,4,1
E00112656,294,164,102,23,4,1
E00112657,288,159,107,18,2,2
E00112658,266,111,108,36,7,4
E00112659,260,133,103,21,3,0
E00112660,310,129,119,47,9,6
E00112661,304,120,120,36,23,5
E00112662,261,107,97,25,24,8
E00112663,232,83,95,40,11,3
E00112664,211,115,80,16,0,0
E00112665,312,144,113,49,5,1
E00112666,229,108,85,26,9,1
E00112667,273,179,77,14,3,0
E00112668,321,190,99,23,6,3
E00112669,275,131,110,28,6,0
E00112670,324,167,99,33,18,7
E00112671,237,87,100,35,13,2
E00112672,219,100,83,28,5,3
E00112673,268,115,98,44,11,0
E00112674,222,83,88,34,15,2
E00112675,196,57,83,46,9,1
E00112676,254,120,85,30,13,6
E00112677,264,105,101,46,8,4
E00112678,310,184,110,16,0,0
E00112679,232,128,90,10,4,0
E00112680,214,138,65,10,1,0
E00112681,301,158,79,53,8,3
E00112682,335,184,120,24,6,1
E00112683,218,135,54,23,5,1
E00112684,209,105,82,20,2,0
E00112685,293,154,91,38,9,1
E00112686,334,155,115,52,10,2
E00112687,194,112,71,8,3,0
E00112688,131,90,27,10,4,0
E00112689,309,164,107,32,3,3
E00112690,363,135,157,54,15,2
E00112692,359,176,131,42,7,3
E00112695,333,161,123,35,11,3
E00112696,120,60,45,14,1,0
E00112697,232,127,78,23,4,0
E00112698,274,152,87,27,7,1
E00112699,144,77,50,13,3,1
E00112700,136,73,39,19,3,2
E00112701,417,218,132,53,11,3
E00112702,170,59,76,26,8,1
E00112703,215,54,83,56,20,2
E00112704,305,152,114,32,6,1
E00112705,281,77,128,57,17,2
E00112706,225,92,86,38,8,1
E00112707,316,137,124,44,8,3
E00112708,295,143,97,36,13,6
E00112709,235,84,82,57,10,2
E00112710,350,189,112,32,13,4
E00112711,354,173,119,46,12,4
E00112712,316,148,111,45,12,0
E00112713,264,133,100,21,10,0
E00112714,271,155,82,25,8,1
E00112715,206,98,76,25,5,2
E00112716,280,143,95,32,8,2
E00112717,296,111,99,55,23,8
E00112718,261,136,92,24,9,0
E00112719,360,173,114,50,16,7
E00112720,229,75,81,54,17,2
E00112721,197,63,90,31,11,2
E00112722,236,89,80,53,10,4
E00112723,298,128,117,47,4,2
E00112724,431,255,129,38,6,3
E00112725,256,111,97,39,8,1
E00112726,306,173,81,37,12,3
E00112727,223,98,83,31,9,2
E00112728,203,81,66,42,12,2
E00112729,124,74,39,7,4,0
E00112730,256,141,86,24,1,4
E00112731,353,159,138,43,11,2
E00112732,263,104,117,36,4,2
E00112733,228,86,84,45,11,2
E00112734,251,109,103,35,3,1
E00112735,267,107,101,49,7,3
E00112736,338,174,125,28,10,1
E00112737,264,131,96,28,7,2
E00112738,324,110,123,61,24,6
E00112739,266,108,113,34,8,3
E00112740,304,155,114,26,5,4
E00112741,257,112,101,31,12,1
E00112742,243,97,110,29,5,2
E00112743,317,164,91,47,13,2
E00112744,283,133,87,46,16,1
E00112745,295,122,98,51,16,8
E00112746,281,139,85,48,7,2
E00112747,107,55,43,7,2,0
E00112748,153,74,54,18,4,3
E00112749,278,143,93,32,6,4
E00112750,308,152,105,36,11,4
E00112751,242,82,109,44,6,1
E00112752,266,122,105,25,12,2
E00112753,215,92,95,20,7,1
E00112754,263,137,96,21,6,3
E00112755,324,193,99,28,4,0
E00112756,125,52,50,20,2,1
E00112757,134,79,37,13,3,2
E00112758,278,154,88,29,4,3
E00112759,254,150,80,23,1,0
E00112760,112,52,51,7,1,1
E00112761,239,108,101,24,3,3
E00112762,299,157,111,25,5,1
E00112763,351,168,122,46,12,3
E00112764,145,81,46,12,5,1
E00112765,278,143,96,31,6,2
E00112766,304,169,106,20,7,2
E00112767,354,201,120,27,6,0
E00112768,319,184,98,29,4,4
E00112769,328,177,99,44,6,2
E00112770,322,151,114,42,11,4
E00112771,309,145,122,33,7,2
E00112772,353,179,138,28,8,0
E00112773,395,176,159,48,10,2
E00112774,480,264,148,47,17,4
E00112775,280,125,101,29,23,2
E00112776,348,185,129,29,4,1
E00112777,320,128,119,47,18,8
E00112778,346,177,107,50,10,2
E00112779,272,108,107,44,10,3
E00112780,308,127,120,39,14,8
E00112781,364,166,142,46,8,2
E00112783,238,125,79,26,7,1
E00112784,275,146,102,22,4,1
E00112785,247,104,94,43,5,1
E00112786,234,130,87,12,4,1
E00112787,118,61,34,18,3,2
E00112788,364,164,132,50,15,3
E00112789,221,105,78,26,10,2
E00112790,168,95,56,11,6,0
E00112791,156,69,54,25,5,3
E00112792,271,113,99,39,16,4
E00112793,323,159,106,49,6,3
E00112794,222,78,93,35,12,4
E00112795,329,173,97,44,11,4
E00112796,200,57,70,58,12,3
E00112797,155,59,50,35,10,1
E00112798,602,342,197,42,15,6
E00112799,290,140,95,46,8,1
E00112800,289,140,100,45,4,0
E00112801,181,86,65,25,4,1
E00112802,276,122,82,54,16,2
E00112803,188,50,66,63,6,3
E00112804,241,108,86,36,10,1
E00112805,430,237,141,43,8,1
E00112806,342,165,125,44,5,3
E00112807,315,137,139,35,3,1
E00112808,276,157,91,21,6,1
E00112809,337,155,118,47,14,3
E00112810,365,199,112,39,11,4
E00112811,320,164,114,36,6,0
E00112812,343,186,117,37,2,1
E00112813,339,187,119,27,5,1
E00112814,291,145,101,37,5,3
E00112815,256,95,100,46,13,2
E00112816,282,127,100,44,7,4
E00112817,276,125,102,38,8,3
E00112818,259,105,90,41,20,3
E00112819,311,139,125,34,11,2
E00112820,284,118,103,40,17,6
E00112821,277,127,119,29,2,0
E00112822,324,113,127,64,14,6
E00112823,300,118,120,47,11,4
E00112824,377,185,130,47,12,3
E00112825,370,187,135,34,11,3
E00112826,335,186,104,33,9,3
E00112827,387,152,113,79,28,15
E00112828,244,98,95,42,6,3
E00112829,289,153,96,29,6,5
E00112830,283,161,86,28,6,2
E00112831,337,172,115,36,12,2
E00112832,265,151,85,23,5,1
E00112833,225,116,80,21,7,1
E00112834,165,119,34,8,3,1
E00112835,248,146,74,19,8,1
E00112836,270,127,100,34,9,0
E00112837,364,151,130,55,27,1
E00112838,240,109,92,32,7,0
E00112839,300,150,112,27,9,2
E00112840,262,105,111,38,6,2
E00112841,282,136,100,37,9,0
E00112842,300,154,97,35,12,2
E00112843,320,131,133,40,11,5
E00112844,240,119,68,36,12,5
E00112845,256,93,90,65,6,2
E00112846,336,183,108,33,10,2
E00112847,336,177,122,23,12,2
E00112848,192,102,63,17,10,0
E00112849,318,200,83,30,3,2
E00112850,285,143,103,32,4,3
E00112851,391,173,157,49,11,1
E00112852,355,164,128,50,10,3
E00112853,213,106,79,20,7,1
E00112854,343,170,120,45,5,3
E00112855,128,58,46,20,3,1
E00112856,364,184,129,42,6,3
E00112857,129,60,50,17,2,0
E00112858,306,153,119,27,6,1
E00112859,415,223,141,45,5,1
E00112860,273,145,103,22,2,1
E00112861,265,128,109,23,4,1
E00112862,309,163,98,29,10,9
E00112863,190,117,62,8,1,2
E00112865,171,103,49,15,4,0
E00112866,245,141,91,9,3,1
E00112867,193,82,63,36,9,3
E00112868,128,41,42,36,8,1
E00112869,408,211,143,41,13,0
E00112871,367,187,133,33,12,2
E00112874,229,114,90,20,4,1
E00112875,232,120,75,22,11,4
E00112876,218,99,80,30,4,5
E00112877,289,115,106,52,13,3
E00112878,230,74,79,58,18,1
E00112879,431,236,134,49,11,1
E00112880,113,70,32,10,1,0
E00112881,267,115,108,38,6,0
E00112882,257,79,83,75,17,3
E00112883,199,97,63,30,7,2
E00112884,300,129,119,42,8,2
E00112885,286,163,86,28,7,2
E00112886,260,148,86,24,2,0
E00112887,253,97,104,45,6,1
E00112888,256,97,83,58,16,2
E00112889,209,69,61,53,23,3
E00112890,279,123,117,27,10,2
E00112891,268,113,107,40,6,2
E00112893,283,141,91,42,8,1
E00112894,354,164,141,41,8,0
E00112895,236,87,81,53,11,4
E00112896,265,98,105,49,11,2
E00112897,257,105,103,42,6,1
E00112898,300,131,118,39,8,4
E00112899,341,151,132,25,16,17
E00112900,335,187,105,35,7,1
E00112901,298,155,108,29,4,2
E00112902,276,136,103,28,6,3
E00112903,330,166,118,37,8,1
E00112904,274,101,84,68,15,6
E00112905,367,192,133,34,6,2
E00112906,280,154,91,31,4,0
E00112907,208,103,78,20,3,4
E00112908,202,114,60,23,4,1
E00112909,339,203,101,32,3,0
E00112910,385,228,126,23,6,2
E00112911,322,205,93,21,1,2
E00112913,209,124,65,17,1,2
E00112914,271,165,83,20,3,0
E00112915,306,164,96,38,7,1
E00112916,112,53,48,9,2,0
E00112917,309,170,96,33,9,1
E00112918,245,139,74,28,3,1
E00112920,343,210,96,32,4,1
E00112921,212,106,65,28,13,0
E00112922,224,106,90,22,5,1
E00112923,168,91,66,8,3,0
E00112924,184,112,59,8,5,0
E00112925,333,176,117,32,6,2
E00112926,365,213,116,29,5,2
E00112927,346,148,133,43,19,3
E00112928,294,146,111,28,5,4
E00112929,343,168,123,43,7,2
E00112930,315,148,97,50,11,9
E00112931,319,121,134,50,12,2
E00112932,259,139,84,30,4,2
E00112933,292,135,106,33,17,1
E00112934,303,148,105,38,12,0
E00112935,312,128,130,41,12,1
E00112936,379,201,140,32,5,1
E00112937,248,94,87,53,10,4
E00112938,256,116,92,34,14,0
E00112939,295,141,101,38,8,7
E00112940,231,95,83,36,13,4
E00112941,368,144,132,57,27,8
E00112942,336,182,117,31,6,0
E00112943,308,157,88,43,15,5
E00112944,268,129,92,34,11,2
E00112945,268,158,85,21,3,1
E00112946,239,102,100,30,5,2
E00112947,257,158,80,14,3,2
E00112948,385,216,127,36,6,0
E00112949,394,215,122,43,10,4
E00112950,412,206,132,54,17,3
E00112951,296,158,93,34,8,3
E00112952,223,102,89,24,7,1
E00112953,352,168,135,36,9,4
E00112954,389,175,155,52,6,1
E00112955,271,147,89,26,7,2
E00112956,192,124,54,11,3,0
E00112957,177,102,48,25,2,0
E00112958,188,106,65,13,3,1
E00112959,327,137,82,76,27,5
E00112960,205,56,87,37,18,7
E00112961,411,204,153,38,13,3
E00112962,216,91,81,38,4,2
E00112963,417,182,135,70,23,7
E00112964,479,242,183,47,5,2
E00112965,307,162,95,41,8,1
E00112966,313,165,107,31,8,2
E00112967,352,179,126,40,6,1
E00112968,290,144,105,29,11,1
E00112969,211,126,65,16,2,2
E00112970,230,111,80,37,1,1
E00112971,241,91,91,39,14,6
E00112972,306,177,107,17,5,0
E00112973,239,86,83,57,9,4
E00112974,354,173,129,41,8,3
E00112975,621,413,159,43,4,2
E00112976,191,85,63,33,7,3
E00112977,315,139,117,47,10,2
E00112978,356,168,130,47,8,3
E00112979,355,175,110,52,16,2
E00112980,334,183,95,42,12,2
E00112981,329,162,102,42,21,2
E00112982,302,113,124,50,11,4
E00112983,274,116,89,50,16,3
E00112984,322,122,136,46,15,3
E00112985,316,145,116,39,14,2
E00112986,471,194,182,71,21,3
E00112987,306,123,117,44,16,6
E00112988,246,86,101,37,20,2
E00112989,319,152,120,35,9,3
E00112990,372,165,139,52,13,3
E00112991,571,242,196,102,25,6
E00112992,150,51,40,34,18,7
E00112993,277,115,104,43,10,5
E00112994,416,197,145,53,20,1
E00112995,238,94,101,32,11,0
E00112996,265,135,91,21,12,6
E00112997,441,194,134,81,16,16
E00112998,318,167,107,39,4,1
E00112999,333,162,119,38,10,4
E00113000,219,104,67,36,8,4
E00113001,178,91,55,23,7,2
E00113002,409,175,160,42,26,6
E00113003,276,130,88,41,17,0
E00113004,252,109,82,41,16,4
E00113005,331,153,107,58,11,2
E00113006,124,64,43,13,3,1
E00113007,248,105,102,38,2,1
E00113008,337,167,130,33,6,1
E00113009,248,90,100,37,16,5
E00113010,316,172,86,48,8,2
E00113011,272,132,78,43,14,5
E00113012,358,187,114,39,15,3
E00113013,407,199,133,58,16,1
E00113014,323,184,101,30,6,2
E00113015,309,143,115,41,8,2
E00113016,283,118,105,42,12,6
E00113017,299,164,92,29,12,2
E00113018,280,145,89,39,4,3
E00113019,408,195,134,59,17,3
E00113020,287,129,82,62,11,3
E00113021,300,133,104,48,10,5
E00113022,220,79,85,38,15,3
E00113023,305,125,115,48,13,4
E00113024,270,118,103,33,11,5
E00113025,266,140,87,33,5,1
E00113026,119,60,39,18,2,0
E00113027,360,159,137,49,11,4
E00113028,405,173,150,65,13,4
E00113029,340,172,118,45,0,5
E00113030,279,116,106,43,12,2
E00113031,281,146,92,33,8,2
E00113032,301,125,121,44,8,3
E00113033,328,125,138,49,12,4
E00113034,306,118,118,46,21,3
E00113035,296,120,126,40,9,1
E00113036,280,101,101,49,25,4
E00113037,260,75,93,60,27,5
E00113038,321,133,122,53,9,4
E00113039,274,91,113,57,9,4
E00113040,295,124,121,39,9,2
E00113041,324,149,120,40,12,3
E00113042,279,107,113,40,19,0
E00113043,256,109,74,51,16,6
E00113044,281,122,113,34,9,3
E00113045,340,156,137,38,7,2
E00113046,292,123,114,43,9,3
E00113047,338,118,125,68,23,4
E00113048,231,81,87,41,17,5
E00113049,312,125,98,71,12,6
E00113050,232,77,82,49,20,4
E00113051,525,258,186,60,13,8
E00113052,303,138,107,40,14,4
E00113053,354,140,146,52,14,2
E00113054,460,192,174,74,16,4
E00113055,198,59,75,43,16,5
E00113056,287,130,96,41,15,5
E00113057,261,79,105,52,24,1
E00113058,317,115,97,76,22,7
E00113059,352,144,132,44,17,15
E00113060,219,98,76,32,10,3
E00113061,295,95,109,65,17,9
E00113062,228,67,83,50,24,4
E00113063,313,144,98,52,18,1
E00113064,285,124,98,44,16,3
E00113065,297,128,101,45,19,4
E00113066,238,96,72,47,19,4
E00113067,295,122,102,45,19,7
E00113068,233,86,87,44,14,2
E00113069,354,158,125,48,19,4
E00113070,327,130,115,50,25,7
E00113071,343,173,121,34,12,3
E00113072,247,83,93,49,18,4
E00113073,318,124,122,48,19,5
E00113074,256,90,90,59,13,4
E00113075,226,112,79,28,6,1
E00113076,237,89,94,41,11,2
E00113077,303,111,113,55,19,5
E00113078,221,96,68,39,12,6
E00113079,346,154,122,55,14,1
E00113080,257,111,68,52,20,6
E00113081,296,117,109,46,15,9
E00113082,303,152,111,30,6,4
E00113083,285,138,89,41,14,3
E00113084,338,140,110,65,16,7
E00113085,311,108,127,48,25,3
E00113086,319,137,117,48,17,0
E00113087,193,99,65,22,5,2
E00113088,385,182,134,49,16,4
E00113090,414,221,145,29,14,5
E00113091,276,141,99,29,4,3
E00113092,317,149,108,43,12,5
E00113093,167,77,64,21,4,1
E00113094,259,126,99,26,6,2
E00113095,263,118,96,36,11,2
E00113096,298,122,109,46,17,4
E00113097,386,206,140,30,5,5
E00113098,316,141,119,41,14,1
E00113099,344,163,127,41,11,2
E00113100,350,158,132,43,11,6
E00113101,286,102,97,54,26,7
E00113102,296,111,120,42,21,2
E00113103,249,91,106,38,9,5
E00113104,323,135,130,43,12,3
E00113105,288,96,128,52,9,3
E00113106,368,163,135,49,18,3
E00113107,376,142,160,50,23,1
E00113108,363,159,132,49,17,6
E00113109,209,85,83,27,11,3
E00113110,312,133,116,49,12,2
E00113111,303,143,105,40,11,4
E00113112,298,130,102,45,18,3
E00113113,315,138,108,51,13,5
E00113114,290,129,99,35,23,4
E00113115,260,115,104,29,10,2
E00113116,308,140,110,47,9,2
E00113117,298,134,113,38,9,4
E00113118,275,97,117,47,12,2
E00113119,235,88,91,43,6,7
E00113120,265,116,93,45,8,3
E00113121,261,119,74,50,14,4
E00113122,317,123,137,45,10,2
E00113123,325,139,122,50,13,1
E00113124,337,159,123,47,8,0
E00113125,252,77,90,61,15,9
E00113126,168,80,51,34,2,1
E00113127,319,144,101,50,21,3
E00113128,283,133,106,35,6,3
E00113129,266,107,94,48,13,4
E00113130,277,93,106,61,16,1
E00113131,332,155,126,30,19,2
E00113132,270,70,108,59,32,1
E00113133,325,133,115,57,16,4
E00113134,316,97,113,56,32,18
E00113135,215,82,66,47,14,6
E00113136,277,126,90,37,17,7
E00113137,329,136,113,51,22,7
E00113138,281,123,107,39,10,2
E00113139,383,157,157,53,13,3
E00113140,330,193,104,26,6,1
E00113141,335,175,107,42,9,2
E00113142,215,77,82,45,6,5
E00113143,294,131,84,59,16,4
E00113144,356,173,142,27,10,4
E00113145,320,140,119,37,20,4
E00113146,342,150,143,38,8,3
E00113147,251,92,94,45,20,0
E00113148,277,110,112,40,8,7
E00113149,306,162,95,42,6,1
E00113150,329,138,138,38,13,2
E00113151,341,150,126,44,18,3
E00113152,427,177,182,45,18,5
E00113153,315,109,113,67,20,6
E00113154,412,161,138,67,32,14
E00113155,396,171,168,46,9,2
E00113156,321,136,129,43,12,1
E00113157,326,100,126,68,21,11
E00113158,393,144,123,87,24,15
E00113159,431,197,164,52,15,3
E00113160,307,124,122,43,14,4
E00113161,320,155,97,44,17,7
E00113162,289,107,119,51,11,1
E00113163,333,133,145,36,18,1
E00113164,314,121,121,60,8,4
E00113165,395,164,165,53,12,1
E00113166,319,166,97,44,7,5
E00113167,321,157,117,30,14,3
E00113168,299,133,108,36,18,4
E00113169,368,161,144,49,10,4
E00113170,190,57,54,52,20,7
E00113171,222,94,107,16,4,1
E00113172,301,125,111,47,15,3
E00113173,352,164,131,48,7,2
E00113174,353,160,124,61,8,0
E00113175,255,130,77,32,12,4
E00113176,375,200,123,36,15,1
E00113177,403,193,144,49,14,3
E00113178,271,146,98,20,5,2
E00113179,331,144,128,48,11,0
E00113180,319,139,106,43,23,8
E00113181,271,123,95,38,11,4
E00113182,316,130,99,58,21,8
E00113183,250,102,79,41,23,5
E00113184,268,111,109,34,11,3
E00113185,238,113,89,29,7,0
E00113186,327,161,111,40,12,3
E00113187,399,187,152,37,22,1
E00113188,359,168,132,48,10,1
E00113189,211,115,70,16,7,3
E00113190,354,147,136,53,13,5
E00113191,371,144,135,64,22,6
E00113192,377,155,129,76,16,1
E00113193,329,170,108,36,9,6
E00113194,361,150,121,62,20,8
E00113195,230,80,76,60,13,1
E00113196,325,115,141,56,12,1
E00113197,158,79,60,13,5,1
E00113198,354,158,146,39,7,4
E00113199,243,148,69,21,3,2
E00113200,273,118,103,36,14,2
E00113201,383,209,123,35,12,4
E00113202,317,145,118,43,7,4
E00113203,284,84,123,52,22,3
E00113204,346,146,130,57,12,1
E00113205,358,176,116,52,12,2
E00113206,354,174,120,46,13,1
E00113207,270,89,99,54,20,8
E00113208,300,123,120,37,19,1
E00113209,302,137,101,49,13,2
E00113210,375,163,153,47,11,1
E00113211,233,74,79,65,12,3
E00113212,307,143,109,46,7,2
E00113213,390,178,152,45,12,3
E00113214,366,154,125,55,31,1
E00113215,353,159,136,46,10,2
E00113216,440,251,143,37,7,2
E00113217,373,175,129,51,15,3
E00113218,288,144,99,34,10,1
E00113219,438,225,150,51,10,2
E00113220,294,137,102,45,8,2
E00113221,271,139,94,29,9,0
E00113222,222,87,67,52,12,4
E00113223,501,316,126,46,12,1
E00113224,357,192,107,50,7,1
E00113225,230,120,71,27,10,2
E00113226,277,126,106,35,8,2
E00113227,191,53,55,59,19,5
E00113228,294,123,104,51,10,6
E00113229,280,114,88,51,21,6
E00113230,355,132,125,66,25,7
E00113231,209,66,86,42,9,6
E00113232,363,185,132,36,8,2
E00113235,461,336,103,19,3,0
E00113236,244,173,61,8,1,1
E00113237,307,134,120,45,7,1
E00113238,284,150,96,26,9,3
E00113239,352,189,118,40,4,1
E00113240,256,96,78,70,12,0
E00113241,365,176,143,39,6,1
E00113242,429,230,146,43,9,1
E00113243,276,160,77,22,10,7
E00113244,557,280,196,65,13,3
E00113245,310,150,111,39,8,2
E00113246,348,182,125,33,6,2
E00113247,251,144,81,19,6,1
E00113248,263,129,97,32,3,2
E00113249,335,137,141,40,16,1
E00113250,351,199,111,35,4,2
E00113251,294,163,91,33,6,1
E00113252,287,111,93,51,28,4
E00113253,265,121,100,35,7,2
E00113254,212,92,86,23,10,1
E00113255,221,54,88,59,17,3
E00113256,240,133,79,21,4,3
E00113257,296,137,111,37,8,3
E00113258,347,173,115,44,14,1
E00113259,367,202,112,35,16,2
E00113260,432,232,161,31,5,3
E00113261,343,180,104,47,11,1
E00113262,259,98,115,34,10,2
E00113263,315,171,103,30,7,4
E00113264,252,109,86,45,11,1
E00113265,329,176,110,35,4,4
E00113266,301,184,82,25,8,2
E00113267,333,189,104,35,4,1
E00113268,382,217,115,40,8,2
E00113269,227,110,89,25,3,0
E00113270,308,167,99,30,11,1
E00113272,285,138,91,34,16,6
E00113273,241,109,93,27,10,2
E00113274,338,147,141,38,10,2
E00113275,527,222,216,65,18,6
E00113276,320,134,125,44,10,7
E00113277,339,146,118,60,12,3
E00113278,343,145,135,49,11,3
E00113279,353,170,122,40,15,6
E00113280,317,173,109,25,7,3
E00113281,603,290,220,60,25,8
E00113282,330,140,130,46,13,1
E00113283,324,165,106,40,10,3
E00113284,284,112,112,52,4,4
E00113285,292,139,113,33,4,3
E00113286,385,155,147,54,20,9
E00113287,341,174,130,30,6,1
E00113288,396,205,110,59,14,8
E00113289,283,129,106,40,8,0
E00113290,375,241,106,21,6,1
E00113291,276,108,97,45,19,7
E00113292,297,118,118,40,15,6
E00113293,365,163,140,38,17,7
E00113294,343,163,121,44,13,2
E00113295,336,124,142,49,16,5
E00113296,211,76,81,37,15,2
E00113297,288,153,102,28,4,1
E00113298,292,124,108,43,14,3
E00113299,345,138,138,47,15,7
E00113300,274,130,90,39,11,4
E00113301,604,303,232,50,15,4
E00113302,308,152,103,34,16,3
E00113303,369,155,129,58,22,5
E00113304,205,73,82,32,17,1
E00113305,294,130,104,28,24,8
E00113306,376,175,130,51,15,5
E00113307,265,95,112,42,12,4
E00113308,310,136,108,48,12,6
E00113309,307,134,121,38,12,2
E00113310,351,163,131,40,13,4
E00113311,410,156,163,54,27,10
E00113312,360,163,137,46,12,2
E00113313,331,141,130,42,12,6
E00113314,259,99,104,40,15,1
E00113315,225,101,87,29,7,1
E00113316,331,166,97,52,13,3
E00113317,276,118,106,47,4,1
E00113318,286,123,94,51,16,2
E00113319,299,129,98,43,23,6
E00113320,302,144,103,40,12,3
E00113321,244,85,110,34,10,5
E00113322,292,135,105,37,10,5
E00113323,372,176,115,49,26,6
E00113324,268,103,90,45,25,5
E00113325,334,123,116,64,20,11
E00113326,365,154,120,60,22,9
E00113327,257,113,98,29,14,3
E00113328,319,138,109,43,21,8
E00113329,383,193,137,38,13,2
E00113330,304,129,118,43,12,2
E00113331,436,230,128,49,19,10
E00113332,284,151,89,34,6,4
E00113333,299,150,111,29,7,2
E00113334,261,123,85,39,8,6
E00113335,284,133,102,38,8,3
E00113336,305,135,94,53,20,3
E00113337,338,179,119,34,4,2
E00113338,317,144,115,43,12,3
E00113339,324,118,136,58,10,2
E00113340,296,153,104,32,7,0
E00113341,238,104,85,34,10,5
E00113342,348,170,127,46,4,1
E00113343,295,166,85,38,4,2
E00113344,460,241,165,40,11,3
E00113345,294,133,114,34,9,4
E00113346,473,239,147,70,16,1
E00113347,398,151,141,80,22,4
E00113348,281,138,103,29,9,2
E00113349,281,140,98,34,7,2
E00113350,246,96,91,45,10,4
E00113351,351,147,128,57,15,4
E00113352,123,38,42,32,9,2
E00113353,288,114,113,43,16,2
E00113354,276,94,101,60,15,6
E00113355,258,85,106,49,15,3
E00113356,342,147,125,53,12,5
E00113357,237,75,88,49,23,2
E00113358,265,96,94,61,12,2
E00113359,260,95,97,53,12,3
E00113360,261,96,108,48,9,0
E00113361,272,112,102,52,5,1
E00113362,282,120,122,31,8,1
E00113363,387,172,148,45,19,3
E00113364,345,142,128,53,17,5
E00113365,306,127,139,33,7,0
E00113366,303,150,108,36,7,2
E00113367,348,201,104,29,12,2
E00113368,373,169,150,43,9,2
E00113369,316,136,127,38,10,5
E00113370,283,139,108,31,4,1
E00113371,374,198,135,32,7,2
E00113372,330,175,120,24,9,2
E00113373,353,221,98,20,9,5
E00113374,265,103,99,45,10,8
E00113375,312,141,103,54,13,1
E00113376,214,53,95,48,17,1
E00113377,243,99,96,40,7,1
E00113378,278,116,106,47,7,2
E00113379,258,103,95,47,12,1
E00113380,316,178,100,31,5,2
E00113381,319,157,114,37,10,1
E00113382,301,133,114,44,10,0
E00113383,312,143,114,45,9,1
E00113384,285,113,108,48,11,5
E00113385,321,176,102,36,5,2
E00113386,229,87,78,47,13,4
E00113387,205,103,71,21,9,1
E00113388,314,162,128,16,6,2
E00113389,346,211,101,32,1,1
E00113390,204,91,84,22,7,0
E00113391,297,181,88,23,4,1
E00113392,314,126,113,55,14,6
E00113393,318,143,121,35,18,1
E00113394,240,78,111,40,10,1
E00113395,258,80,116,44,15,3
E00113396,298,144,88,52,8,6
E00113397,312,139,130,29,11,3
E00113398,275,111,115,38,8,3
E00113399,259,110,85,47,14,3
E00113400,193,78,71,33,8,3
E00113401,323,168,110,32,11,2
E00113402,315,144,108,46,13,4
E00113403,278,122,105,37,11,3
E00113404,337,195,109,28,3,2
E00113405,121,24,36,48,11,2
E00113406,463,185,146,70,32,30
E00113407,179,22,52,69,28,8
E00113408,184,79,56,37,8,4
E00113409,338,143,106,66,22,1
E00113410,380,183,116,66,14,1
E00113412,321,109,120,65,15,12
E00113413,330,164,117,39,7,3
E00113414,219,84,84,30,14,7
E00113415,295,124,107,35,22,7
E00113416,301,156,101,34,9,1
E00113417,264,135,91,27,11,0
E00113418,327,136,100,74,16,1
E00113419,251,103,80,46,17,5
E00113420,248,99,100,31,17,1
E00113421,347,109,135,80,20,3
E00113422,251,112,85,39,12,3
E00113423,334,111,119,58,28,18
E00113424,514,271,177,56,8,2
E00113425,354,175,116,41,19,3
E00113426,262,150,81,25,6,0
E00113427,283,121,112,39,10,1
E00113428,287,116,116,43,8,4
E00113429,338,179,108,43,7,1
E00113430,287,137,94,47,7,2
E00113431,308,153,106,39,9,1
E00113432,253,83,88,65,13,4
E00113433,317,183,98,27,5,4
E00113434,353,182,132,29,10,0
E00113435,291,140,101,37,10,3
E00113436,312,161,98,40,11,2
E00113437,324,172,99,42,7,4
E00113438,282,114,111,45,10,2
E00113439,312,179,103,21,9,0
E00113440,228,73,102,47,5,1
E00113441,540,289,199,44,5,3
E00113442,339,192,101,33,11,2
E00113443,278,127,103,34,11,3
E00113444,303,126,106,50,19,2
E00113445,269,108,99,50,8,4
E00113446,339,157,135,36,9,2
E00113447,282,130,117,30,4,1
E00113448,311,154,105,40,8,4
E00113449,243,109,93,32,8,1
E00113450,298,141,114,37,6,0
E00113451,275,140,93,32,8,2
E00113452,320,159,104,43,12,2
E00113453,430,264,129,30,5,2
E00113454,378,186,112,55,20,5
E00113455,267,97,91,46,23,10
E00113456,381,145,159,56,15,6
E00113457,309,110,117,50,25,7
E00113458,242,90,94,31,19,8
E00113459,293,116,130,33,11,3
E00113460,193,82,67,32,11,1
E00113461,312,146,124,29,13,0
E00113462,273,107,98,50,14,4
E00113463,256,89,86,57,14,10
E00113464,242,115,91,31,5,0
E00113465,333,170,118,33,10,2
E00113466,445,226,145,52,20,2
E00113467,356,164,116,54,15,7
E00113468,212,82,64,43,20,3
E00113469,367,166,139,41,15,6
E00113470,263,91,114,45,6,7
E00113471,645,287,217,97,34,10
E00113472,321,150,105,50,15,1
E00113473,309,120,135,31,18,5
E00113474,222,53,105,52,9,3
E00113475,224,87,89,36,8,4
E00113476,250,101,82,46,19,2
E00113477,325,153,105,50,7,10
E00113478,255,80,97,53,21,4
E00113479,315,150,110,42,9,4
E00113480,184,34,66,62,14,8
E00113481,212,66,76,42,21,7
E00113482,258,78,99,49,24,8
E00113483,335,138,125,46,22,4
E00113484,323,151,113,43,10,6
E00113485,316,136,119,39,17,5
E00113486,225,83,86,33,22,1
E00113487,228,85,80,47,14,2
E00113488,208,79,63,54,10,2
E00113489,283,146,100,30,6,1
E00113490,314,137,111,50,12,4
E00113491,292,119,97,57,16,3
E00113492,261,90,107,43,16,5
E00113493,389,192,120,56,17,4
E00113494,278,111,126,28,11,2
E00113495,269,102,96,44,19,8
E00113496,323,144,118,43,14,4
E00113497,242,105,105,23,6,3
E00113498,346,169,123,45,7,2
E00113499,371,140,149,53,23,6
E00113500,292,144,95,34,15,4
E00113501,342,162,110,53,12,5
E00113502,346,166,130,40,9,1
E00113503,301,156,106,27,8,4
E00113504,360,186,115,43,12,4
E00113505,277,131,98,36,9,3
E00113506,288,123,112,44,8,1
E00113507,299,143,107,34,11,4
E00113508,351,156,126,54,12,3
E00113509,308,119,117,50,15,7
E00113510,348,200,99,41,6,2
E00113511,321,120,129,50,18,4
E00113512,348,118,130,73,23,4
E00113513,309,136,110,51,10,2
E00113514,362,182,113,47,17,3
E00113515,350,151,113,53,26,7
E00113516,341,189,102,34,14,2
E00113517,329,152,118,45,9,5
E00113518,315,150,121,36,7,1
E00113519,342,173,103,54,10,2
E00113520,356,171,122,49,12,2
E00113521,291,109,92,58,23,9
E00113522,382,180,139,42,15,6
E00113523,215,44,63,76,21,11
E00113524,369,157,136,55,16,5
E00113525,271,77,100,49,34,11
E00113526,321,116,114,63,18,10
E00113527,282,145,102,29,5,1
E00113528,353,174,126,42,7,4
E00113529,234,110,61,48,13,2
E00113530,276,73,109,68,22,4
E00113531,271,156,77,32,5,1
E00113532,270,124,105,31,7,3
E00113534,359,149,148,44,15,3
E00113535,270,119,114,27,7,3
E00113536,240,96,81,52,6,5
E00113537,145,20,60,42,16,7
E00113538,267,151,92,21,3,0
E00113539,268,100,117,38,11,2
E00113540,279,145,104,21,7,2
E00113541,354,194,129,26,5,0
E00113542,276,106,121,37,12,0
E00113543,245,110,98,29,5,3
E00113544,279,132,114,27,3,3
E00113545,240,129,80,23,5,3
E00113546,296,130,123,26,13,4
E00113547,238,134,90,14,0,0
E00113548,289,172,98,12,5,2
E00113549,254,123,91,29,10,1
E00113550,335,191,108,27,6,3
E00113551,448,236,173,35,4,0
E00113552,312,161,107,29,14,1
E00113553,402,243,119,30,9,1
E00113554,298,183,98,13,3,1
E00113555,315,184,118,11,0,2
E00113556,441,296,118,20,4,3
E00113557,310,154,135,19,2,0
E00113558,398,226,120,40,10,2
E00113560,285,163,99,15,7,1
E00113561,267,144,93,26,4,0
E00113562,322,170,121,26,5,0
E00113563,313,144,112,39,11,7
E00113564,250,142,86,14,7,1
E00113565,392,146,114,79,41,12
E00113566,252,148,80,21,1,2
E00113567,282,156,93,23,9,1
E00113568,240,129,79,25,7,0
E00113569,243,144,70,23,3,3
E00113570,315,178,119,17,1,0
E00113571,253,84,80,54,29,6
E00113572,327,142,126,47,10,2
E00113573,289,140,113,23,10,3
E00113574,389,136,138,86,24,5
E00113575,336,160,97,58,19,2
E00113576,275,113,124,33,3,2
E00113577,382,187,120,57,13,5
E00113578,278,120,94,47,12,5
E00113579,307,157,105,35,8,2
E00113580,302,139,109,42,11,1
E00113581,288,118,78,60,25,7
E00113582,377,154,142,64,13,4
E00113583,285,123,93,47,15,7
E00113584,272,102,98,56,12,4
E00113585,262,73,117,50,17,5
E00113586,312,113,111,53,24,11
E00113587,241,77,85,54,19,6
E00113588,275,109,100,45,17,4
E00113589,439,193,158,58,23,7
E00113590,287,128,104,45,8,2
E00113592,469,137,192,108,25,7
E00113593,231,90,85,38,12,6
E00113594,174,37,67,47,18,5
E00113595,266,88,114,38,19,7
E00113596,149,25,54,41,25,4
E00113597,430,222,170,34,1,3
E00113598,205,77,61,43,21,3
E00113599,345,167,129,34,12,3
E00113600,282,95,122,47,15,3
E00113601,216,76,87,35,13,5
E00113603,149,51,42,40,13,3
E00113604,134,51,44,29,9,1
E00113605,358,147,144,49,13,5
E00113608,343,195,110,32,6,0
E00113609,305,172,107,20,5,1
E00113610,262,142,92,23,5,0
E00113611,325,145,128,38,13,1
E00113612,350,179,116,39,12,4
E00113613,276,136,93,36,11,0
E00113614,255,133,81,32,6,3
E00113615,278,141,96,27,11,3
E00113616,218,98,80,24,13,3
E00113617,276,117,105,41,11,2
E00113618,286,111,122,34,16,3
E00113620,320,113,127,60,18,2
E00113621,319,150,122,36,8,3
E00113623,353,183,120,40,8,2
E00113624,382,169,138,56,17,2
E00113625,329,127,112,55,27,8
E00113626,155,65,59,23,5,3
E00113627,228,118,83,23,4,0
E00113628,303,147,107,33,14,2
E00113629,397,183,147,53,11,3
E00113630,374,193,122,45,11,3
E00113631,287,134,88,48,15,2
E00113632,382,205,138,27,10,2
E00113633,265,130,98,32,4,1
E00113634,280,149,92,30,6,3
E00113635,298,135,117,32,10,4
E00113636,256,120,95,29,9,3
E00113637,313,166,105,35,4,3
E00113638,301,129,112,55,2,3
E00113639,416,217,146,38,11,4
E00113640,333,152,136,34,8,3
E00113641,431,211,140,50,19,11
E00113642,457,239,172,26,17,3
E00113643,398,212,122,46,16,2
E00113644,488,237,180,54,13,4
E00113645,482,245,165,55,12,5
E00113646,313,98,136,58,18,3
E00113647,374,155,147,47,21,4
E00113648,326,172,128,24,2,0
E00113649,296,134,114,30,15,3
E00113650,275,109,82,63,14,7
E00113651,303,131,110,50,12,0
E00113652,331,142,97,67,18,7
E00113653,295,129,110,40,13,3
E00113654,347,169,122,40,15,1
E00113655,276,101,101,52,15,7
E00113656,230,102,85,31,11,1
E00113657,331,145,123,46,9,8
E00113658,220,82,53,57,20,8
E00113659,211,79,90,33,9,0
E00113660,321,144,122,45,8,2
E00113661,266,111,108,37,6,4
E00113662,270,129,89,35,10,7
E00113663,290,151,106,28,3,2
E00113664,450,205,177,53,12,3
E00113665,297,141,108,41,6,1
E00113666,285,120,117,40,8,0
E00113667,283,123,102,42,10,6
E00113668,369,198,117,43,8,3
E00113669,317,162,100,39,13,3
E00113670,325,176,110,31,7,1
E00113671,230,91,71,43,17,8
E00113672,306,133,109,46,13,5
E00113673,250,121,91,24,8,6
E00113674,350,149,135,53,9,4
E00113675,311,159,99,39,9,5
E00113676,239,63,70,71,25,10
E00113677,322,174,110,31,6,1
E00113678,309,110,131,52,13,3
E00113679,317,116,120,54,21,6
E00113680,307,121,121,46,13,6
E00113681,214,96,74,34,8,2
E00113682,259,104,90,35,25,5
E00113683,280,126,103,37,10,4
E00113684,247,95,98,37,14,3
E00113685,317,155,119,33,6,4
E00113686,427,170,152,77,25,3
E00113687,232,98,86,42,5,1
E00113688,331,149,118,51,13,0
E00113689,456,199,178,51,19,9
E00113690,352,177,126,38,9,2
E00113691,352,152,142,44,12,2
E00113692,397,170,141,73,13,0
E00113693,341,190,122,20,7,2
E00113694,245,115,92,31,6,1
E00113695,372,243,90,34,1,4
E00113696,302,180,78,38,6,0
E00113697,278,146,95,31,5,1
E00113698,330,186,108,30,5,1
E00113699,326,190,117,17,2,0
E00113700,287,151,99,30,6,1
E00113701,479,256,161,50,9,3
E00113702,242,145,81,10,5,1
E00113703,354,216,102,27,9,0
E00113704,344,207,116,17,3,1
E00113705,217,77,94,37,7,2
E00113706,340,180,124,29,7,0
E00113707,263,146,86,26,3,2
E00113708,277,165,87,17,6,2
E00113709,262,111,94,44,12,1
E00113710,365,179,129,46,9,2
E00113711,194,84,73,24,9,4
E00113712,294,141,111,31,8,3
E00113713,387,193,148,35,10,1
E00113714,379,162,140,53,20,4
E00113715,382,203,124,43,9,3
E00113716,227,97,82,33,11,4
E00113717,293,162,99,23,6,3
E00113718,230,115,85,24,3,3
E00113719,248,125,93,27,3,0
E00113720,153,81,53,17,2,0
E00113721,281,104,133,32,8,4
E00113722,324,151,116,43,9,5
E00113723,412,225,136,40,9,2
E00113724,262,70,91,65,33,3
E00113725,361,182,113,53,10,3
E00113726,269,106,112,41,8,2
E00113727,510,267,183,49,7,4
E00113728,262,112,103,36,7,4
E00113729,268,105,105,51,5,2
E00113730,300,118,125,48,8,1
E00113731,233,85,89,37,15,7
E00113732,318,144,123,44,5,2
E00113733,287,145,103,22,14,3
E00113734,376,177,153,31,11,4
E00113735,280,111,113,48,8,0
E00113736,343,180,124,33,6,0
E00113737,346,169,123,47,6,1
E00113738,331,138,121,48,21,3
E00113740,347,139,109,57,29,13
E00113741,362,167,127,47,18,3
E00113742,304,128,105,45,20,6
E00113743,442,200,181,46,13,2
E00113744,223,129,60,28,5,1
E00113745,236,103,96,30,5,2
E00113746,227,111,69,24,12,11
E00113747,313,149,117,34,11,2
E00113748,328,134,136,41,13,4
E00113749,227,81,73,48,23,2
E00113750,183,61,57,47,14,4
E00113751,212,83,64,43,13,9
E00113752,308,142,117,39,8,2
E00113753,308,145,107,43,10,3
E00113754,287,121,114,42,7,3
E00113755,219,107,73,33,6,0
E00113756,217,94,92,29,1,1
E00113757,194,85,84,23,1,1
E00113758,277,115,78,54,16,14
E00113759,264,98,115,40,10,1
E00113760,316,133,110,55,14,4
E00113761,291,156,108,19,8,0
E00113762,315,132,112,48,17,6
E00113763,243,118,79,36,9,1
E00113764,136,68,43,21,3,1
E00113765,410,216,133,45,15,1
E00113766,423,240,134,37,11,1
E00113767,435,263,140,26,4,2
E00113768,190,93,75,17,4,1
E00113769,190,81,71,28,10,0
E00113770,378,208,135,31,2,2
E00113771,285,158,89,34,3,1
E00113772,350,200,104,36,6,4
E00113773,351,207,108,31,4,1
E00113774,340,175,107,49,5,4
E00113775,307,170,98,33,4,2
E00113776,228,119,85,17,6,1
E00113777,143,73,51,16,3,0
E00113778,377,180,117,45,26,9
E00113779,311,150,116,34,7,4
E00113780,491,250,163,62,15,1
E00113781,304,161,100,32,10,1
E00113782,331,172,111,37,9,2
E00113783,347,178,122,37,8,2
E00113784,324,149,135,32,6,2
E00113785,333,156,109,59,6,3
E00113786,216,103,53,42,14,4
E00113787,229,97,72,37,14,9
E00113788,329,144,124,52,4,5
E00113789,261,82,94,50,31,4
E00113790,286,116,99,52,14,5
E00113791,320,109,110,85,14,2
E00113792,275,120,108,31,10,6
E00113793,393,203,137,38,13,2
E00113794,427,258,138,24,6,1
E00113795,304,160,85,40,15,4
E00113796,234,147,62,19,5,1
E00113797,354,169,143,36,3,3
E00113798,452,215,135,79,19,4
E00113799,411,216,143,40,10,2
E00113800,290,137,105,37,10,1
E00113801,209,82,78,38,8,3
E00113802,317,167,108,29,11,2
E00113803,265,128,78,51,7,1
E00113804,248,127,81,27,11,2
E00113805,321,132,124,48,15,2
E00113806,312,177,100,27,6,2
E00113807,287,134,97,46,9,1
E00113808,454,222,162,49,15,6
E00113809,297,150,101,36,7,3
E00113810,303,126,119,49,9,0
E00113811,278,102,106,52,17,1
E00113812,458,196,161,75,21,5
E00113813,296,168,81,36,7,4
E00113814,290,157,96,26,9,2
E00113815,280,135,90,45,5,5
E00113816,296,120,126,41,8,1
E00113817,282,151,91,28,9,3
E00113818,303,163,99,33,8,0
E00113819,451,242,157,44,8,0
E00113820,449,209,159,68,8,5
E00113821,253,140,81,26,3,3
E00113822,263,124,90,41,7,1
E00113823,388,198,146,33,8,3
E00113824,323,184,111,20,5,3
E00113825,245,126,87,25,5,2
E00113826,308,165,101,36,5,1
E00113827,297,119,111,48,17,2
E00113828,176,63,67,32,13,1
E00113829,227,115,76,27,5,4
E00113830,307,138,116,39,12,2
E00113831,239,125,67,34,13,0
E00113832,232,122,69,29,8,4
E00113833,280,150,96,26,5,3
E00113834,269,113,104,45,6,1
E00113835,317,166,100,41,8,2
E00113836,288,151,94,29,13,1
E00113837,329,168,125,30,5,1
E00113838,334,182,111,30,10,1
E00113839,344,172,132,33,6,1
E00113840,297,143,102,40,7,5
E00113841,336,190,111,29,5,1
E00113842,307,177,95,32,3,0
E00113843,262,133,93,31,5,0
E00113844,282,120,109,41,10,2
E00113845,300,143,119,30,5,3
E00113846,272,117,86,55,11,3
E00113847,326,175,103,40,8,0
E00113848,459,257,162,34,5,1
E00113849,319,133,107,52,18,9
E00113850,360,183,128,39,8,2
E00113851,410,201,136,58,12,3
E00113852,343,169,101,54,18,1
E00113853,341,189,103,35,13,1
E00113854,360,184,124,45,5,2
E00113855,151,74,50,19,5,3
E00113856,358,196,120,36,3,3
E00113857,394,183,135,50,21,5
E00113858,384,174,136,55,16,3
E00113859,365,143,156,58,6,2
E00113860,516,278,190,33,10,5
E00113861,297,142,105,36,12,2
E00113862,333,177,110,35,5,6
E00113863,262,95,98,44,21,4
E00113864,302,131,110,49,10,2
E00113865,335,150,121,41,17,6
E00113866,225,91,71,42,18,3
E00113867,387,195,146,35,11,0
E00113868,408,249,118,30,9,2
E00113869,318,155,118,33,7,5
E00113870,230,51,74,70,25,10
E00113871,219,83,78,41,12,5
E00113872,271,129,112,26,4,0
E00113873,343,165,133,34,10,1
E00113874,307,112,119,59,10,7
E00113875,392,199,141,40,11,1
E00113876,330,151,117,44,13,5
E00113877,274,91,113,49,19,2
E00113878,255,109,102,35,6,3
E00113879,337,144,125,50,16,2
E00113880,266,104,88,51,17,6
E00113881,567,292,207,54,12,2
E00113882,229,83,82,45,13,6
E00113883,187,74,66,42,2,3
E00113884,281,125,92,45,18,1
E00113885,260,103,99,43,12,3
E00113886,291,86,109,78,17,1
E00113887,325,169,107,38,9,2
E00113888,316,137,123,43,7,6
E00113889,620,204,242,113,38,23
E00113890,300,145,103,36,11,5
E00113891,399,186,136,54,19,4
E00113892,155,72,44,33,4,2
E00113893,324,169,114,28,11,2
E00113894,289,116,118,45,6,4
E00113895,267,123,102,31,9,2
E00113896,310,146,105,45,11,3
E00113897,270,80,120,50,15,5
E00113898,286,137,100,37,9,3
E00113899,346,169,134,34,8,1
E00113900,267,105,83,50,22,7
E00113901,295,123,117,42,11,2
E00113902,296,124,112,42,14,4
E00113903,324,133,113,55,19,4
E00113904,280,130,100,40,8,2
E00113905,251,84,87,62,17,1
E00113906,404,216,139,34,13,2
E00113907,387,220,122,38,6,1
E00113908,280,136,88,41,12,3
E00113909,339,188,110,33,6,2
E00113910,320,175,96,41,4,4
E00113911,294,133,96,56,8,1
E00113912,303,156,106,30,6,5
E00113913,290,116,126,36,11,1
E00113914,253,115,81,44,12,1
E00113915,341,129,144,51,14,3
E00113916,302,156,88,42,10,6
E00113917,320,169,107,38,5,1
E00113918,306,141,114,38,11,2
E00113919,338,169,108,49,11,1
E00113920,275,115,119,32,8,1
E00113921,343,192,114,24,9,4
E00113922,338,152,129,47,6,4
E00113923,366,183,125,40,15,3
E00113924,343,113,158,54,14,4
E00113925,222,59,60,69,24,10
E00113926,328,151,128,39,8,2
E00113927,322,179,109,22,9,3
E00113928,247,126,82,30,5,4
E00113929,296,126,112,48,4,6
E00113930,314,154,123,34,3,0
E00113932,283,121,102,46,8,6
E00113933,325,152,112,41,16,4
E00113934,402,193,143,54,9,3
E00113935,286,149,82,48,5,2
E00113936,469,242,154,57,12,4
E00113937,242,140,70,25,7,0
E00113938,347,162,113,50,19,3
E00113939,133,80,36,16,1,0
E00113940,306,105,142,38,14,7
E00113941,313,157,109,36,10,1
E00113942,529,271,178,62,16,2
E00113943,376,194,115,52,13,2
E00113944,371,187,131,44,8,1
E00113945,294,115,110,51,16,2
E00113946,248,99,95,30,18,6
E00113947,444,238,150,44,11,1
E00113948,439,205,168,58,6,2
E00113949,281,131,86,44,15,5
E00113950,316,170,117,21,5,3
E00113951,312,165,112,18,16,1
E00113952,312,132,121,44,13,2
E00113953,304,138,129,33,4,0
E00113954,313,176,91,38,6,2
E00113955,425,192,123,46,50,14
E00113956,266,151,68,39,2,6
E00113957,211,64,60,57,24,6
E00113958,249,129,88,28,3,1
E00113959,267,146,96,20,4,1
E00113960,300,143,116,28,8,5
E00113961,328,165,106,46,7,4
E00113962,292,152,91,39,8,2
E00113963,261,133,87,35,2,4
E00113964,302,159,97,41,3,2
E00113965,325,187,102,27,9,0
E00113966,266,134,85,30,15,2
E00113967,297,142,109,35,10,1
E00113968,338,180,116,34,5,3
E00113969,295,139,121,27,6,2
E00113970,324,175,102,34,8,5
E00113971,427,248,149,26,2,2
E00113973,565,313,205,38,8,1
E00113975,283,127,69,40,34,13
E00113976,194,90,76,21,6,1
E00113977,308,172,100,32,4,0
E00113978,228,114,72,31,8,3
E00113979,273,106,104,45,14,4
E00113980,266,128,97,34,6,1
E00113981,128,53,56,13,6,0
E00113982,233,62,91,59,17,4
E00113983,211,86,67,39,16,3
E00113984,328,125,135,46,19,3
E00113985,409,141,121,66,43,38
E00113986,387,200,142,32,11,2
E00113987,265,119,108,34,3,1
E00113988,296,147,107,29,9,4
E00113989,257,101,104,37,14,1
E00113990,284,122,96,52,11,3
E00113991,229,76,85,52,12,4
E00113992,262,98,107,44,9,4
E00113993,562,273,201,70,10,8
E00113994,316,114,98,50,33,21
E00113995,321,145,120,40,14,2
E00113996,195,75,76,31,12,1
E00113997,270,106,122,38,4,0
E00113998,280,109,106,40,20,5
E00113999,322,150,125,35,10,2
E00114000,392,180,142,48,13,9
E00114001,313,137,95,55,19,7
E00114002,313,149,125,30,8,1
E00114003,348,153,138,40,14,3
E00114004,343,189,119,28,6,1
E00114005,281,109,96,54,18,4
E00114006,288,159,99,24,5,1
E00114007,315,169,98,37,9,2
E00114008,324,164,111,36,10,3
E00114009,298,138,118,37,4,1
E00114010,267,101,98,43,19,6
E00114011,280,151,84,34,8,3
E00114012,291,140,101,40,9,1
E00114013,305,157,107,34,6,1
E00114014,329,173,110,38,6,2
E00114015,319,139,121,51,8,0
E00114016,258,106,82,58,10,2
E00114017,278,134,89,41,13,1
E00114018,268,118,89,52,7,2
E00114019,278,106,110,46,11,5
E00114020,273,120,84,50,10,9
E00114021,335,169,120,36,9,1
E00114022,274,121,108,35,6,4
E00114023,245,139,72,27,6,1
E00114024,357,209,107,31,9,1
E00114025,336,206,109,13,6,2
E00114026,287,162,89,28,8,0
E00114027,290,108,108,53,16,5
E00114028,349,192,108,36,10,3
E00114029,311,154,114,34,9,0
E00114030,373,177,118,49,21,8
E00114031,337,165,115,39,15,3
E00114032,359,171,135,32,14,7
E00114033,272,126,112,27,5,2
E00114034,261,107,109,29,8,8
E00114035,207,99,74,26,7,1
E00114036,270,109,114,32,10,5
E00114037,307,161,92,45,7,2
E00114038,316,162,111,32,8,3
E00114039,291,119,111,55,6,0
E00114040,320,178,91,42,4,5
E00114041,265,119,105,30,9,2
E00114042,257,146,93,16,1,1
E00114043,304,135,117,43,9,0
E00114044,297,129,116,36,12,4
E00114045,292,149,97,37,6,3
E00114046,269,92,106,44,20,7
E00114047,293,106,122,52,11,2
E00114048,310,154,113,33,9,1
E00114049,244,115,88,30,9,2
E00114051,265,132,89,30,11,3
E00114053,585,324,194,50,15,2
E00114054,298,146,111,36,3,2
E00114055,304,150,121,26,5,2
E00114057,276,120,103,39,12,2
E00114058,309,152,110,39,6,2
E00114059,368,176,121,46,18,7
E00114060,186,74,62,38,10,2
E00114061,331,174,110,32,12,3
E00114062,306,148,110,42,6,0
E00114063,312,165,103,32,9,3
E00114065,205,64,86,44,8,3
E00114066,312,146,112,42,8,4
E00114067,321,145,125,37,11,3
E00114068,277,127,94,46,9,1
E00114069,271,113,95,47,14,2
E00114070,277,114,111,40,8,4
E00114071,314,153,98,46,11,6
E00114072,285,148,84,33,14,6
E00114073,229,65,92,57,12,3
E00114074,203,72,74,45,9,3
E00114075,279,125,89,41,17,7
E00114076,235,78,93,54,7,3
E00114077,590,311,217,41,14,7
E00114078,312,178,103,24,4,3
E00114079,242,130,81,26,5,0
E00114080,322,145,97,51,26,3
E00114081,233,120,84,21,7,1
E00114082,244,143,87,13,1,0
E00114083,304,148,114,35,7,0
E00114084,259,150,80,25,4,0
E00114085,285,128,104,42,8,3
E00114086,292,155,103,31,0,3
E00114087,264,160,80,23,1,0
E00114088,248,147,76,19,3,3
E00114089,279,161,95,17,6,0
E00114090,251,127,69,35,13,7
E00114091,230,104,84,32,7,3
E00114092,356,175,142,31,6,2
E00114093,287,143,85,46,10,3
E00114094,263,124,100,31,6,2
E00114095,296,113,115,50,16,2
E00114096,303,150,107,33,13,0
E00114097,307,126,123,40,17,1
E00114098,268,119,91,43,12,3
E00114099,216,109,92,10,5,0
E00114100,320,162,112,38,5,3
E00114101,107,45,20,23,12,7
E00114102,439,248,135,45,8,3
E00114103,246,119,87,30,6,4
E00114104,223,91,94,32,4,2
E00114107,148,71,48,18,8,3
E00114108,274,136,106,21,6,5
E00114109,183,89,76,16,1,1
E00114110,315,162,111,34,8,0
E00114111,225,118,57,40,8,2
E00114112,125,66,44,11,3,1
E00114113,144,68,48,25,2,1
E00114114,131,76,47,6,2,0
E00114115,292,136,120,31,4,1
E00114116,259,120,107,29,2,1
E00114117,277,135,109,26,6,1
E00114118,311,168,112,24,4,3
E00114119,229,133,76,16,4,0
E00114120,261,150,81,23,7,0
E00114121,307,154,115,28,8,2
E00114122,299,144,111,36,8,0
E00114123,159,88,42,25,4,0
E00114124,444,175,140,66,22,41
E00114125,428,207,147,63,10,1
E00114126,414,211,143,46,13,1
E00114127,336,183,121,22,8,2
E00114128,209,58,75,55,17,4
E00114129,283,146,106,27,4,0
E00114130,504,304,160,29,7,4
E00114131,676,481,178,9,4,4
E00114132,419,187,162,56,11,3
E00114133,538,384,131,20,3,0
E00114134,316,151,93,51,16,5
E00114135,332,121,119,64,20,8
E00114136,324,145,127,35,11,6
E00114137,282,99,111,51,14,7
E00114138,205,92,75,29,9,0
E00114139,328,200,91,33,3,1
E00114140,248,118,101,17,6,6
E00114141,164,83,60,18,1,2
E00114142,198,95,77,20,5,1
E00114144,419,237,134,40,6,2
E00114145,375,153,122,61,29,10
E00114146,331,148,128,38,17,0
E00114147,347,176,143,25,2,1
E00114148,235,99,64,48,22,2
E00114149,262,100,114,34,12,2
E00114150,258,112,96,41,7,2
E00114151,356,164,138,38,11,5
E00114152,498,239,173,66,15,5
E00114153,510,226,178,73,23,10
E00114154,387,177,150,47,11,2
E00114155,358,171,154,23,7,3
E00114156,298,143,109,28,15,3
E00114157,343,208,115,18,1,1
E00114158,287,112,120,44,10,1
E00114159,235,94,105,25,9,2
E00114160,349,176,121,42,9,1
E00114161,349,181,129,32,6,1
E00114162,297,127,112,45,12,1
E00114163,162,90,51,17,2,2
E00114164,435,231,139,51,13,1
E00114165,332,180,102,37,8,5
E00114166,337,155,111,47,15,9
E00114167,240,89,79,48,20,4
E00114168,322,180,102,34,3,3
E00114169,231,81,83,42,19,6
E00114170,200,44,84,60,11,1
E00114171,274,115,98,46,11,4
E00114172,264,139,83,36,6,0
E00114173,293,122,111,45,12,3
E00114174,272,138,102,25,5,2
E00114175,287,124,119,37,4,3
E00114176,252,98,97,40,16,1
E00114177,300,133,124,37,5,1
E00114178,301,157,100,33,10,1
E00114179,211,61,84,51,15,0
E00114180,324,165,119,31,6,3
E00114181,348,165,146,31,6,0
E00114182,218,64,73,56,17,8
E00114183,258,88,94,50,22,4
E00114184,400,188,155,40,14,3
E00114185,257,111,107,32,5,2
E00114186,301,123,112,48,13,5
E00114187,310,100,153,33,20,4
E00114188,348,126,150,54,16,2
E00114189,236,88,88,42,18,0
E00114190,264,88,106,53,13,4
E00114191,267,101,109,40,16,1
E00114192,244,96,104,33,8,3
E00114193,108,42,39,18,6,3
E00114194,263,111,112,32,5,3
E00114195,294,124,128,34,6,2
E00114196,323,124,136,47,13,3
E00114197,240,80,97,45,17,1
E00114198,201,63,74,52,10,2
E00114199,234,99,93,33,9,0
E00114201,328,147,130,38,12,1
E00114202,250,114,81,45,6,4
E00114203,255,103,107,40,3,2
E00114204,322,127,120,54,15,6
E00114205,225,78,96,38,10,3
E00114206,281,120,104,43,11,3
E00114207,227,65,76,50,32,4
E00114208,192,66,70,50,6,0
E00114209,224,78,92,42,11,1
E00114210,108,49,38,17,3,1
E00114211,290,131,98,45,13,3
E00114212,383,163,159,44,14,3
E00114213,296,144,105,34,11,2
E00114214,300,120,131,43,3,3
E00114215,291,152,97,29,10,3
E00114216,380,203,120,42,12,3
E00114217,367,211,111,29,15,1
E00114219,343,181,111,40,9,2
E00114221,336,177,128,27,4,0
E00114222,462,244,158,49,8,3
E00114223,337,157,121,48,11,0
E00114224,240,102,87,39,10,2
E00114225,381,211,126,32,9,3
E00114226,286,138,93,39,13,3
E00114227,249,87,107,46,7,2
E00114228,318,163,111,38,4,2
E00114229,273,102,120,38,9,4
E00114230,287,109,117,49,11,1
E00114231,150,26,65,37,18,4
E00114232,214,100,69,40,4,1
E00114233,290,154,80,36,19,1
E00114234,230,125,75,25,3,2
E00114235,241,105,75,44,12,5
E00114236,244,111,84,42,7,0
E00114237,233,130,61,33,7,2
E00114238,210,104,76,24,5,1
E00146678,124,72,35,15,2,0
E00159124,436,235,129,50,19,3
E00159126,269,118,92,36,15,8
E00159128,252,111,90,32,14,5
E00159129,585,333,204,38,9,1
E00159130,422,185,139,71,23,4
E00159326,150,106,38,5,1,0
E00159327,371,210,121,29,9,2
E00159328,355,152,151,40,10,2
E00159329,366,165,129,57,11,4
E00159330,328,152,89,65,18,4
E00159331,170,98,45,24,3,0
E00162882,548,306,163,63,13,3
E00162883,207,99,82,21,4,1
E00162998,103,59,38,6,0,0
E00164235,308,150,104,40,10,4
E00165011,350,172,135,27,15,1
E00165012,127,60,50,12,5,0
E00165013,277,116,106,34,11,10
E00165118,219,107,78,25,8,1
E00165200,220,90,82,33,12,3
E00165201,265,143,81,33,5,3
E00165202,259,122,85,40,9,3
E00165203,318,137,123,43,13,2
E00165204,291,107,129,42,9,4
E00165205,300,137,113,34,14,2
E00165206,377,181,126,51,17,2
E00165207,431,227,153,35,12,4
E00165318,189,91,70,25,1,2
E00165319,190,86,74,26,3,1
E00168905,279,159,100,14,4,2
E00168906,358,181,138,24,11,4
E00168907,224,100,81,36,4,3
E00168908,220,111,80,16,9,4
E00168909,185,95,74,11,4,1
E00168910,756,599,139,15,2,1
E00168911,135,65,45,24,1,0
E00168912,356,229,101,19,6,1
E00168913,302,155,107,27,11,2
E00168914,283,157,92,27,6,1
E00168915,279,184,85,8,2,0
E00168916,247,119,83,27,15,3
E00168917,348,213,105,19,9,2
E00168918,169,106,55,7,1,0
E00168919,312,175,94,35,7,1
E00168920,329,214,94,17,3,1
E00168921,227,144,73,9,1,0
E00168922,583,433,132,17,1,0
E00168923,457,149,169,104,32,3
E00168924,295,148,114,26,5,2
E00168925,174,55,88,24,7,0
E00168926,207,102,76,20,5,4
E00168927,152,75,54,18,5,0
E00168928,338,168,117,33,13,7
E00168929,306,176,99,19,12,0
E00168930,196,97,68,24,5,2
E00168931,111,37,38,27,9,0
E00168932,213,117,72,17,5,2
E00168933,314,165,107,31,9,2
E00168934,295,153,95,39,7,1
E00168935,224,107,91,19,7,0
E00168936,285,158,88,32,6,1
E00168937,943,602,299,35,7,0
E00168938,303,89,107,72,30,5
E00168939,273,163,86,15,7,2
E00168940,316,70,109,106,24,7
E00168941,241,124,93,22,2,0
E00168942,230,120,87,19,4,0
E00168943,303,120,122,51,7,3
E00168944,134,72,49,9,2,2
E00168945,145,68,53,17,6,1
E00168946,317,178,108,26,4,1
E00168947,316,199,93,18,5,1
E00168948,361,231,98,25,5,2
E00168949,285,182,86,13,3,1
E00168950,221,76,102,36,7,0
E00168951,258,119,87,39,10,3
E00168952,325,204,89,22,8,2
E00168953,290,169,97,17,7,0
E00168954,347,172,141,19,10,5
E00168955,257,142,89,21,4,1
E00168956,238,128,80,23,7,0
E00168957,239,121,94,19,4,1
E00168958,278,168,78,21,8,3
E00168959,284,120,105,23,14,22
E00168960,287,172,92,19,4,0
E00168961,275,174,80,14,5,2
E00168962,336,221,89,14,11,1
E00168963,333,201,105,23,4,0
E00168964,338,188,112,29,7,2
E00168965,276,167,83,20,2,4
E00168966,334,211,96,20,7,0
E00168967,368,201,131,25,11,0
E00168968,293,178,88,19,7,1
E00168969,295,175,92,22,3,3
E00168970,304,179,110,11,4,0
E00168971,304,176,98,19,8,3
E00168972,234,147,67,19,0,1
E00168973,365,224,103,30,7,1
E00168974,346,224,97,22,2,1
E00168975,275,177,70,25,2,1
E00168976,305,192,75,24,11,3
E00168977,227,97,89,31,7,3
E00168978,287,169,97,19,2,0
E00168979,261,160,90,10,1,0
E00168980,309,173,93,32,7,4
E00168981,278,148,98,22,9,1
E00168982,273,144,92,28,9,0
E00168983,277,178,83,10,6,0
E00168984,260,148,84,24,4,0
E00168985,248,121,81,36,8,2
E00168986,337,127,127,63,17,3
E00168987,314,184,97,22,9,2
E00168988,288,163,98,24,2,1
E00168989,221,78,94,41,8,0
E00168990,301,178,106,12,3,2
E00168991,330,209,97,16,6,2
E00168992,152,38,60,31,18,5
E00168993,289,179,93,13,3,1
E00168994,229,155,62,8,3,1
E00168995,307,201,93,9,4,0
E00168996,247,152,73,21,1,0
E00168997,278,174,82,19,3,0
E00168998,303,189,96,15,2,1
E00168999,219,111,83,21,4,0
E00169000,222,126,77,15,4,0
E00169001,287,147,100,34,4,2
E00169002,364,238,96,21,5,4
E00169003,287,136,94,48,5,4
E00169004,309,106,117,62,21,3
E00169005,224,111,86,23,4,0
E00169006,325,178,110,32,3,2
E00172276,440,206,172,54,3,5
E00173069,625,252,257,85,22,9
E00173071,239,100,98,38,3,0
W00008305,352,189,123,27,10,3
