rel..oa_id,rel..total_persons,rel..christian,rel..buddhist,rel..hindu,rel..jewish,rel..muslim,rel..sikh,rel..other_religion,rel..no_religion,rel..religion_not_stated
W00002353,245,136,1,0,0,0,0,2,64,42
W00002704,252,189,1,0,0,0,0,1,48,13
W00002705,273,202,0,0,0,4,0,1,47,19
W00002706,243,141,0,0,0,0,0,1,71,30
W00002707,192,133,1,0,0,0,0,1,41,16
W00002708,216,128,1,0,0,0,0,3,66,18
W00002709,246,151,0,0,0,0,0,3,76,16
W00002710,168,112,2,0,0,4,0,0,36,14
W00002711,531,332,1,0,0,0,0,2,142,54
W00002712,179,129,0,0,0,0,0,0,44,6
W00002713,240,121,3,0,1,1,0,0,88,26
W00002714,291,196,1,0,0,1,0,6,67,20
W00002715,251,166,1,0,0,0,0,1,59,24
W00002716,344,217,1,2,0,0,0,5,92,27
W00002717,131,86,1,0,0,0,0,0,38,6
W00002718,239,133,2,0,0,0,0,0,89,15
W00002719,376,282,0,0,1,0,0,0,69,24
W00002720,215,166,1,0,0,11,0,0,25,12
W00002721,257,129,0,0,0,0,0,3,106,19
W00002722,300,197,0,0,0,0,0,0,82,21
W00002723,195,108,1,0,1,0,0,1,70,14
W00002724,213,147,1,1,0,0,0,1,53,10
W00002725,228,125,4,0,1,0,0,0,78,20
W00002726,253,141,0,0,0,3,0,2,80,27
W00002727,216,124,0,0,0,0,0,7,67,18
W00002728,311,188,1,0,0,0,0,1,102,19
W00002729,213,126,1,0,0,1,0,1,69,15
W00002730,233,138,1,0,0,4,0,1,60,29
W00002731,386,144,0,0,0,8,0,1,193,40
W00002732,286,151,1,0,2,0,0,4,111,17
W00002733,229,113,1,0,0,1,0,4,92,18
W00002734,273,162,3,0,0,4,0,1,74,29
W00002736,431,246,1,0,0,6,0,1,143,34
W00002737,317,174,1,1,0,1,0,1,122,17
W00002738,490,231,6,4,3,8,1,8,198,31
W00002739,319,140,5,1,0,3,0,1,150,19
W00002740,443,175,3,2,1,4,2,4,216,36
W00002741,315,138,5,1,0,2,0,3,136,30
W00002742,350,122,3,2,2,7,0,3,182,29
W00002743,348,134,4,1,3,2,0,8,173,23
W00002744,202,87,0,2,1,3,0,4,94,11
W00002745,199,72,1,5,0,0,0,5,96,20
W00002746,295,136,4,3,0,0,0,9,119,24
W00002747,346,193,9,6,0,1,0,2,117,18
W00002748,367,173,4,4,1,0,0,8,145,32
W00002751,272,112,1,2,0,1,0,1,131,24
W00002752,340,124,2,1,0,1,1,4,164,43
W00002753,366,193,0,3,0,6,0,1,127,36
W00002754,322,202,0,0,1,0,0,2,87,30
W00002755,327,200,2,0,0,0,0,0,89,36
W00002756,332,208,0,0,0,1,0,0,92,31
W00002757,232,122,4,0,0,7,0,2,75,22
W00002758,251,131,0,0,0,0,0,2,83,35
W00002759,314,136,0,2,0,0,0,3,142,31
W00002760,277,141,0,0,0,8,0,5,96,27
W00002761,300,141,0,1,0,0,0,2,139,17
W00002762,401,249,1,0,0,2,0,6,111,32
W00002763,341,160,3,0,0,1,0,10,141,26
W00002764,340,140,1,1,0,9,2,7,163,17
W00002765,285,148,1,0,0,7,0,1,97,31
W00002766,384,175,4,1,3,2,0,5,165,29
W00002767,239,114,3,0,0,9,0,3,91,19
W00002768,131,95,2,0,0,0,0,0,23,11
W00002769,276,143,0,1,0,5,0,3,111,13
W00002770,328,185,0,0,0,5,0,4,101,33
W00002771,407,198,2,7,1,9,0,5,165,20
W00002772,296,190,1,0,0,5,0,5,60,35
W00002773,249,183,2,0,0,0,0,3,40,21
W00002774,273,181,4,0,0,0,0,2,59,27
W00002775,241,129,1,0,0,1,0,3,73,34
W00002776,305,197,0,0,0,0,1,6,83,18
W00002777,263,176,2,0,1,0,0,1,62,21
W00002778,265,121,2,0,0,0,0,3,107,32
W00002779,221,94,1,0,0,1,0,3,104,18
W00002780,229,132,1,0,0,0,0,2,72,22
W00002781,290,186,0,0,0,0,0,0,83,21
W00002782,264,152,0,0,0,1,0,6,84,21
W00002783,130,60,2,0,0,0,0,5,45,18
W00002784,353,214,1,0,1,3,0,1,92,41
W00002785,326,225,2,0,0,0,0,0,79,20
W00002786,275,151,2,0,0,0,0,2,89,31
W00002787,258,151,2,0,0,2,0,2,77,24
W00002788,281,178,1,0,0,0,0,1,82,19
W00002789,233,122,0,0,0,0,0,3,73,35
W00002790,246,153,0,0,0,0,0,2,60,31
W00002791,351,205,2,6,0,0,0,1,108,29
W00002792,324,166,3,0,0,0,0,4,135,16
W00002793,338,177,1,1,0,0,0,0,142,17
W00002794,270,128,0,0,0,0,0,3,116,23
W00002795,317,165,1,0,1,0,0,11,104,35
W00002796,310,143,4,3,0,0,0,8,110,42
W00002797,382,225,1,0,0,5,0,3,115,33
W00002798,278,167,1,1,0,5,0,2,84,18
W00002799,269,144,0,0,0,0,0,2,82,41
W00002800,203,148,0,0,0,0,0,2,43,10
W00002801,309,200,0,0,0,0,0,3,82,24
W00002802,273,175,0,0,0,0,0,0,71,27
W00002803,260,177,4,0,0,0,0,2,68,9
W00002805,247,145,4,3,0,9,0,2,66,18
W00002806,353,253,0,9,1,13,0,0,52,25
W00002807,265,182,4,0,0,0,6,1,56,16
W00002808,341,224,0,0,0,4,0,5,90,18
W00002809,285,143,1,0,0,1,0,3,117,20
W00002811,255,188,0,0,2,0,0,0,55,10
W00002812,318,164,3,13,0,12,0,5,86,35
W00002813,218,140,1,0,0,4,0,6,48,19
W00002814,417,247,1,3,0,13,0,2,115,36
W00002815,316,190,4,0,0,4,0,4,72,42
W00002816,264,163,3,0,0,4,0,6,67,21
W00002818,190,98,1,2,0,5,0,1,61,22
W00002819,254,150,0,1,0,0,0,0,77,26
W00002820,487,338,1,2,0,0,0,1,99,46
W00002821,329,234,0,1,0,0,0,0,78,16
W00002822,260,150,0,0,0,5,0,3,69,33
W00002823,366,215,0,0,0,2,0,2,101,46
W00002824,174,83,0,0,1,0,0,1,66,23
W00002825,263,112,1,0,0,1,0,4,110,35
W00002826,194,122,2,0,0,0,0,1,55,14
W00002827,239,139,0,0,0,1,0,1,85,13
W00002828,346,197,6,4,1,18,7,0,80,33
W00002829,200,97,0,0,0,0,0,3,84,16
W00002831,1482,612,10,7,2,21,4,17,706,103
W00002832,269,135,3,0,0,1,0,0,103,27
W00002833,242,161,3,0,0,0,0,8,40,30
W00002834,521,318,3,0,0,1,0,10,157,32
W00002835,148,90,1,0,0,0,0,0,48,9
W00002836,282,186,2,0,0,0,0,2,62,30
W00002837,373,211,0,0,1,0,0,8,115,38
W00002838,353,232,0,0,0,0,0,1,82,38
W00002839,207,133,0,0,0,0,0,3,50,21
W00002840,238,145,1,4,0,0,0,2,53,33
W00002841,333,215,1,0,0,0,0,0,78,39
W00002842,388,260,1,0,0,7,0,4,84,32
W00002843,292,186,0,0,0,0,0,5,86,15
W00002844,168,111,0,0,0,0,0,0,43,14
W00002845,306,213,0,0,0,0,0,0,71,22
W00002846,252,179,3,0,1,1,0,1,49,18
W00002847,208,126,0,0,0,0,0,3,61,18
W00002848,191,130,0,0,0,0,0,0,43,18
W00002849,299,176,0,0,0,0,0,1,91,31
W00002850,183,100,0,0,0,0,0,3,62,18
W00002851,410,261,2,1,0,30,0,0,89,27
W00002852,283,190,2,0,3,0,0,2,59,27
W00002853,279,158,2,4,1,0,0,3,72,39
W00002854,289,191,0,0,0,0,0,1,74,23
W00002855,280,179,0,0,0,0,0,2,81,18
W00002856,346,248,1,0,1,0,0,2,64,30
W00002857,288,190,1,0,1,0,0,9,55,32
W00002858,340,210,2,0,0,0,0,1,82,45
W00002859,206,122,1,0,0,3,0,5,47,28
W00002860,250,165,0,3,0,0,0,0,58,24
W00002861,301,154,3,0,0,3,0,8,89,44
W00002862,306,193,3,0,0,0,0,8,73,29
W00002863,334,182,1,1,0,0,0,1,116,33
W00002864,306,186,0,0,0,0,0,5,92,23
W00002865,283,203,0,1,0,0,0,2,63,14
W00002866,247,154,1,0,0,0,0,1,51,40
W00002867,289,179,0,0,0,0,0,2,75,33
W00002868,207,109,0,0,1,0,0,3,72,22
W00002869,224,133,1,1,2,1,0,4,53,29
W00002870,203,118,0,1,0,10,0,3,54,17
W00002871,229,118,1,0,0,0,0,5,66,39
W00002872,218,135,1,0,2,0,0,2,58,20
W00002873,206,148,0,0,0,0,0,5,39,14
W00002874,197,111,0,0,0,0,0,3,56,27
W00002875,296,185,2,0,0,0,0,4,88,17
W00002876,300,196,2,0,0,0,0,3,85,14
W00002877,320,203,1,0,0,0,0,1,76,39
W00002878,309,199,2,0,0,1,0,3,81,23
W00002879,337,222,0,0,0,6,0,0,85,24
W00002880,345,203,3,0,0,0,0,4,79,56
W00002881,304,183,3,0,0,0,0,2,90,26
W00002882,273,156,5,0,0,0,0,6,88,18
W00002883,252,138,1,0,0,0,0,0,92,21
W00002884,342,214,2,0,0,0,0,6,91,29
W00002885,314,210,0,0,0,0,0,4,73,27
W00002886,300,202,0,1,0,0,0,3,64,30
W00002887,256,169,0,0,0,1,0,3,60,23
W00002888,301,196,3,0,1,5,0,1,62,33
W00002889,256,158,1,7,0,1,0,4,60,25
W00002890,297,182,0,0,0,19,0,10,52,34
W00002891,266,151,3,0,0,0,0,2,77,33
W00002892,244,150,0,0,0,1,0,2,72,19
W00002893,270,172,0,0,0,0,0,6,50,42
W00002894,220,154,0,0,0,0,0,3,49,14
W00002895,353,172,0,0,0,1,0,3,135,42
W00002896,382,228,1,0,2,0,0,3,106,42
W00002897,256,131,1,0,0,7,0,1,79,37
W00002898,153,79,1,0,0,0,0,5,53,15
W00002899,297,173,1,1,0,0,0,2,81,39
W00002900,415,238,1,0,0,0,0,4,141,31
W00002901,353,226,1,0,0,0,0,1,79,46
W00002902,245,131,1,0,0,0,0,2,98,13
W00002903,250,122,1,1,0,1,0,4,97,24
W00002904,256,159,1,0,0,0,0,0,77,19
W00002905,287,177,0,0,0,0,0,2,78,30
W00002906,257,149,0,0,0,0,0,5,73,30
W00002907,270,146,1,2,0,1,0,1,92,27
W00002908,200,113,0,0,0,6,0,0,62,19
W00002909,255,130,2,0,0,0,0,4,79,40
W00002910,388,187,4,1,0,0,0,7,152,37
W00002911,167,109,2,1,0,1,0,0,32,22
W00002912,286,169,4,0,0,0,0,9,72,32
W00002913,241,158,0,0,0,2,0,1,68,12
W00002914,255,146,2,0,2,1,0,5,80,19
W00002915,305,204,1,0,1,0,0,2,66,31
W00002916,215,121,0,0,0,1,0,6,72,15
W00002917,270,147,0,0,0,2,0,5,83,33
W00002918,334,198,0,0,0,1,0,2,85,48
W00002919,344,207,1,0,0,1,0,1,84,50
W00002920,322,235,0,0,0,0,0,1,67,19
W00002921,325,190,1,0,0,0,0,3,98,33
W00002922,285,200,1,0,0,0,0,0,71,13
W00002923,265,148,0,0,0,0,0,0,96,21
W00002924,253,146,0,0,0,0,0,1,82,24
W00002925,347,237,1,0,1,0,0,8,69,31
W00002926,250,163,0,0,0,0,0,2,61,24
W00002927,220,163,1,0,0,0,0,0,44,12
W00002928,363,252,0,0,0,2,0,0,82,27
W00002929,162,90,1,0,0,2,0,1,61,7
W00002930,297,171,1,0,0,0,0,2,103,20
W00002931,167,122,0,0,0,0,0,0,34,11
W00002932,335,218,0,0,0,0,2,5,81,29
W00002933,384,242,4,3,0,8,0,3,92,32
W00002934,214,141,2,0,0,0,0,5,58,8
W00002935,342,230,2,1,0,3,0,2,82,22
W00002936,210,139,0,0,0,0,0,0,54,17
W00002937,245,120,4,1,0,0,0,3,92,25
W00002938,567,373,3,2,0,10,0,5,138,36
W00002939,335,238,1,0,0,5,0,2,72,17
W00002940,414,274,0,0,0,0,0,0,114,26
W00002941,255,163,1,0,0,0,0,0,62,29
W00002942,300,179,0,0,0,1,0,9,73,38
W00002943,319,207,2,0,0,0,0,1,85,24
W00002944,339,222,2,0,3,0,0,6,66,40
W00002945,285,155,0,0,0,0,0,1,100,29
W00002946,242,135,0,3,0,0,0,3,80,21
W00002947,282,158,1,0,0,0,0,0,104,19
W00002948,239,143,0,0,0,1,0,4,69,22
W00002949,262,187,0,0,0,0,0,2,52,21
W00002950,388,253,0,0,0,0,0,2,85,48
W00002951,300,193,1,2,0,0,0,3,72,29
W00002952,397,244,1,0,0,0,0,0,103,49
W00002953,301,181,1,0,0,0,0,1,94,24
W00002954,376,180,4,0,0,0,0,5,150,37
W00002955,312,223,2,0,0,0,1,0,66,20
W00002956,362,237,0,0,0,0,0,4,87,34
W00002957,251,173,0,0,0,0,0,2,60,16
W00002958,365,222,1,0,0,0,0,1,118,23
W00002959,254,178,1,0,0,0,0,0,58,17
W00002960,409,320,0,0,0,0,0,1,77,11
W00002961,207,151,3,0,0,0,0,0,33,20
W00002962,264,179,0,0,0,0,0,2,69,14
W00002963,333,249,2,0,1,0,0,2,61,18
W00002964,613,385,0,1,0,0,0,0,165,62
W00002965,559,404,2,2,0,0,0,4,112,35
W00002966,227,169,0,0,0,3,0,0,39,16
W00002967,324,212,0,0,0,1,0,0,87,24
W00002968,220,146,2,0,0,4,0,0,47,21
W00002969,410,273,4,1,0,3,0,3,93,33
W00002970,239,158,0,0,0,0,0,0,63,18
W00002971,109,82,2,0,0,0,0,0,24,1
W00002972,362,223,2,0,0,2,0,0,102,33
W00002973,115,80,0,0,0,0,0,0,29,6
W00002974,336,232,1,0,0,0,0,1,83,19
W00002975,473,335,2,0,0,0,0,2,115,19
W00002976,384,231,0,0,0,1,0,0,128,24
W00002977,339,235,1,0,1,1,0,1,80,20
W00002978,293,163,0,0,1,1,0,0,113,15
W00002979,313,223,2,0,0,0,0,0,69,19
W00002980,280,138,0,0,0,2,0,6,114,20
W00002981,292,145,2,0,0,2,1,1,119,22
W00002982,329,223,0,0,0,1,0,0,64,41
W00002983,271,146,0,0,0,0,0,1,85,39
W00002984,280,134,1,0,0,0,0,2,119,24
W00002985,329,216,0,5,0,0,0,1,78,29
W00002986,407,251,0,0,1,0,0,8,110,37
W00002987,355,225,2,2,1,1,1,6,75,42
W00002988,360,200,3,1,0,0,0,0,116,40
W00002989,395,261,1,0,0,0,1,7,105,20
W00002990,416,264,0,0,1,0,0,1,111,39
W00002991,288,170,1,0,1,1,0,0,97,18
W00002992,195,130,0,0,0,0,0,2,47,16
W00002993,445,262,4,0,1,0,1,5,131,41
W00002994,356,245,4,0,0,0,0,2,74,31
W00002995,368,230,1,0,0,0,0,5,93,39
W00002996,313,220,0,0,0,0,0,0,62,31
W00002997,316,200,5,0,0,0,0,3,80,28
W00002998,207,119,3,0,0,0,0,2,65,18
W00002999,292,198,2,0,0,0,0,1,74,17
W00003000,287,172,2,0,0,0,0,4,84,25
W00003001,281,180,0,0,0,0,0,5,62,34
W00003002,300,204,0,0,0,0,0,0,72,24
W00003003,314,201,1,0,0,7,0,0,71,34
W00003004,319,205,0,1,0,6,0,4,80,23
W00003005,273,173,2,0,0,0,0,4,52,42
W00003006,285,204,2,2,0,0,0,1,42,34
W00003007,353,230,0,0,0,0,0,3,89,31
W00003008,241,175,0,0,0,0,0,0,48,18
W00003009,333,245,0,0,0,0,0,0,64,24
W00003010,395,216,0,0,0,0,0,0,139,40
W00003011,301,184,0,0,0,0,0,2,92,23
W00003012,345,216,4,0,0,0,0,5,95,25
W00003013,300,225,5,0,0,3,0,0,51,16
W00003014,259,173,0,0,0,0,0,2,63,21
W00003015,273,161,3,0,0,0,0,3,81,25
W00003016,282,167,1,0,0,0,0,2,92,20
W00003017,341,171,1,0,0,0,0,0,115,54
W00003018,251,185,0,0,0,0,0,1,51,14
W00003019,330,197,0,0,0,5,0,4,92,32
W00003020,342,213,0,2,0,1,1,1,87,37
W00003021,318,196,1,0,0,1,0,12,86,22
W00003022,332,210,0,0,0,2,0,4,89,27
W00003023,375,238,0,0,0,0,1,1,112,23
W00003024,284,146,5,1,0,1,0,3,96,32
W00003025,268,166,2,0,0,0,0,0,77,23
W00003026,411,207,0,0,0,0,0,3,163,38
W00003027,270,121,5,1,0,0,0,2,127,14
W00003028,298,169,1,3,0,2,0,0,98,25
W00003029,260,190,0,1,1,0,0,4,54,10
W00003030,330,238,0,0,0,4,0,2,73,13
W00003031,309,146,13,2,0,1,0,6,127,14
W00003032,262,96,0,1,0,12,0,5,118,30
W00003033,311,154,0,2,0,3,0,2,123,27
W00003034,261,153,3,2,0,0,0,3,79,21
W00003035,262,98,2,0,0,3,0,2,137,20
W00003036,365,149,2,5,0,4,0,4,170,31
W00003037,434,227,0,9,0,7,3,0,170,18
W00003038,312,174,1,0,0,1,0,0,103,33
W00003039,209,67,0,0,0,0,0,8,105,29
W00003040,340,117,0,0,0,0,0,0,193,30
W00003041,301,212,8,2,0,1,0,0,63,15
W00003042,298,144,1,0,0,2,0,6,134,11
W00003043,280,191,0,0,0,2,0,2,69,16
W00003044,245,146,8,0,0,12,0,1,52,26
W00003045,380,195,4,0,2,18,0,4,115,42
W00003046,300,193,0,0,1,0,0,1,83,22
W00003047,291,208,1,0,0,4,0,0,63,15
W00003048,253,188,0,0,0,0,0,2,47,16
W00003049,284,183,0,0,0,0,0,0,88,13
W00003050,243,189,0,0,0,0,0,0,41,13
W00003051,264,167,0,0,0,0,0,0,81,16
W00003052,268,155,5,4,0,10,0,2,78,14
W00003053,322,222,1,6,0,7,0,1,58,27
W00003054,302,200,3,13,0,0,0,0,62,24
W00003055,284,162,0,2,0,1,0,1,100,18
W00003056,320,183,8,12,1,11,0,3,78,24
W00003057,354,264,0,16,0,3,0,1,41,29
W00003058,248,142,0,0,0,5,0,1,89,11
W00003059,287,190,1,0,1,10,0,0,65,20
W00003060,192,110,0,5,0,0,0,0,58,19
W00003062,274,185,3,0,0,0,0,0,66,20
W00003063,259,172,0,2,0,0,0,0,69,16
W00003064,240,161,1,0,0,0,0,1,68,9
W00003065,386,260,4,0,0,1,3,0,91,27
W00003066,337,237,2,0,0,0,0,0,75,23
W00003067,149,94,1,0,0,0,0,0,37,17
W00003068,473,326,0,0,0,0,0,2,111,34
W00003069,435,335,1,0,1,0,0,2,70,26
W00003070,483,309,2,0,0,5,0,4,126,37
W00003071,371,248,0,0,0,0,0,1,55,67
W00003072,378,259,1,0,0,0,0,1,91,26
W00003073,305,178,2,0,0,0,0,0,95,30
W00003074,245,150,0,2,0,6,0,0,65,22
W00003075,383,212,0,5,0,2,0,5,127,32
W00003076,259,147,2,1,0,0,0,0,93,16
W00003077,119,87,0,0,0,0,0,0,22,10
W00003078,457,290,0,1,0,1,0,5,120,40
W00003079,333,239,2,0,0,0,0,1,66,25
W00003080,358,245,0,0,0,2,0,1,74,36
W00003081,294,204,2,0,0,0,0,2,60,26
W00003082,303,158,2,0,1,0,0,1,121,20
W00003083,230,176,1,0,0,0,0,1,34,18
W00003084,403,288,1,3,0,0,0,1,82,28
W00003085,341,255,0,0,0,1,0,4,52,29
W00003086,349,259,3,3,0,0,0,0,57,27
W00003087,400,274,1,1,0,0,2,2,79,41
W00003088,456,296,2,0,2,0,1,0,117,38
W00003089,393,264,0,0,1,0,0,0,90,38
W00003090,426,285,0,1,1,0,2,3,107,27
W00003091,402,245,0,0,0,0,0,1,123,33
W00003092,263,200,0,0,0,1,0,1,48,13
W00003093,250,175,2,0,0,0,0,0,45,28
W00003094,330,229,0,0,0,0,0,1,77,23
W00003095,465,327,0,0,1,0,0,0,92,45
W00003096,430,241,2,0,0,0,0,5,142,40
W00003097,360,229,1,0,0,1,0,2,85,42
W00003098,455,265,1,0,0,0,0,0,155,34
W00003099,318,203,2,1,0,2,0,1,82,27
W00003100,324,215,2,1,0,0,0,1,80,25
W00003101,296,193,0,0,0,0,0,0,79,24
W00003102,327,227,0,0,0,0,0,1,66,33
W00003103,294,222,1,0,0,0,0,0,48,23
W00003104,341,224,0,1,0,2,0,0,92,22
W00003105,240,149,0,0,0,0,0,3,63,25
W00003106,433,279,0,0,0,0,0,1,124,29
W00003107,405,254,0,0,0,0,0,0,127,24
W00003108,332,238,0,0,0,0,0,0,71,23
W00003109,350,223,1,0,0,0,0,1,89,36
W00003110,210,125,0,0,0,0,0,3,59,23
W00003111,273,174,0,0,0,0,0,3,79,17
W00003112,299,180,2,0,0,1,0,3,79,34
W00003113,218,154,1,2,0,0,0,2,50,9
W00003114,295,190,0,0,0,0,0,3,75,27
W00003115,365,228,4,0,1,2,0,6,98,26
W00003116,366,215,2,1,0,0,0,6,111,31
W00003117,281,151,3,0,0,0,0,4,82,41
W00003118,213,123,1,0,0,2,0,0,66,21
W00003119,434,288,2,0,0,0,0,1,111,32
W00003120,363,196,0,0,0,0,0,0,144,23
W00003121,314,196,0,1,0,0,0,0,87,30
W00003122,255,179,2,1,1,1,0,0,57,14
W00003123,320,219,0,0,0,0,0,0,73,28
W00003124,312,210,0,1,0,0,0,1,65,35
W00003125,314,242,1,0,1,0,0,0,49,21
W00003126,381,201,0,0,0,5,0,4,131,40
W00003127,354,250,0,0,0,4,0,1,65,34
W00003128,402,246,0,5,0,0,0,2,95,54
W00003129,377,234,0,0,1,0,2,3,91,46
W00003130,311,198,0,0,0,0,0,1,76,36
W00003131,329,215,0,0,0,0,0,0,79,35
W00003132,241,146,3,0,0,0,0,0,72,20
W00003133,150,113,2,0,0,0,0,0,28,7
W00003134,326,190,1,0,1,0,0,0,100,34
W00003135,322,183,1,0,0,0,0,0,118,20
W00003136,311,175,3,0,0,2,0,1,111,19
W00003137,262,192,0,0,0,0,0,0,56,14
W00003138,359,229,2,0,0,3,0,3,100,22
W00003139,382,188,1,0,0,1,0,2,155,35
W00003140,240,150,0,4,0,0,0,1,62,23
W00003141,276,201,1,0,0,0,0,1,55,18
W00003142,278,172,0,0,0,2,0,1,81,22
W00003143,336,214,1,0,0,0,0,0,89,32
W00003144,214,158,0,0,0,7,0,1,35,13
W00003145,374,215,2,2,0,10,0,2,112,31
W00003146,280,166,0,0,0,0,0,0,93,21
W00003147,245,164,0,0,0,0,0,2,65,14
W00003148,344,169,0,0,1,0,0,2,160,12
W00003149,254,190,0,0,0,0,0,1,47,16
W00003150,363,209,0,0,0,0,1,0,119,34
W00003151,202,116,0,0,0,0,0,0,72,14
W00003152,150,102,0,0,0,0,0,3,32,13
W00003153,303,106,0,0,2,0,0,0,176,19
W00003154,228,95,0,0,2,0,0,0,107,24
W00003155,313,226,2,0,0,0,0,1,54,30
W00003156,276,143,0,0,0,0,0,0,113,20
W00003157,313,192,1,0,0,0,0,0,88,32
W00003158,282,187,0,0,0,0,0,1,73,21
W00003159,301,168,0,0,0,0,0,0,117,16
W00003160,275,207,3,0,0,4,0,1,53,7
W00003161,240,155,0,0,0,0,0,0,54,31
W00003162,259,190,1,0,0,0,0,2,51,15
W00003163,293,186,0,0,0,1,0,0,88,18
W00003164,407,222,0,0,0,0,0,3,139,43
W00003165,392,208,0,0,0,0,0,0,150,34
W00003166,286,163,4,0,0,0,0,2,92,25
W00003167,412,244,0,3,0,1,0,2,136,26
W00003168,245,169,0,0,0,1,0,1,58,16
W00003169,308,149,0,0,0,0,1,2,125,31
W00003170,318,160,0,0,0,0,0,1,131,26
W00003171,123,82,1,0,0,0,0,1,35,4
W00003172,502,386,1,1,0,6,0,1,81,26
W00003173,265,156,1,0,0,7,0,1,79,21
W00003174,407,281,1,0,0,7,0,1,68,49
W00003175,457,293,0,3,0,1,0,0,140,20
W00003176,445,299,1,0,0,0,0,1,105,39
W00003177,381,183,3,3,0,0,0,2,160,30
W00003178,306,170,0,0,0,0,0,1,120,15
W00003179,251,104,1,0,1,0,0,1,120,24
W00003180,321,194,0,0,0,0,0,1,95,31
W00003181,256,139,0,0,0,1,0,0,61,55
W00003182,308,196,2,0,0,0,0,0,93,17
W00003183,278,155,0,0,0,0,0,1,97,25
W00003184,341,203,1,0,0,1,0,1,102,33
W00003185,279,180,0,0,0,0,0,1,81,17
W00003186,220,141,1,0,0,2,0,2,54,20
W00003187,316,194,0,0,0,4,0,3,87,28
W00003188,265,144,2,0,0,0,0,5,102,12
W00003189,232,105,2,0,0,2,0,4,89,30
W00003190,237,149,1,0,1,0,0,6,58,22
W00003191,251,117,1,0,2,0,0,0,109,22
W00003192,326,241,0,0,0,0,0,0,63,22
W00003193,296,172,0,0,0,0,0,0,106,18
W00003194,224,139,0,0,0,0,0,3,69,13
W00003195,342,228,0,2,0,1,0,2,82,27
W00003196,316,188,0,0,0,6,1,6,82,33
W00003197,308,222,0,0,0,0,0,0,76,10
W00003198,319,199,0,1,0,0,0,2,79,38
W00003199,310,155,4,0,0,1,3,7,106,34
W00003200,264,170,2,0,0,0,0,2,70,20
W00003201,250,164,1,1,0,0,1,1,61,21
W00003202,337,172,0,0,0,0,0,2,138,25
W00003203,343,206,3,0,0,5,0,3,103,23
W00003204,328,225,2,0,0,3,0,1,88,9
W00003205,374,237,0,0,0,3,0,1,125,8
W00003206,273,171,1,0,0,0,1,3,69,28
W00003207,283,164,0,0,0,0,0,0,81,38
W00003208,288,173,0,0,0,0,0,0,91,24
W00003209,330,229,0,0,0,0,0,2,82,17
W00003210,326,242,0,0,0,0,0,1,53,30
W00003211,244,157,0,0,0,0,0,0,72,15
W00003212,335,186,0,0,0,0,0,2,123,24
W00003213,262,135,0,0,0,0,0,1,86,40
W00003214,335,194,1,0,0,2,0,1,105,32
W00003215,282,145,0,0,0,3,0,1,107,26
W00003216,366,221,0,0,0,5,0,0,118,22
W00003217,247,173,0,2,0,0,0,1,54,17
W00003218,233,127,0,0,0,2,0,2,72,30
W00003219,239,165,0,0,0,0,0,1,62,11
W00003220,273,142,0,0,0,0,0,2,102,27
W00003221,290,175,0,9,0,3,0,3,73,27
W00003222,376,267,1,0,0,0,0,2,86,20
W00003223,270,179,1,0,0,0,0,1,64,25
W00003224,329,147,0,0,0,4,1,3,145,29
W00003225,331,175,0,0,0,0,0,4,116,36
W00003226,316,233,0,0,0,0,0,1,56,26
W00003227,296,195,2,0,0,4,0,0,68,27
W00003228,319,189,0,0,0,3,0,0,104,23
W00003229,313,190,1,1,0,1,0,0,86,34
W00003230,381,229,5,0,0,7,0,1,124,15
W00003231,295,163,0,0,0,0,0,0,105,27
W00003232,310,192,1,0,0,1,0,0,96,20
W00003233,292,181,0,0,0,0,0,1,95,15
W00003234,285,217,0,0,0,0,0,2,54,12
W00003235,393,203,0,0,0,4,0,5,150,31
W00003236,263,173,0,0,1,0,0,1,71,17
W00003237,354,216,1,6,0,2,0,1,104,24
W00003238,260,182,0,0,0,0,0,2,64,12
W00003239,356,219,2,6,0,4,0,0,91,34
W00003240,328,185,0,0,0,0,0,2,118,23
W00003241,339,182,1,0,0,0,0,4,125,27
W00003242,505,305,2,1,0,0,0,3,166,28
W00003243,335,219,3,0,0,0,0,1,95,17
W00003244,306,180,0,0,0,0,0,1,102,23
W00003245,252,150,0,1,0,1,0,0,78,22
W00003246,335,194,1,0,0,5,0,1,102,32
W00003247,332,186,0,1,0,0,0,1,105,39
W00003248,342,215,2,1,0,1,0,1,89,33
W00003249,257,154,0,0,0,0,0,1,58,44
W00003250,361,202,1,0,0,0,0,0,127,31
W00003251,336,190,0,2,0,0,0,1,113,30
W00003252,354,113,2,0,0,3,0,4,194,38
W00003253,375,172,5,0,0,0,0,7,155,36
W00003254,303,198,2,0,0,0,0,0,84,19
W00003255,354,239,0,3,1,1,0,0,84,26
W00003256,329,207,1,0,0,0,0,3,92,26
W00003257,314,188,0,0,0,0,0,1,107,18
W00003258,385,232,0,0,0,4,0,0,117,32
W00003259,299,229,1,0,0,0,0,1,52,16
W00003260,310,198,0,0,0,0,0,2,90,20
W00003261,265,167,1,0,0,1,0,0,79,17
W00003262,291,161,7,3,0,7,1,1,84,27
W00003263,269,179,0,0,0,0,0,3,59,28
W00003264,278,187,0,0,0,0,0,0,67,24
W00003265,317,244,2,0,0,0,0,1,46,24
W00003266,283,202,1,0,0,0,0,0,52,28
W00003267,296,211,1,0,0,0,0,2,61,21
W00003268,356,294,3,0,0,0,0,0,36,23
W00003269,294,228,2,0,0,0,0,0,42,22
W00003270,291,207,0,0,0,0,0,0,59,25
W00003271,293,222,0,2,1,0,2,2,54,10
W00003272,284,205,1,1,0,0,0,0,64,13
W00003273,255,180,2,1,0,2,0,0,47,23
W00003274,309,226,0,0,0,1,0,1,63,18
W00003275,594,413,0,0,0,0,0,4,119,58
W00003276,268,183,1,0,0,2,0,3,48,31
W00003277,184,142,0,0,0,0,0,0,28,14
W00003278,334,240,2,8,0,5,0,0,60,19
W00003279,288,195,4,5,1,0,0,0,62,21
W00003280,296,209,0,0,1,2,0,1,49,34
W00003281,210,145,0,0,0,0,0,0,46,19
W00003282,352,283,0,2,0,0,0,1,48,18
W00003283,273,189,1,0,0,0,0,2,65,16
W00003284,293,212,1,0,1,0,0,3,45,31
W00003285,299,195,3,0,0,0,0,1,75,25
W00003286,254,163,1,0,1,0,0,2,66,21
W00003287,433,261,0,0,0,0,0,14,122,36
W00003288,289,172,4,0,2,0,0,3,81,27
W00003289,276,138,3,0,0,0,0,2,102,31
W00003290,259,163,1,0,0,0,0,2,76,17
W00003291,330,188,3,0,0,1,0,9,95,34
W00003292,319,189,2,0,0,0,0,4,95,29
W00003293,269,134,2,0,0,0,0,4,96,33
W00003294,274,169,2,0,0,3,0,1,69,30
W00003295,236,126,1,0,0,1,0,2,68,38
W00003296,255,146,3,0,0,1,0,3,75,27
W00003297,225,154,1,0,0,1,0,0,55,14
W00003298,397,245,0,0,1,0,0,3,122,26
W00003299,305,217,1,0,0,1,0,2,69,15
W00003300,244,145,1,0,0,0,0,4,65,29
W00003301,234,164,0,0,0,0,0,5,38,27
W00003302,374,217,0,0,0,0,0,2,95,60
W00003303,247,186,1,0,0,0,0,0,36,24
W00003304,191,152,0,0,0,0,0,1,26,12
W00003305,169,117,3,0,0,0,0,0,38,11
W00003306,246,161,1,0,0,0,0,0,63,21
W00003307,110,86,0,0,0,0,0,0,16,8
W00003308,189,127,1,1,0,0,0,0,47,13
W00003309,200,148,1,0,0,0,0,0,36,15
W00003310,244,183,0,0,0,9,0,0,37,15
W00003311,129,92,1,0,0,0,0,0,33,3
W00003312,282,203,0,0,0,1,0,2,59,17
W00003313,247,161,0,2,0,1,0,2,63,18
W00003314,474,280,3,0,0,1,0,6,136,48
W00003315,318,208,1,0,0,0,0,6,73,30
W00003316,329,229,0,0,0,0,4,3,79,14
W00003317,366,194,3,0,0,0,0,3,139,27
W00003318,392,215,4,0,0,1,0,2,136,34
W00003319,620,272,7,0,0,1,0,6,177,157
W00003320,238,149,1,0,0,0,0,2,66,20
W00003321,237,157,1,0,0,0,0,1,60,18
W00003322,155,116,1,0,0,0,0,0,26,12
W00003323,235,164,0,0,0,0,0,0,55,16
W00003324,182,125,0,0,0,0,0,1,44,12
W00003325,300,217,2,0,0,2,0,0,57,22
W00003326,311,245,2,0,0,1,0,1,44,18
W00003327,267,154,0,0,0,0,0,7,84,22
W00003328,253,180,1,0,0,0,0,1,56,15
W00003329,213,154,0,0,0,0,0,0,44,15
W00003330,296,209,2,0,0,0,0,2,56,27
W00003331,290,211,0,0,0,0,1,0,62,16
W00003332,180,100,0,1,0,0,0,2,60,17
W00003333,243,171,0,0,0,0,0,0,52,20
W00003334,182,141,1,0,0,0,0,0,27,13
W00003335,260,182,1,0,0,0,0,0,62,15
W00003336,375,244,0,0,0,0,0,2,90,39
W00003337,179,109,1,0,0,4,0,0,48,17
W00003338,229,164,0,0,0,0,0,0,42,23
W00003339,265,158,2,0,0,0,0,1,81,23
W00003340,214,152,1,1,1,0,0,0,44,15
W00003341,242,164,0,0,0,0,0,0,61,17
W00003342,215,129,8,0,0,12,0,2,47,17
W00003343,297,191,0,0,0,0,0,3,69,34
W00003344,259,174,0,0,2,0,0,2,65,16
W00003345,295,193,0,0,0,0,0,7,81,14
W00003346,324,193,1,0,0,0,0,2,91,37
W00003347,361,235,0,3,2,1,0,0,83,37
W00003348,382,234,0,2,0,1,0,0,121,24
W00003349,256,171,1,0,0,0,0,5,63,16
W00003350,238,148,0,2,0,0,0,1,68,19
W00003351,360,229,1,0,0,0,0,2,99,29
W00003352,419,280,3,1,0,0,0,4,89,42
W00003353,318,203,0,0,0,0,0,1,97,17
W00003354,387,249,1,1,1,4,0,5,88,38
W00003355,358,295,0,0,0,0,0,0,38,25
W00003356,278,201,1,0,0,0,0,0,50,26
W00003357,330,231,3,6,0,2,0,3,62,23
W00003358,259,175,1,0,0,6,0,0,58,19
W00003359,357,266,0,3,0,0,0,0,61,27
W00003360,346,230,1,3,0,0,0,3,64,45
W00003361,328,146,0,0,0,0,0,3,148,31
W00003362,212,114,0,0,0,0,0,0,81,17
W00003363,207,110,0,0,0,1,0,0,85,11
W00003364,327,224,1,0,0,2,0,1,77,22
W00003365,266,172,0,0,0,4,0,5,77,8
W00003366,276,184,0,0,0,1,0,0,78,13
W00003367,276,154,2,8,0,0,0,2,88,22
W00003368,207,123,0,2,0,0,0,0,67,15
W00003369,225,144,0,0,0,0,0,4,61,16
W00003370,338,180,0,0,1,0,0,2,133,22
W00003372,396,270,0,0,0,0,0,1,89,36
W00003373,215,127,0,0,0,3,0,4,68,13
W00003374,312,119,1,0,0,0,0,2,169,21
W00003375,286,169,1,0,0,0,0,0,87,29
W00003376,280,199,0,0,0,0,1,0,66,14
W00003377,288,170,1,0,0,0,0,1,97,19
W00003378,280,151,0,0,0,0,0,2,102,25
W00003379,298,120,2,0,0,0,0,0,144,32
W00003380,348,193,1,0,0,0,0,0,133,21
W00003381,183,111,0,0,0,0,0,0,57,15
W00003382,313,180,0,0,0,0,0,0,113,20
W00003383,278,206,0,0,0,5,0,0,51,16
W00003384,395,236,0,0,0,0,0,1,110,48
W00003385,334,226,2,0,0,3,0,2,88,13
W00003386,247,130,0,0,0,0,1,1,84,31
W00003387,338,183,1,0,0,0,0,3,123,28
W00003388,284,127,0,0,0,0,0,0,136,21
W00003389,329,136,0,0,0,0,0,0,159,34
W00003390,324,197,0,0,0,5,0,0,94,28
W00003391,272,159,0,0,0,0,0,1,86,26
W00003392,400,221,1,0,0,9,0,1,134,34
W00003393,326,164,2,0,0,4,0,0,124,32
W00003394,294,177,0,0,0,0,0,2,94,21
W00003395,299,190,0,0,0,0,0,0,91,18
W00003396,324,228,2,0,0,0,0,0,69,25
W00003397,307,170,0,4,0,7,0,0,94,32
W00003398,300,174,1,2,0,2,0,0,105,16
W00003399,285,190,0,0,0,2,0,1,76,16
W00003400,337,228,0,0,0,2,0,2,89,16
W00003401,312,179,0,0,0,0,0,1,102,30
W00003402,293,149,2,0,0,0,0,10,120,12
W00003403,276,164,1,0,0,0,0,1,73,37
W00003404,235,178,0,0,0,0,0,0,42,15
W00003405,332,202,0,0,0,3,1,0,101,25
W00003406,239,155,1,0,1,1,0,0,60,21
W00003407,272,200,0,0,0,0,0,1,44,27
W00003408,243,130,0,0,0,0,0,1,90,22
W00003409,278,194,2,0,1,0,0,0,65,16
W00003410,280,187,0,0,0,0,0,1,76,16
W00003411,222,175,0,0,0,2,0,0,36,9
W00003412,335,204,1,2,0,0,0,2,101,25
W00003413,307,191,0,0,0,2,0,0,97,17
W00003414,325,205,0,2,0,0,0,4,91,23
W00003415,333,205,1,0,0,0,0,0,87,40
W00003416,285,172,1,0,0,0,0,1,91,20
W00003418,306,150,0,3,1,0,0,2,129,21
W00003419,308,184,0,0,0,2,0,0,98,24
W00003421,337,202,0,2,0,7,1,0,106,19
W00003422,304,112,0,0,0,4,0,3,158,27
W00003423,592,374,1,0,0,1,1,0,175,40
W00003424,203,156,1,0,0,0,4,0,30,12
W00003425,308,213,0,3,0,0,2,0,61,29
W00003426,322,216,0,0,0,3,0,1,79,23
W00003427,288,202,0,0,0,1,0,0,67,18
W00003428,212,123,1,0,0,0,0,1,65,22
W00003429,289,141,1,3,0,0,0,0,129,15
W00003430,275,171,0,0,1,0,0,2,80,21
W00003431,310,170,0,0,0,10,0,0,105,25
W00003432,348,202,0,0,0,6,0,0,111,29
W00003433,287,161,1,0,0,3,0,0,102,20
W00003434,281,135,0,1,0,0,0,0,106,39
W00003435,296,208,1,0,0,0,0,3,70,14
W00003436,269,203,0,0,0,3,0,3,41,19
W00003437,268,147,0,0,0,0,0,2,100,19
W00003438,294,186,0,0,0,0,0,1,78,29
W00003439,242,151,0,0,0,11,0,1,63,16
W00003440,314,233,0,14,0,4,0,0,41,22
W00003441,336,243,6,0,1,24,0,1,53,8
W00003442,232,161,0,0,0,0,0,0,42,29
W00003443,291,219,0,0,0,1,0,0,60,11
W00003444,328,215,0,0,0,0,0,1,93,19
W00003445,284,167,0,0,0,5,0,3,93,16
W00003446,267,138,3,1,1,0,1,5,103,15
W00003447,188,114,0,0,1,0,0,7,48,18
W00003448,204,138,1,0,0,1,0,1,47,16
W00003449,211,119,6,5,0,8,0,2,59,12
W00003450,305,199,2,0,0,1,5,0,73,25
W00003451,324,181,1,1,2,6,0,6,102,25
W00003452,332,188,1,0,0,4,0,3,59,77
W00003453,233,163,1,0,0,0,0,0,58,11
W00003454,309,240,0,0,0,0,0,1,42,26
W00003455,292,201,0,0,0,6,0,2,62,21
W00003456,317,198,1,1,0,0,0,2,86,29
W00003457,474,308,1,9,0,5,0,2,127,22
W00003458,178,133,0,0,0,0,0,0,35,10
W00003459,365,198,0,7,0,0,0,0,132,28
W00003460,335,211,1,9,0,0,0,3,83,28
W00003461,456,306,1,0,0,2,4,1,111,31
W00003463,298,225,0,0,0,0,1,0,59,13
W00003464,276,173,2,0,0,0,0,0,81,20
W00003465,353,222,0,0,0,0,1,3,102,25
W00003466,268,148,3,0,1,6,0,4,88,18
W00003467,331,217,1,0,0,0,0,0,86,27
W00003468,322,185,2,1,1,0,0,1,112,20
W00003469,291,192,1,0,0,1,0,1,79,17
W00003470,298,146,0,0,0,0,0,5,109,38
W00003471,209,136,2,0,0,0,0,1,41,29
W00003472,243,150,0,0,1,0,0,1,64,27
W00003473,280,178,2,0,0,2,0,8,60,30
W00003474,373,208,2,0,0,3,0,2,122,36
W00003475,334,185,4,0,0,0,0,1,122,22
W00003476,477,234,2,0,0,10,0,1,186,44
W00003477,266,161,0,3,0,4,0,9,66,23
W00003478,221,144,3,0,0,0,0,0,59,15
W00003479,223,129,0,1,0,0,0,1,71,21
W00003480,294,180,0,0,0,0,0,5,84,25
W00003481,227,149,0,0,0,3,0,1,64,10
W00003482,287,203,0,0,0,2,0,0,66,16
W00003483,298,239,0,0,0,0,0,2,43,14
W00003484,266,200,2,0,0,8,0,3,34,19
W00003485,408,268,2,3,2,1,0,5,88,39
W00003486,338,224,0,3,0,0,0,4,85,22
W00003487,298,232,0,0,0,0,0,6,39,21
W00003488,360,227,2,2,0,1,0,11,81,36
W00003489,374,257,1,1,0,0,0,0,83,32
W00003490,355,237,3,0,0,0,0,4,58,53
W00003491,321,242,1,0,0,0,0,2,49,27
W00003492,297,171,0,0,1,4,0,4,95,22
W00003493,327,198,0,0,0,0,0,6,80,43
W00003494,316,218,0,0,0,0,0,0,68,30
W00003495,438,297,1,0,1,12,0,2,82,43
W00003496,235,134,1,1,0,0,0,4,66,29
W00003497,311,200,0,0,0,0,0,0,82,29
W00003498,237,150,1,0,0,0,0,1,65,20
W00003499,407,258,0,2,0,0,0,2,117,28
W00003500,306,179,3,0,0,0,0,1,97,26
W00003501,435,218,3,8,1,24,0,0,148,33
W00003502,322,222,0,0,0,3,0,0,82,15
W00003503,434,298,0,0,0,0,0,1,105,30
W00003504,311,202,0,0,0,0,0,0,92,17
W00003505,341,162,3,0,0,1,0,0,149,26
W00003506,225,135,1,0,0,0,0,2,69,18
W00003507,268,156,0,1,0,3,0,0,88,20
W00003508,258,177,1,0,0,4,0,1,54,21
W00003509,243,170,3,0,0,0,0,0,56,14
W00003510,297,202,0,0,1,4,5,0,71,14
W00003511,327,235,2,0,0,6,0,0,57,27
W00003512,276,152,1,0,1,0,0,0,104,18
W00003513,338,194,0,0,0,3,0,2,109,30
W00003514,323,183,0,0,0,0,0,1,110,29
W00003515,258,158,0,2,0,0,1,6,70,21
W00003516,285,198,0,2,0,0,0,2,65,18
W00003517,348,262,0,0,2,0,0,0,65,19
W00003518,250,180,0,0,0,0,0,0,56,14
W00003519,167,109,0,0,0,0,0,0,51,7
W00003520,311,168,1,1,0,2,0,0,108,31
W00003521,297,134,0,3,0,1,8,1,131,19
W00003522,291,134,0,0,0,0,0,0,122,35
W00003523,260,141,0,0,0,1,0,0,82,36
W00003524,364,238,0,3,0,0,0,1,102,20
W00003525,364,207,0,0,0,0,0,0,134,23
W00003526,327,196,1,0,0,5,0,3,84,38
W00003527,347,201,2,0,0,0,0,0,117,27
W00003528,406,224,1,0,0,0,0,2,147,32
W00003529,321,175,4,0,0,0,0,3,110,29
W00003530,336,194,0,0,0,6,0,2,116,18
W00003531,300,128,2,0,0,0,0,3,148,19
W00003532,102,70,0,0,0,0,0,0,25,7
W00003533,289,153,2,3,0,0,0,4,105,22
W00003534,304,149,0,0,0,8,0,1,124,22
W00003535,265,156,1,2,0,0,0,2,85,19
W00003536,269,155,3,0,0,1,0,2,93,15
W00003537,319,177,2,0,0,1,0,0,117,22
W00003538,302,196,0,0,0,0,0,0,81,25
W00003539,357,202,0,0,0,3,0,4,114,34
W00003540,242,121,0,0,0,0,0,4,95,22
W00003541,279,158,0,0,0,5,0,4,89,23
W00003542,363,184,2,0,0,0,3,4,135,35
W00003543,313,175,0,0,0,1,0,1,107,29
W00003544,251,116,2,0,0,0,0,4,92,37
W00003545,241,126,1,0,0,4,0,2,96,12
W00003546,312,165,1,0,0,0,7,2,115,22
W00003547,349,183,0,0,0,0,3,0,126,37
W00003548,256,148,0,1,1,2,0,2,76,26
W00003549,289,127,4,0,0,3,0,3,140,12
W00003550,323,190,0,1,0,0,2,1,111,18
W00003552,346,153,0,0,0,2,0,1,168,22
W00003553,305,138,1,0,0,1,0,2,133,30
W00003554,275,126,0,0,0,4,0,1,122,22
W00003555,270,162,0,0,0,0,0,0,87,21
W00003556,264,149,1,0,0,1,0,5,84,24
W00003557,245,159,0,0,0,0,0,0,72,14
W00003558,146,92,2,0,0,0,0,0,36,16
W00003559,312,204,0,0,0,0,0,1,63,44
W00003560,298,169,1,0,0,0,0,0,108,20
W00003561,331,191,2,0,0,0,0,0,93,45
W00003562,268,165,1,0,0,0,0,0,86,16
W00003563,290,221,0,0,0,0,0,0,56,13
W00003564,320,177,0,1,0,0,0,0,104,38
W00003565,336,159,0,2,0,8,0,1,134,32
W00003566,255,167,0,0,0,0,0,1,67,20
W00003567,444,248,0,0,0,0,0,3,162,31
W00003568,331,222,1,0,0,0,0,1,92,15
W00003569,402,269,1,0,3,0,0,3,98,28
W00003570,392,260,1,0,0,3,0,0,96,32
W00003571,308,201,0,0,0,0,0,0,87,20
W00003572,218,130,1,0,0,0,0,0,74,13
W00003573,435,304,1,0,0,0,0,0,108,22
W00003574,423,270,3,0,0,0,0,3,106,41
W00003575,252,167,0,1,0,0,0,3,61,20
W00003576,282,205,0,0,0,0,0,1,65,11
W00003577,324,201,0,0,0,0,0,0,92,31
W00003578,305,212,0,2,0,0,0,0,69,22
W00003579,293,213,0,0,0,0,0,3,59,18
W00003580,247,142,0,0,0,0,0,0,83,22
W00003581,283,142,1,0,0,0,0,0,115,25
W00003582,332,170,0,0,0,2,0,2,138,20
W00003583,137,78,0,0,0,0,0,0,48,11
W00003584,297,217,0,1,0,0,0,1,59,19
W00003585,291,170,2,0,0,0,0,0,93,26
W00003586,347,255,0,0,0,0,0,0,64,28
W00003587,365,231,2,0,0,1,0,1,118,12
W00003588,329,202,0,0,0,0,0,0,103,24
W00003589,279,184,1,0,0,1,0,0,72,21
W00003590,367,197,0,4,1,0,0,2,109,54
W00003591,278,183,3,0,0,0,0,2,74,16
W00003592,287,179,2,0,3,0,0,2,87,14
W00003593,251,156,2,0,0,1,0,1,77,14
W00003594,284,185,0,0,0,0,0,5,66,28
W00003595,264,172,0,0,0,0,0,1,73,18
W00003596,300,186,1,0,0,0,0,3,84,26
W00003597,258,172,0,2,0,0,0,0,63,21
W00003598,258,184,3,0,0,0,0,0,56,15
W00003599,335,211,0,0,1,1,0,3,89,30
W00003600,286,177,0,2,0,1,0,4,73,29
W00003601,298,200,0,0,0,0,0,1,69,28
W00003602,431,266,1,0,0,0,1,6,126,31
W00003603,264,162,2,0,0,0,0,1,83,16
W00003604,228,145,0,0,0,0,0,0,62,21
W00003605,299,203,0,0,0,0,0,5,70,21
W00003606,280,170,1,0,0,0,0,0,79,30
W00003607,299,185,0,4,0,0,0,0,83,27
W00003608,442,275,7,1,0,0,0,3,127,29
W00003609,274,195,1,0,0,0,0,1,63,14
W00003610,274,171,1,0,0,1,0,1,85,15
W00003611,427,300,0,0,0,0,0,1,96,30
W00003612,305,193,1,0,0,0,0,1,86,24
W00003613,432,295,1,0,0,0,0,3,98,35
W00003614,209,133,0,1,0,0,0,2,42,31
W00003615,209,137,0,3,0,0,0,0,56,13
W00003616,180,104,3,0,1,0,0,0,47,25
W00003617,219,124,0,3,0,0,0,0,77,15
W00003618,405,261,2,1,0,0,0,0,112,29
W00003619,318,227,1,0,1,0,1,3,65,20
W00003620,258,155,0,0,0,2,0,0,82,19
W00003621,275,174,0,0,0,0,0,5,68,28
W00003622,131,81,0,0,0,0,0,1,44,5
W00003623,215,126,1,0,0,0,2,4,61,21
W00003624,391,261,1,0,5,1,0,2,98,23
W00003625,351,233,3,1,0,0,0,3,75,36
W00003626,409,249,2,0,0,0,0,8,111,39
W00003627,362,231,1,1,0,0,0,2,93,34
W00003628,290,164,3,0,0,0,0,3,88,32
W00003629,284,192,0,1,0,0,0,0,73,18
W00003630,394,270,2,1,0,1,0,2,69,49
W00003631,371,259,0,0,0,2,0,2,75,33
W00003632,367,256,2,0,0,0,0,3,74,32
W00003633,271,176,2,0,0,0,0,1,67,25
W00003634,257,205,0,0,0,0,0,1,42,9
W00003635,303,160,0,0,0,0,4,3,102,34
W00003636,244,152,0,0,0,0,0,0,71,21
W00003637,290,208,0,0,0,0,0,0,57,25
W00003638,350,194,0,5,0,0,0,4,117,30
W00003639,292,184,1,0,0,0,0,5,72,30
W00003640,354,259,0,1,0,0,0,0,70,24
W00003641,266,148,2,0,0,0,0,4,83,29
W00003642,227,141,0,0,0,0,0,1,63,22
W00003643,212,120,0,0,1,3,0,3,64,21
W00003644,272,157,0,0,0,0,0,0,99,16
W00003645,246,155,0,0,1,0,0,2,65,23
W00003646,218,109,0,1,1,1,0,0,86,20
W00003647,329,246,0,0,0,0,1,2,57,23
W00003648,235,164,0,0,0,0,0,1,50,20
W00003649,233,140,1,0,0,0,0,1,67,24
W00003650,360,226,3,0,0,2,0,0,108,21
W00003651,195,108,0,3,0,0,0,1,64,19
W00003652,235,146,2,0,0,0,0,1,72,14
W00003653,243,165,0,0,0,2,5,3,57,11
W00003654,235,150,0,0,0,0,0,0,67,18
W00003655,259,168,0,0,0,0,0,0,53,38
W00003656,365,200,2,6,1,0,0,1,133,22
W00003657,368,271,1,0,0,0,0,0,75,21
W00003658,372,249,0,0,0,0,0,4,93,26
W00003659,248,159,0,0,0,0,0,0,62,27
W00003660,288,185,1,0,0,4,0,0,80,18
W00003661,305,213,0,2,0,0,0,1,63,26
W00003662,261,193,0,0,0,0,0,2,46,20
W00003663,376,246,1,0,0,0,0,0,107,22
W00003664,212,147,0,0,0,4,0,0,50,11
W00003665,413,284,1,4,0,0,0,2,94,28
W00003666,273,174,0,0,1,0,0,0,85,13
W00003667,301,195,1,0,0,0,5,0,73,27
W00003668,267,140,1,1,0,0,0,0,97,28
W00003669,310,171,0,1,0,0,0,1,112,25
W00003670,346,239,0,0,2,0,4,3,75,23
W00003671,524,388,0,0,0,0,0,3,92,41
W00003672,247,167,0,0,0,0,0,4,50,26
W00003673,147,61,1,0,0,0,1,2,55,27
W00003674,209,142,2,0,0,2,0,4,39,20
W00003675,231,127,1,2,0,0,0,0,66,35
W00003676,237,107,1,0,1,0,0,0,93,35
W00003677,264,189,0,0,0,0,0,4,47,24
W00003678,235,125,2,0,0,0,0,6,63,39
W00003679,349,224,0,5,0,5,0,0,88,27
W00003680,307,171,0,0,0,0,0,4,111,21
W00003681,385,231,0,0,1,4,0,0,99,50
W00003682,303,204,0,1,0,2,0,3,63,30
W00003683,293,186,3,0,0,3,0,0,70,31
W00003684,214,149,0,1,1,0,0,1,51,11
W00003685,446,268,1,0,0,1,0,3,129,44
W00003686,348,222,3,0,0,0,4,2,81,36
W00003687,336,214,1,0,2,0,0,1,81,37
W00003688,276,188,0,0,0,2,0,2,52,32
W00003689,236,143,0,0,0,0,0,3,62,28
W00003690,325,189,2,0,0,0,0,1,93,40
W00003691,246,134,0,0,0,0,0,1,80,31
W00003692,357,251,1,0,0,0,0,3,77,25
W00003693,281,195,0,0,0,0,0,1,63,22
W00003694,220,117,0,0,0,0,0,0,83,20
W00003695,351,257,0,0,1,0,0,1,64,28
W00003696,299,164,0,0,0,0,0,0,108,27
W00003697,351,236,0,0,1,0,0,2,81,31
W00003698,310,199,0,0,1,0,0,5,83,22
W00003699,398,274,0,0,0,1,0,2,80,41
W00003700,312,176,3,0,0,0,0,4,104,25
W00003701,330,202,5,0,0,0,0,2,86,35
W00003702,423,227,1,0,0,0,0,1,154,40
W00003703,289,183,0,0,0,0,1,1,65,39
W00003704,271,160,1,0,0,0,0,7,83,20
W00003705,348,204,1,0,0,0,0,3,109,31
W00003706,332,196,4,0,0,0,0,3,92,37
W00003707,247,143,1,0,1,0,1,3,65,33
W00003708,357,199,1,0,0,0,0,6,117,34
W00003709,288,210,0,0,0,0,0,3,60,15
W00003710,230,145,0,0,0,0,0,2,60,23
W00003711,314,220,2,2,0,2,6,0,72,10
W00003712,410,237,0,0,0,1,0,2,146,24
W00003713,286,180,2,0,0,5,0,0,89,10
W00003714,206,137,3,0,0,2,7,3,47,7
W00003715,387,293,0,0,0,7,0,0,68,19
W00003716,401,255,1,0,0,0,3,0,126,16
W00003717,311,168,0,0,0,1,0,1,126,15
W00003718,308,217,0,0,0,0,0,1,70,20
W00003719,326,202,0,4,1,4,0,0,84,31
W00003720,253,207,0,0,0,0,0,0,30,16
W00003721,384,236,1,0,0,1,0,1,111,34
W00003722,418,236,0,7,0,1,0,2,141,31
W00003723,401,253,0,0,1,0,0,0,107,40
W00003724,298,140,0,0,0,0,0,4,128,26
W00003725,261,154,0,3,0,0,0,1,92,11
W00003726,339,242,0,0,0,0,0,1,75,21
W00003727,210,146,1,0,0,0,0,1,42,20
W00003728,271,228,0,0,0,0,0,1,35,7
W00003729,534,396,0,0,0,0,0,2,93,43
W00003730,229,174,0,4,0,0,0,1,30,20
W00003731,297,202,0,0,1,0,0,0,73,21
W00003732,301,184,0,1,0,0,0,0,88,28
W00003733,200,129,0,2,0,0,0,5,45,19
W00003734,299,182,1,1,0,0,0,0,92,23
W00003735,305,197,1,0,0,0,0,0,86,21
W00003736,274,169,0,0,0,0,0,0,61,44
W00003737,323,209,1,0,0,1,0,0,76,36
W00003738,315,167,1,0,0,0,0,6,103,38
W00003739,273,176,0,3,0,1,0,1,75,17
W00003740,384,214,0,0,0,0,0,3,145,22
W00003741,288,127,0,0,0,0,0,0,127,34
W00003742,320,214,2,0,0,0,0,1,74,29
W00003743,321,195,1,0,0,0,0,0,92,33
W00003744,296,182,2,0,0,0,0,0,88,24
W00003745,384,266,2,1,0,0,0,0,90,25
W00003746,335,211,2,0,0,0,5,4,87,26
W00003747,485,322,2,0,0,0,0,5,117,39
W00003748,305,166,0,0,0,0,0,4,114,21
W00003749,351,231,0,0,0,0,1,0,87,32
W00003750,314,183,0,0,0,3,0,2,94,32
W00003751,303,158,1,6,0,4,0,1,106,27
W00003752,378,247,0,0,1,0,0,4,97,29
W00003753,273,168,0,0,1,1,0,0,80,23
W00003754,276,142,1,0,0,0,0,1,108,24
W00003755,326,214,0,0,0,0,0,2,93,17
W00003756,257,118,0,0,0,0,0,2,103,34
W00003757,304,174,2,0,0,0,0,0,93,35
W00003758,391,256,0,5,0,0,0,1,102,27
W00003759,292,161,0,0,0,0,0,0,113,18
W00003760,289,197,0,0,0,0,0,2,61,29
W00003761,284,199,0,0,0,1,0,1,62,21
W00003762,294,189,2,0,0,4,0,8,67,24
W00003763,198,133,1,0,0,0,0,0,46,18
W00003764,282,198,0,1,0,1,0,2,57,23
W00003765,207,149,1,0,0,0,0,2,42,13
W00003766,217,143,3,0,0,0,0,2,46,23
W00003767,235,162,1,0,1,0,0,0,63,8
W00003768,466,313,1,1,0,0,0,0,89,62
W00003769,265,122,0,0,0,1,0,0,112,30
W00003770,420,266,0,0,1,0,0,5,111,37
W00003771,271,179,1,0,0,0,0,6,68,17
W00003772,216,160,0,0,0,0,0,1,41,14
W00003773,342,218,3,0,0,0,1,3,89,28
W00003774,283,192,0,0,0,0,0,3,65,23
W00003775,297,202,0,0,1,0,0,4,63,27
W00003776,247,161,1,0,0,0,0,2,66,17
W00003777,289,190,3,0,0,0,0,2,79,15
W00003778,354,185,0,0,0,1,0,2,128,38
W00003779,300,155,1,0,0,1,0,0,120,23
W00003780,295,172,0,0,0,1,0,0,100,22
W00003781,349,209,0,0,0,5,0,0,113,22
W00003782,341,205,2,1,1,0,0,2,108,22
W00003783,262,178,1,3,0,1,0,1,62,16
W00003784,269,182,1,1,0,0,0,0,68,17
W00003785,279,150,2,1,0,0,0,1,98,27
W00003786,288,171,0,1,0,0,0,0,103,13
W00003787,270,183,1,0,0,0,0,0,72,14
W00003788,262,174,0,1,0,1,0,0,65,21
W00003789,335,183,0,0,0,0,0,1,114,37
W00003790,292,182,0,0,0,0,0,0,92,18
W00003791,280,148,0,7,0,4,0,2,107,12
W00003792,296,157,1,0,0,0,0,0,120,18
W00003793,423,259,0,0,0,0,0,0,129,35
W00003794,273,187,0,0,1,0,0,0,60,25
W00003795,246,134,0,0,0,0,0,2,85,25
W00003796,439,218,0,1,0,1,0,0,198,21
W00003797,340,164,2,3,0,0,0,2,149,20
W00003798,303,181,1,0,0,14,4,0,86,17
W00003799,281,169,0,0,0,0,0,0,94,18
W00003800,352,227,2,2,2,0,0,0,102,17
W00003801,308,199,1,1,0,0,0,0,82,25
W00003802,287,164,0,3,0,1,0,0,108,11
W00003803,284,130,1,0,0,0,0,1,124,28
W00003804,269,175,0,0,0,0,0,0,74,20
W00003805,254,139,0,0,0,0,0,0,93,22
W00003806,308,118,2,0,0,5,0,0,155,28
W00003807,303,136,0,0,0,0,0,0,136,31
W00003808,263,98,0,0,0,0,0,4,146,15
W00003809,269,120,0,0,0,0,1,1,122,25
W00003811,335,230,0,0,0,0,0,1,69,35
W00003812,327,202,0,0,0,0,0,6,86,33
W00003813,289,225,0,1,0,0,0,2,42,19
W00003814,389,221,0,0,0,0,0,5,110,53
W00003815,494,286,4,0,0,1,0,10,145,48
W00003817,371,280,0,0,0,0,0,1,70,20
W00003818,338,222,2,0,0,4,0,3,90,17
W00003819,315,177,0,0,0,0,0,3,107,28
W00003820,285,194,0,0,0,0,0,0,69,22
W00003821,351,218,2,0,0,0,0,3,98,30
W00003823,277,162,0,0,0,0,2,0,103,10
W00003824,236,170,0,1,0,0,0,0,47,18
W00003825,332,216,1,0,0,0,0,3,99,13
W00003826,273,177,0,0,0,0,0,0,74,22
W00003827,272,156,0,0,0,0,0,0,98,18
W00003828,276,144,0,0,0,0,0,3,115,14
W00003829,237,164,0,0,0,1,0,2,57,13
W00003830,425,294,0,0,0,2,0,0,104,25
W00003831,308,177,0,0,0,0,0,0,97,34
W00003832,303,168,0,0,0,0,0,0,99,36
W00003833,320,135,0,0,0,1,0,2,159,23
W00003834,340,205,1,0,0,0,0,2,105,27
W00003835,328,215,2,0,0,5,0,0,83,23
W00003836,442,254,0,0,0,0,0,0,159,29
W00003837,423,233,0,0,0,0,0,3,149,38
W00003838,314,232,2,4,0,3,0,1,61,11
W00003839,382,229,3,3,0,0,0,3,117,27
W00003840,299,191,0,0,0,1,0,0,88,19
W00003841,252,139,1,0,0,2,0,7,82,21
W00003842,331,169,0,0,0,1,0,0,130,31
W00003843,259,155,0,0,1,1,0,0,89,13
W00003844,354,240,0,5,0,2,0,1,88,18
W00003845,256,138,1,0,0,0,0,2,95,20
W00003846,302,210,0,0,0,0,0,0,73,19
W00003847,343,226,0,0,0,0,0,0,101,16
W00003848,518,341,0,0,0,0,0,4,135,38
W00003849,324,200,0,0,0,1,0,1,97,25
W00003850,290,164,0,0,1,0,0,1,105,19
W00003851,282,172,0,1,0,0,0,0,77,32
W00003852,262,129,0,0,0,0,0,1,107,25
W00003853,212,138,0,1,0,0,0,1,61,11
W00003854,274,172,0,0,0,0,0,1,73,28
W00003855,263,168,0,0,0,1,0,0,71,23
W00003856,256,131,0,0,0,0,0,2,89,34
W00003857,323,168,0,0,0,1,0,7,112,35
W00003858,338,208,0,0,0,0,0,1,109,20
W00003859,369,203,0,0,1,0,0,1,134,30
W00003860,304,188,0,1,0,0,0,1,103,11
W00003861,250,162,0,0,1,0,0,1,66,20
W00003862,302,186,1,0,0,0,0,2,91,22
W00003863,245,123,0,0,0,1,0,0,96,25
W00003864,280,183,0,0,0,1,0,0,76,20
W00003865,254,146,0,0,0,1,0,6,78,23
W00003866,268,195,0,0,0,0,0,1,53,19
W00003867,332,231,2,0,1,0,0,2,73,23
W00003868,321,251,2,0,0,0,0,2,48,18
W00003869,432,278,3,0,0,0,0,0,131,20
W00003870,279,175,0,0,2,4,0,0,83,15
W00003871,355,221,0,0,1,4,0,2,106,21
W00003872,406,274,0,0,0,0,0,1,94,37
W00003873,324,199,0,0,0,0,0,7,95,23
W00003874,278,181,1,0,0,0,0,4,59,33
W00003875,302,238,0,2,0,0,0,2,42,18
W00003876,359,249,0,8,0,0,0,0,79,23
W00003877,357,253,0,0,0,1,0,4,68,31
W00003878,286,215,0,0,0,0,0,0,46,25
W00003879,299,200,1,0,1,0,0,3,55,39
W00003880,225,132,0,0,0,0,0,2,72,19
W00003881,316,217,1,0,0,0,0,1,76,21
W00003882,218,156,0,0,0,1,0,0,48,13
W00003883,312,208,1,1,0,0,0,1,84,17
W00003884,513,356,2,0,0,3,0,3,116,33
W00003885,375,227,1,2,0,0,0,0,84,61
W00003886,484,337,0,0,0,0,0,2,115,30
W00003887,341,186,2,0,0,0,0,3,123,27
W00003888,365,229,2,0,1,0,0,0,109,24
W00003889,362,240,1,0,0,3,0,0,90,28
W00003890,354,211,0,0,0,0,0,5,112,26
W00003891,419,190,2,0,0,5,0,5,181,36
W00003892,314,177,0,0,0,1,0,0,110,26
W00003893,198,121,0,0,0,0,0,0,59,18
W00003894,386,249,1,3,0,0,0,1,93,39
W00003895,358,273,0,0,0,1,0,3,63,18
W00003896,283,194,0,0,0,4,0,0,75,10
W00003897,167,114,2,2,0,0,0,0,37,12
W00003898,375,264,0,5,0,5,0,1,74,26
W00003899,343,252,0,0,0,4,8,2,58,19
W00003900,242,161,1,1,0,0,0,0,60,19
W00003901,223,124,1,0,0,0,0,0,83,15
W00003902,269,190,0,4,0,0,0,1,55,19
W00003903,276,179,0,0,0,0,0,0,78,19
W00003904,297,201,0,0,0,0,0,4,64,28
W00003905,448,296,0,0,0,0,0,0,108,44
W00003906,296,221,0,0,0,1,0,1,55,18
W00003907,286,189,1,0,0,0,0,3,63,30
W00003908,356,249,0,0,0,0,0,0,81,26
W00003909,389,263,3,0,0,0,0,5,90,28
W00003910,335,216,0,0,0,0,0,7,89,23
W00003911,309,190,1,0,0,0,0,0,91,27
W00003912,319,179,1,0,0,1,0,1,109,28
W00003913,303,198,0,0,0,0,0,2,73,30
W00003914,298,183,0,0,0,0,0,1,88,26
W00003915,313,135,0,0,0,3,0,0,139,36
W00003916,296,182,0,0,0,0,0,1,91,22
W00003917,368,151,3,0,0,0,0,0,177,37
W00003918,428,242,0,0,1,5,0,2,143,35
W00003919,342,218,0,0,0,0,0,0,93,31
W00003920,380,224,1,0,0,0,0,1,126,28
W00003921,292,179,0,0,0,2,0,5,92,14
W00003922,350,222,2,0,0,0,0,3,102,21
W00003923,302,205,0,0,0,0,0,3,65,29
W00003924,344,205,0,3,0,0,0,0,108,28
W00003925,326,188,1,2,0,8,0,0,98,29
W00003926,256,134,0,0,0,0,0,1,93,28
W00003927,322,161,1,0,0,4,0,0,125,31
W00003928,245,146,1,0,0,0,0,0,82,16
W00003929,222,110,0,0,0,1,0,0,75,36
W00003930,255,152,1,0,0,0,0,7,72,23
W00003931,307,189,1,3,0,0,0,5,85,24
W00003932,257,158,2,2,0,0,0,2,79,14
W00003933,351,195,0,0,0,0,0,1,124,31
W00003934,267,153,0,0,0,1,0,2,87,24
W00003935,312,138,1,0,0,7,0,0,136,30
W00003936,184,65,0,4,0,1,0,3,80,31
W00003937,247,141,3,0,0,0,0,1,96,6
W00003938,296,177,1,0,0,11,0,2,91,14
W00003939,232,124,2,0,0,0,0,0,82,24
W00003940,480,292,1,0,0,0,0,7,139,41
W00003941,124,84,0,0,1,0,0,4,26,9
W00003942,548,349,3,0,1,0,0,1,166,28
W00003943,308,199,2,0,1,0,0,1,79,26
W00003944,245,142,0,4,0,0,1,0,80,18
W00003945,278,191,0,0,0,0,0,1,63,23
W00003946,289,194,0,2,0,0,0,0,68,25
W00004889,303,193,1,0,0,0,0,0,73,36
W00004890,282,170,0,0,0,0,0,0,78,34
W00004891,301,139,4,0,0,0,0,0,126,32
W00004892,286,167,0,0,0,0,0,6,86,27
W00004936,301,141,0,0,0,0,0,4,127,29
W00004937,216,141,5,0,0,0,0,0,49,21
W00004938,292,165,0,0,0,0,0,2,97,28
W00004939,302,157,0,0,0,4,0,1,114,26
W00004940,132,90,0,0,0,0,0,0,35,7
W00004941,381,208,1,0,0,0,0,2,147,23
W00004942,186,110,0,0,1,4,0,2,57,12
W00004943,211,125,1,0,0,1,0,3,72,9
W00004944,308,177,2,0,0,0,0,1,105,23
W00004945,277,151,0,0,0,0,0,1,110,15
W00004946,304,138,1,0,0,0,0,0,139,26
W00004952,306,193,2,0,0,0,0,0,78,33
W00004953,434,250,0,0,0,0,0,1,142,41
W00004954,285,154,0,0,0,0,0,2,116,13
W00004955,305,175,0,0,0,8,0,7,87,28
W00009986,308,158,0,1,0,5,0,2,120,22
W00009987,302,161,0,4,0,4,0,1,106,26
W00009988,208,99,1,5,0,6,0,1,83,13
W00009989,358,215,0,1,0,0,0,0,119,23
W00009991,328,189,0,0,0,1,0,0,117,21
W00009992,593,277,0,0,0,0,0,11,259,46
W00009994,361,147,0,7,0,0,3,2,177,25
W00009995,326,171,1,0,0,9,0,0,116,29
W00009997,188,126,2,5,0,1,0,1,43,10
W00009998,198,101,0,1,0,1,0,3,79,13
W00010000,193,133,0,0,0,0,0,0,47,13
W00010001,293,203,0,0,0,0,1,0,69,20
W00010003,252,162,0,0,0,3,0,1,69,17
W00010004,414,247,0,0,0,2,0,7,124,34
W00010006,283,191,0,0,0,1,0,0,76,15
W00010007,161,87,0,0,0,3,0,0,64,7
W00010009,189,104,0,0,0,0,0,0,60,25
W00010052,384,133,2,8,0,5,0,7,200,29
W00010054,705,361,1,5,0,7,0,5,290,36
W00010055,1054,487,15,12,5,13,2,5,479,36
W00010057,291,109,1,0,0,2,0,3,152,24
W00010058,504,199,3,1,2,5,0,5,249,40
W00010060,292,150,6,1,0,15,0,6,91,23
W00010061,146,68,0,1,0,4,0,3,49,21
W00010063,137,84,0,0,0,0,0,0,43,10
W00010064,132,73,0,0,0,6,0,4,38,11
W00010066,364,181,1,11,0,8,0,1,137,25
W00010067,592,198,10,6,2,16,1,20,277,62
W00010099,257,149,0,0,0,4,0,2,91,11
W00010100,225,121,1,0,1,0,0,0,85,17
W00010102,248,132,1,0,0,2,0,1,92,20
