ethn..sa_id,ethn..total_persons,ethn..white_or_white_irish,ethn..black_or_black_irish,ethn..asian_or_asian_irish,ethn..mixed_other_ethnicity,ethn..not_stated
A027001001,335,205,12,3,9,106
A027001002,259,246,2,0,7,4
A027001003,191,177,1,3,0,10
A027001004,175,173,0,0,1,1
A027002001,175,166,0,0,7,2
A027002002,233,211,0,5,2,15
A027002003,173,171,0,1,1,0
A027002004,156,150,0,0,3,3
A027002005,171,167,0,0,0,4
A027003001,241,230,0,1,5,5
A027003002,151,149,0,0,0,2
A027004001,217,202,1,5,7,2
A027004002,194,194,0,0,0,0
A027004003,162,157,0,0,5,0
A027004004,215,211,0,3,0,1
A027004005,250,246,0,0,1,3
A027004006,310,300,0,0,4,6
A027004007,278,278,0,0,0,0
A027004008,261,248,0,0,3,10
A027004009,262,257,0,0,0,5
A027004010,184,184,0,0,0,0
A027004011,171,160,5,0,3,3
A027004012,282,267,0,9,1,5
A027004013,208,207,0,1,0,0
A027004014,238,235,0,0,0,3
A027004015,141,139,0,0,2,0
A027004016,208,205,0,0,0,3
A027004017,229,218,7,0,4,0
A027004018,198,195,0,1,0,2
A027005001,190,177,2,0,4,7
A027005002,133,125,0,7,0,1
A027006001,227,214,3,0,4,6
A027006002,225,218,4,0,0,3
A027006003,208,206,0,0,1,1
A027006004,200,198,1,0,1,0
A027006005,181,179,0,0,2,0
A027006006,124,117,0,2,3,2
A027006007,143,136,1,2,3,1
A027006008,194,189,3,0,2,0
A027007001,213,192,0,12,0,9
A027007002,286,277,1,1,2,5
A027007003,194,190,1,0,3,0
A027007004,251,238,3,4,1,5
A027008001,290,285,0,0,1,4
A027008002,222,216,0,4,1,1
A027008003,293,269,18,3,1,2
A027008004,318,313,0,5,0,0
A027008005,226,210,10,2,2,2
A027008006,279,222,12,4,10,31
A027008007,278,230,11,1,22,14
A027008008,232,221,5,0,4,2
A027008009,253,222,6,19,2,4
A027008010,201,157,6,3,14,21
A027008011,207,154,8,5,8,32
A027008012,288,231,28,0,23,6
A027009001,296,276,6,4,7,3
A027009002,285,240,14,8,15,8
A027009003,355,324,13,3,3,12
A027009004,180,174,0,0,1,5
A027010001,186,184,0,0,1,1
A027011001,190,188,0,0,0,2
A027011002,253,245,0,3,0,5
A027011003,244,242,0,0,0,2
A027012001,196,190,0,2,3,1
A027012002,189,187,0,0,0,2
A027012003,194,193,1,0,0,0
A027012004,206,204,0,0,1,1
A027012005,348,344,0,0,3,1
A027012006,245,220,0,2,13,10
A027013001,214,198,2,7,5,2
A027013002,333,303,5,4,11,10
A027013003,173,173,0,0,0,0
A027013004,234,223,0,0,4,7
A027013005,234,211,0,8,6,9
A027013006,222,200,15,1,3,3
A027013007,153,138,0,4,10,1
A027013008,87,73,4,6,0,4
A027013009,152,146,1,0,2,3
A027014001,78,78,0,0,0,0
A027015001,186,160,12,6,0,8
A027016001,146,135,0,5,5,1
A027017001,68,67,0,0,0,1
A027017002,154,152,0,0,0,2
A027018001,212,211,0,0,0,1
A027018002,322,316,0,1,1,4
A027019001,142,134,1,1,6,0
A027020001,240,233,0,0,0,7
A027020002,290,287,0,0,3,0
A027021001,211,207,0,2,0,2
A027021002,244,244,0,0,0,0
A027022001,321,318,0,1,2,0
A027022002,188,187,0,0,1,0
A027022003,212,209,0,1,0,2
A027022004,278,277,0,0,0,1
A027023001,223,213,0,2,3,5
A027024001,186,181,0,0,2,3
A027024002,202,199,0,0,2,1
A027024003,300,293,3,0,3,1
A027024004,227,189,7,17,4,10
A027024005,364,294,14,26,21,9
A027024006,285,242,18,12,2,11
A027024007,374,359,0,13,0,2
A027024008,298,203,46,30,13,6
A027024009,220,172,22,14,7,5
A027024010,385,292,30,36,19,8
A027024011,298,229,36,20,11,2
A027024012,248,217,1,14,10,6
A027024013,190,175,0,8,0,7
A027024014,319,237,32,26,13,11
A027024015,239,154,15,43,13,14
A027024016,133,88,4,21,4,16
A027024017,289,230,0,3,2,54
A027024018,474,427,4,12,6,25
A027024019,292,274,1,8,0,9
A027024020,321,252,14,38,5,12
A027024021,309,221,16,38,20,14
A027024022,364,327,10,18,0,9
A027024023,383,356,11,6,8,2
A027024024,272,252,4,1,0,15
A027024025,304,271,2,18,0,13
A027024026,224,218,0,1,2,3
A027024027,429,396,8,6,6,13
A027024028,203,171,14,12,6,0
A027025001,341,340,0,0,1,0
A027025002,187,165,8,0,6,8
A027025003,172,145,0,8,8,11
A027025004,235,182,15,15,17,6
A027025005,111,90,4,11,3,3
A027025006,310,298,1,4,4,3
A027025007,229,206,5,12,3,3
A027025008,246,214,15,10,3,4
A027025009,199,190,1,1,4,3
A027025010,231,186,6,16,11,12
A027025011,217,166,15,23,5,8
A027025012,149,104,23,14,4,4
A027025013,307,265,8,13,11,10
A027025014,346,337,2,1,4,2
A027025015,138,133,3,2,0,0
A027025016,142,112,18,2,5,5
A027025017,172,165,1,1,1,4
A027025018,117,94,5,11,1,6
A027026001,160,132,2,4,2,20
A027026002,234,213,2,5,5,9
A027027001,196,166,5,19,5,1
A027027002,395,379,0,4,9,3
A027027003,456,446,2,5,1,2
A027027004,303,302,0,0,0,1
A027028001,241,231,0,3,1,6
A027028002,300,293,0,0,2,5
A027028003,239,232,0,4,0,3
A027028004,178,172,0,5,0,1
A027028005,137,126,1,9,1,0
A027028006,207,204,0,0,1,2
A027028007,171,170,0,0,1,0
A027028008,166,153,2,7,3,1
A027029001,117,111,0,4,0,2
A027030001,309,285,0,6,10,8
A027030002,299,297,0,0,0,2
A027031001,263,260,0,0,2,1
A027031002,175,171,0,0,3,1
A027032001,254,248,0,0,0,6
A027032002,335,328,0,1,0,6
A027032003,274,269,0,0,2,3
A027033001,160,152,0,0,0,8
A027033002,219,212,0,0,2,5
A027034001,157,154,0,0,1,2
A027035001,349,345,0,0,2,2
A027035002,345,336,6,0,0,3
A027035003,393,389,0,0,0,4
A027036001,227,221,0,0,1,5
A027036002,191,188,0,0,0,3
A027037001,283,276,0,0,2,5
A027038001/027047001,227,227,0,0,0,0
A027039001,202,196,0,0,1,5
A027040001,85,84,0,1,0,0
A027041001,139,139,0,0,0,0
A027042001,130,128,0,0,0,2
A027042002,140,140,0,0,0,0
A027043001,149,148,0,0,1,0
A027043002,248,243,0,0,0,5
A027044001,198,198,0,0,0,0
A027044002,283,277,0,0,2,4
A027045001,327,325,0,0,1,1
A027045002,316,314,0,0,0,2
A027045003,208,202,0,0,0,6
A027046001,187,182,0,1,3,1
A027046002,220,218,0,0,0,2
A027048001,179,178,0,0,0,1
A027048002,289,281,3,0,1,4
A027049001,235,232,0,3,0,0
A027050001,216,205,4,3,2,2
A027050002,240,236,1,0,2,1
A027051001,317,310,2,1,1,3
A027051002,320,316,0,3,0,1
A027052001,227,223,0,0,0,4
A027052002,213,208,3,0,2,0
A027052003,269,266,0,0,3,0
A027052004,153,149,0,0,0,4
A027052005,242,240,1,0,1,0
A027053001,230,225,0,0,3,2
A027053002,147,144,0,0,1,2
A027054001/027054003,197,192,0,0,2,3
A027054002,189,183,0,0,2,4
A027055001,234,230,0,1,1,2
A027056001,284,264,0,0,5,15
A027056002,237,234,1,0,0,2
A027057001,322,314,0,1,0,7
A027057002,202,202,0,0,0,0
A027057003,163,160,0,0,0,3
A027057004,215,212,0,0,3,0
A027057005,182,177,0,1,3,1
A027057006,191,189,1,0,1,0
A027058001/027085001,225,219,0,5,0,1
A027059001,177,176,0,0,0,1
A027059002,152,125,1,22,2,2
A027060001,137,128,0,4,0,5
A027060002,287,268,7,0,2,10
A027060003,154,154,0,0,0,0
A027061001,165,160,0,4,0,1
A027061002,228,224,0,0,2,2
A027061003,199,198,0,0,0,1
A027061004,269,256,1,1,8,3
A027062001,377,365,3,0,7,2
A027064001,377,360,0,6,7,4
A027064002,280,267,0,5,2,6
A027065001,346,318,0,3,1,24
A027065002,192,190,0,0,0,2
A027066001,269,263,0,0,1,5
A027066002,258,253,0,3,0,2
A027067001,209,203,0,0,0,6
A027067002,225,223,0,0,0,2
A027068001,265,258,0,0,0,7
A027069001,183,183,0,0,0,0
A027069002,217,216,0,0,0,1
A027070001,291,290,0,0,0,1
A027070002,143,137,0,0,1,5
A027070003,194,190,0,0,0,4
A027071001,214,210,0,0,0,4
A027071002,195,182,0,2,9,2
A027072001,221,167,0,1,1,52
A027072002,177,166,2,0,9,0
A027072003,172,170,0,0,2,0
A027072004,281,274,7,0,0,0
A027072005,214,200,5,1,6,2
A027072006,257,249,0,0,0,8
A027072007,280,278,0,1,0,1
A027073001,222,205,7,1,5,4
A027073002,261,220,7,16,10,8
A027073003,221,213,0,0,6,2
A027073004,281,250,13,5,7,6
A027073005,263,253,1,0,3,6
A027073006,392,385,0,0,1,6
A027073007,273,265,7,0,1,0
A027074001,369,356,6,0,2,5
A027074002,377,366,1,0,8,2
A027074003,255,239,6,3,4,3
A027074004,330,325,0,1,0,4
A027075001/027088001,329,326,2,0,1,0
A027076001,244,239,0,0,2,3
A027076002,222,218,3,0,0,1
A027077001,182,180,0,1,1,0
A027077002,196,190,0,0,0,6
A027078001,223,222,0,0,0,1
A027078002,228,227,1,0,0,0
A027078003,212,203,0,3,0,6
A027079001,153,152,1,0,0,0
A027079002,254,250,0,0,0,4
A027079003,197,183,0,3,3,8
A027079004,207,206,0,0,0,1
A027079005,246,239,0,0,0,7
A027080001,212,205,0,0,4,3
A027080002,248,219,1,17,3,8
A027081001,313,254,0,36,19,4
A027082001,199,197,0,0,1,1
A027082002,206,197,0,0,0,9
A027082003,165,164,1,0,0,0
A027083001,286,283,0,1,0,2
A027083002,238,230,2,2,3,1
A027083003,241,237,1,1,0,2
A027084001,154,154,0,0,0,0
A027084002,92,87,0,0,5,0
A027086001,122,118,0,3,1,0
A027086002,303,290,0,0,0,13
A027087001,315,314,0,0,0,1
A027087002,125,125,0,0,0,0
A027089001,131,130,1,0,0,0
A027089002,230,225,0,1,0,4
A027089003,304,298,0,0,3,3
A027090001,115,114,0,0,0,1
A027090002,109,108,0,0,0,1
A027091001,99,91,0,1,1,6
A027092001,207,205,0,0,1,1
A027092002,248,245,0,2,0,1
A027092002,248,245,0,2,0,1
A027092003,277,276,0,0,0,1
A027092004,218,210,3,0,3,2
A027092005,165,151,8,0,3,3
A027092006,256,228,11,0,2,15
A027092007,307,280,9,8,8,2
A027092008,294,280,2,0,7,5
A027092009,181,173,2,1,2,3
A027092010,212,209,0,0,0,3
A027092011,201,188,4,0,5,4
A027092012,170,157,7,2,2,2
A027092013,197,191,1,3,0,2
A027092014,238,215,1,13,6,3
A027092015,219,218,1,0,0,0
A027092016,347,336,0,0,7,4
A027092017,160,146,0,9,1,4
A027093001,257,252,1,0,1,3
A027093002,174,160,0,10,3,1
A027093003,393,391,0,0,1,1
A067018001,314,294,11,0,2,7
A067025001,87,77,3,4,1,2
A067025002,155,146,1,3,5,0
A067030001,446,421,6,0,10,9
A067030002,296,292,0,0,4,0
A067073002,100,98,0,0,0,2
A067111001,195,195,0,0,0,0
A067120001,193,190,1,2,0,0
A067120002,175,167,0,2,4,2
A067120003,141,136,1,0,0,4
A067206002,89,87,0,0,1,1
A067210001,189,188,0,0,0,1
A067210002,272,263,0,3,5,1
A117001001,417,358,23,13,6,17
A117002001/117003001,309,266,4,5,22,12
A117004001,299,256,11,26,3,3
A117004002,209,175,1,16,7,10
A117005001/117064001,108,60,5,18,10,15
A117006001,462,455,2,2,3,0
A117007001/117040001,239,237,0,0,0,2
A117008001,342,334,0,0,1,7
A117009001,195,186,0,2,0,7
A117009002,178,147,1,11,14,5
A117009003,269,239,1,1,13,15
A117009004,216,206,2,4,4,0
A117009005,259,245,7,2,1,4
A117009006,331,329,0,0,0,2
A117009007,285,284,0,0,0,1
A117010001,423,419,0,2,0,2
A117011001,452,444,0,0,1,7
A117012001,284,280,1,0,1,2
A117012002,287,276,0,0,1,10
A117013001,264,256,0,3,0,5
A117014001,357,352,0,2,0,3
A117015001,301,300,0,0,0,1
A117015002,305,303,0,0,1,1
A117015003,272,271,0,0,0,1
A117015004,238,238,0,0,0,0
A117015005,235,233,0,0,0,2
A117015006,166,160,6,0,0,0
A117015007,223,221,0,0,0,2
A117015008/117015018,291,285,0,4,0,2
A117015009,242,241,0,0,0,1
A117015010/117015017,134,125,1,2,5,1
A117015011,368,366,0,0,0,2
A117015012,345,337,0,7,0,1
A117015013,245,240,0,1,1,3
A117015014,353,350,0,1,0,2
A117015015,165,158,1,3,0,3
A117015016,231,226,0,2,1,2
A117015019,362,355,0,1,0,6
A117015020,192,188,0,1,0,3
A117015021,76,76,0,0,0,0
A117015022,218,212,0,1,0,5
A117016001,143,141,0,0,1,1
A117016002,177,172,0,0,0,5
A117017001,205,198,0,0,3,4
A117017002,222,220,0,0,1,1
A117017003,178,173,0,2,0,3
A117018001,190,184,0,0,1,5
A117019001,149,146,0,2,0,1
A117020001,166,159,0,1,6,0
A117021001,194,186,4,2,1,1
A117022001,244,229,0,1,4,10
A117022002,144,143,1,0,0,0
A117023001,101,97,0,0,1,3
A117023002,86,79,0,2,1,4
A117024001,147,135,7,0,0,5
A117024002,331,326,0,0,1,4
A117025001,141,139,0,0,1,1
A117026001,95,94,0,0,0,1
A117027001,252,250,0,0,0,2
A117027002,151,141,0,0,6,4
A117027003,142,138,0,0,1,3
A117027004,205,192,3,0,1,9
A117027005,396,364,5,8,10,9
A117027006,117,114,0,0,0,3
A117027007,138,57,0,5,4,72
A117027008,195,147,5,7,32,4
A117027009,312,289,0,8,1,14
A117028001,190,176,3,5,6,0
A117029001,155,130,0,18,7,0
A117029002,216,195,6,9,4,2
A117029003,152,113,0,10,18,11
A117030001,220,220,0,0,0,0
A117030002,213,195,0,0,7,11
A117030003,201,183,0,1,5,12
A117030004,242,208,1,19,7,7
A117030005,240,221,1,1,6,11
A117031001/117034001,129,75,1,25,20,8
A117032001,144,106,3,13,8,14
A117033001,162,160,2,0,0,0
A117035001,271,259,7,1,0,4
A117035002,160,160,0,0,0,0
A117035003,136,135,0,0,0,1
A117035004,180,179,0,0,0,1
A117035005,232,217,0,5,4,6
A117035006,147,141,4,0,1,1
A117035007,170,166,2,0,0,2
A117035008,260,255,0,1,0,4
A117036001,237,233,0,1,1,2
A117036002,172,169,0,0,1,2
A117036003,160,160,0,0,0,0
A117037001,173,172,0,0,0,1
A117038001,119,114,0,0,2,3
A117038002,164,157,0,0,0,7
A117039001,157,152,0,0,2,3
A117039002,186,181,0,1,0,4
A117039003,244,244,0,0,0,0
A117041001,142,140,0,1,1,0
A117042001,145,143,0,0,1,1
A117043001,169,167,0,0,1,1
A117044001,142,141,0,0,1,0
A117045001,152,150,0,0,1,1
A117046001,172,161,0,6,2,3
A117047001,243,236,1,0,0,6
A117048001,198,197,0,0,0,1
A117048002,141,132,2,0,1,6
A117049001/117076001,153,151,0,0,0,2
A117050001,206,202,1,1,0,2
A117050002,181,179,0,0,0,2
A117050004,135,134,0,0,0,1
A117051001,193,188,0,0,5,0
A117052001,200,198,1,0,0,1
A117052002/117052003,210,205,0,1,1,3
A117053001,98,91,0,4,1,2
A117053002,158,156,0,0,1,1
A117054001,167,161,0,0,2,4
A117055001,158,157,0,0,0,1
A117056001,146,139,0,3,2,2
A117057001,154,148,2,0,0,4
A117058001,176,168,0,0,3,5
A117058002,146,138,0,1,3,4
A117058003,200,190,6,0,1,3
A117058004,178,167,0,1,5,5
A117058005,135,131,0,0,3,1
A117059001,170,166,1,0,1,2
A117059002,214,202,1,0,5,6
A117059003/117059006,223,219,0,0,1,3
A117059004,278,275,0,0,1,2
A117059005,180,173,0,0,5,2
A117059007,299,288,2,1,4,4
A117060001,237,235,0,0,0,2
A117061001,154,153,0,0,0,1
A117061002,160,159,0,0,0,1
A117062001,168,167,0,0,1,0
A117062002,199,188,2,3,1,5
A117063001,171,167,0,0,1,3
A117063002,167,161,0,0,0,6
A117063003,236,230,1,0,3,2
A117063004,249,246,0,0,0,3
A117063005,132,129,0,0,0,3
A117063006,266,262,0,2,0,2
A117063007,291,288,0,0,0,3
A117063008,169,165,0,0,3,1
A117063009,152,150,0,0,1,1
A117063010,330,315,0,7,2,6
A117063011,210,194,2,12,1,1
A117065001,178,170,0,0,1,7
A117066001,178,172,0,0,2,4
A117066002,165,159,1,0,3,2
A117066003,177,176,0,0,0,1
A117066004,273,256,1,5,3,8
A117066005,215,205,0,5,1,4
A117066006,187,182,0,0,2,3
A117066007,181,175,0,0,0,6
A117066008,69,67,0,0,1,1
A117067001,126,123,0,0,0,3
A117068001,149,146,0,0,0,3
A117069001,207,206,0,0,0,1
A117070001/117070002,206,202,0,0,0,4
A117071001,166,159,0,0,3,4
A117072001,168,167,0,0,0,1
A117072002,301,292,0,0,0,9
A117072003/117072004,134,118,0,2,5,9
A117073001,176,169,0,0,0,7
A117074001,159,154,1,0,0,4
A117074002,217,202,1,5,6,3
A117075001,192,179,0,6,7,0
A117077001,117,114,0,1,0,2
A117077002,324,309,0,8,2,5
A117077003,181,177,0,0,2,2
A117077004,211,210,0,0,0,1
A117078001,204,198,0,0,5,1
A117078002,125,124,0,0,0,1
A137001001,91,82,0,1,2,6
A137001002,182,171,0,0,3,8
A137002001,226,161,0,3,1,61
A137002002,243,241,0,0,1,1
A137003001,243,240,1,0,1,1
A137003002,211,207,0,2,0,2
A137004001,242,239,0,0,0,3
A137004002,160,149,1,1,1,8
A137004003,227,223,0,0,0,4
A137005001,110,72,2,14,10,12
A137005002,212,101,13,58,30,10
A137006001,201,90,5,36,20,50
A137006002,163,88,3,10,10,52
A137007001,77,46,2,5,7,17
A137007002,123,94,0,20,3,6
A137007003,137,74,6,14,11,32
A137008001,168,72,4,53,7,32
A137008002,134,74,7,14,9,30
A137009001,177,103,22,36,6,10
A137009002,265,147,24,24,9,61
A137009003,335,314,0,5,0,16
A137009004,239,220,0,0,0,19
A137009005,274,247,0,0,1,26
A137009006,227,221,0,0,0,6
A137009007,258,255,0,0,0,3
A137009008,326,310,2,0,7,7
A137009009,282,273,0,1,2,6
A137009010,254,243,1,9,1,0
A137009011,391,384,0,1,6,0
A137009012,238,232,0,0,0,6
A137010001,333,316,3,0,14,0
A137011001,243,231,3,2,3,4
A137011002,259,241,0,13,5,0
A137011003,278,265,6,0,6,1
A137011004,245,240,0,3,1,1
A137012001,204,198,1,2,0,3
A137013001,242,241,0,0,0,1
A137013002,295,292,0,1,2,0
A137013003,362,362,0,0,0,0
A137013004,246,239,1,1,3,2
A137013005,284,281,0,0,1,2
A137013006,167,164,0,0,0,3
A137013007,508,483,2,0,5,18
A137013008,163,160,0,0,0,3
A137013009,135,133,0,0,0,2
A137014001,344,334,0,0,1,9
A137015001,333,327,0,0,0,6
A137015002,223,220,0,1,1,1
A137015003,219,215,0,1,0,3
A137016001,197,194,1,0,0,2
A137016002,261,249,3,0,0,9
A137016003,210,210,0,0,0,0
A137017001,234,228,1,0,0,5
A137017002,215,214,0,0,1,0
A137017003,326,314,2,0,0,10
A137018001,297,292,0,0,0,5
A137018002,182,180,0,2,0,0
A137019001,199,198,0,0,0,1
A137020001,215,194,0,18,0,3
A137020002,204,202,0,0,1,1
A137021001,231,229,0,0,0,2
A137021002,224,223,0,0,0,1
A137022001,262,260,0,0,1,1
A137023001,251,250,0,0,0,1
A137024001,214,195,6,1,2,10
A137025001,155,115,14,5,3,18
A137025002,256,193,3,1,30,29
A137026001,332,312,1,0,1,18
A137026002,221,185,0,6,20,10
A137027001,180,151,3,2,6,18
A137027002,223,194,5,1,8,15
A137027003,161,150,2,4,1,4
A137027004,176,170,0,0,0,6
A137027005,250,243,0,2,1,4
A137027006,234,223,7,0,4,0
A137028001,202,200,0,1,0,1
A137029001,211,209,0,0,0,2
A137029002,189,184,2,0,2,1
A137029003,193,189,0,0,0,4
A137029004,192,188,1,1,2,0
A137029005,281,265,1,6,2,7
A137029006,182,182,0,0,0,0
A137029007,251,237,0,2,2,10
A137029008,265,264,0,0,0,1
A137029009,189,188,0,0,1,0
A137029010,175,163,2,3,0,7
A137030001/137052001,224,164,25,15,4,16
A137031001,400,286,65,14,6,29
A137031002,302,290,0,1,7,4
A137032001,189,184,0,0,1,4
A137032002,231,225,0,2,3,1
A137033001,168,166,0,0,1,1
A137034001,230,195,9,3,20,3
A137035001,201,190,1,0,0,10
A137035002,236,235,0,0,0,1
A137035003,161,157,0,0,1,3
A137035004,252,240,0,5,3,4
A137035005,320,312,2,1,2,3
A137036001,260,257,0,0,0,3
A137036002,332,319,0,2,1,10
A137036003,381,378,0,1,1,1
A137036004,194,191,0,1,2,0
A137036005,194,190,0,0,2,2
A137037001,147,146,0,0,0,1
A137037002,159,154,0,0,0,5
A137037003,244,237,0,0,2,5
A137038001,139,135,0,0,0,4
A137038002,196,188,0,0,2,6
A137039001,219,211,1,6,1,0
A137040001,204,200,0,0,0,4
A137041001,189,189,0,0,0,0
A137041002,232,231,0,0,0,1
A137042001,303,292,4,1,2,4
A137043001,295,288,0,0,0,7
A137043002,205,187,8,0,8,2
A137043003,128,109,0,3,7,9
A137043004,245,231,0,8,4,2
A137043005,291,264,9,0,13,5
A137043006,116,115,0,0,0,1
A137043007,282,267,0,2,8,5
A137043008,236,221,0,0,7,8
A137043009,212,127,11,33,8,33
A137043010,251,179,3,49,2,18
A137043011,171,129,8,19,5,10
A137043012,188,181,2,1,3,1
A137043012,188,181,2,1,3,1
A137043013,250,231,3,1,1,14
A137043014,170,143,6,13,2,6
A137043015,247,163,52,16,0,16
A137043016,315,238,31,8,21,17
A137044001/137044003,195,194,0,0,0,1
A137044002,255,255,0,0,0,0
A137044004,233,231,0,0,0,2
A137044005,213,212,0,0,0,1
A137045001,314,308,0,0,2,4
A137045002,347,343,0,0,1,3
A137045003,300,292,0,0,0,8
A137045004,200,185,1,3,4,7
A137045005,159,147,0,0,6,6
A137045006,201,191,1,0,5,4
A137045007,242,225,1,0,3,13
A137045008,291,278,5,0,2,6
A137045009,281,267,3,5,3,3
A137045010,248,247,0,0,0,1
A137045011,177,166,0,2,3,6
A137045012,169,157,4,0,1,7
A137045013,182,179,0,1,0,2
A137045014,250,237,6,0,5,2
A137045015,265,258,0,0,1,6
A137045016,194,190,0,0,4,0
A137045017,158,157,0,0,0,1
A137045018,273,238,17,0,9,9
A137045019,271,270,0,0,0,1
A137045020,166,162,0,0,0,4
A137045021,179,175,0,0,0,4
A137045022,182,181,0,0,0,1
A137045023,141,138,0,0,0,3
A137046001,173,162,0,2,9,0
A137047001,233,193,15,6,8,11
A137048001,268,246,0,16,2,4
A137049001,140,139,0,0,0,1
A137049002,218,210,0,3,0,5
A137049003,234,101,6,50,57,20
A137050001,237,132,8,17,50,30
A137050002,243,210,7,13,7,6
A137051001,150,105,6,9,20,10
A137053001,244,223,4,10,3,4
A137053002,189,128,42,1,8,10
A137053003,273,240,14,1,10,8
A137053004,232,216,6,0,1,9
A137053005,272,239,13,3,0,17
A137054001,121,102,0,13,2,4
A137054002,121,88,4,7,5,17
A137054003,219,155,17,19,11,17
A137054004,277,251,6,9,6,5
A137054005,288,268,0,6,11,3
A137054006,285,274,7,1,1,2
A137054007,176,156,6,0,6,8
A137055001,223,215,0,0,2,6
A137055002,239,177,16,22,10,14
A167058001,198,180,3,4,4,7
A167092001,310,280,18,4,5,3
A177026001,334,317,2,2,2,11
A177027001,183,181,0,1,0,1
A177031001,335,311,0,7,5,12
A177031002,250,243,0,2,1,4
A177031003,126,115,0,1,3,7
A177032001,127,91,1,30,0,5
A177035001,211,202,0,1,1,7
A177037001,248,237,0,4,1,6
A177040001,185,174,0,4,1,6
A177051001/177051002,317,313,0,1,0,3
A177063001,357,351,0,2,2,2
A197001001,222,221,0,1,0,0
A197002001/197087001,109,109,0,0,0,0
A197003001,241,239,0,1,1,0
A197003002,240,218,15,2,3,2
A197005002,436,288,10,101,35,2
A197006001,381,327,12,32,7,3
A197006002,257,241,5,5,2,4
A197007001,199,183,0,1,8,7
A197009001,161,154,1,1,4,1
A197010001,104,84,1,13,2,4
A197011010,262,205,0,1,0,56
A197012001,392,384,0,0,1,7
A197012002,191,181,0,1,8,1
A197012003,348,301,10,18,14,5
A197012004,221,218,0,0,0,3
A197012005,221,211,0,0,3,7
A197013001,379,377,1,0,1,0
A197013002,195,189,0,1,3,2
A197013003,194,176,0,3,4,11
A197013004,140,136,0,0,0,4
A197015001,140,139,0,0,0,1
A197016001,177,173,0,1,2,1
A197017001,257,255,0,0,2,0
A197019001,159,155,0,0,2,2
A197020001,222,216,0,4,1,1
A197020002,223,223,0,0,0,0
A197020003,278,277,1,0,0,0
A197020004,253,246,0,2,3,2
A197021001,286,266,8,0,5,7
A197021002,293,267,20,0,5,1
A197021003,261,229,12,0,2,18
A197021004,377,357,8,2,7,3
A197021005,344,280,24,19,15,6
A197021006,228,190,13,4,6,15
A197021007,315,264,37,2,2,10
A197022001/197022006,282,238,6,16,10,12
A197022002,204,173,22,1,1,7
A197022003,257,202,29,6,8,12
A197022004,329,289,25,3,5,7
A197022005,330,310,5,5,6,4
A197022007,416,385,16,4,5,6
A197022008,289,248,16,8,3,14
A197022009,240,231,0,1,4,4
A197022010,276,263,5,0,7,1
A197022011,221,206,6,1,3,5
A197023001,218,214,0,0,0,4
A197024001,171,168,0,1,2,0
A197024002,159,150,0,0,3,6
A197025001,202,197,0,0,1,4
A197025002,162,146,3,3,5,5
A197027001,93,59,0,15,4,15
A197027002,253,232,0,14,3,4
A197029001,176,73,0,73,27,3
A197031001,197,162,1,17,7,10
A197031002,165,162,0,0,0,3
A197031003,123,121,0,0,0,2
A197032001,131,127,0,3,1,0
A197032002,250,249,0,0,1,0
A197032003,250,246,0,0,1,3
A197032004,150,148,0,0,0,2
A197032005,200,195,2,0,1,2
A197032006,137,132,0,4,0,1
A197032007,230,225,0,0,2,3
A197032008/197032009,174,172,0,0,0,2
A197032010,196,191,1,0,4,0
A197032011,133,133,0,0,0,0
A197032012,284,276,0,1,5,2
A197032013,246,246,0,0,0,0
A197032014,187,187,0,0,0,0
A197032015,234,225,0,1,3,5
A197032016,157,157,0,0,0,0
A197034001,251,247,0,1,0,3
A197036001,153,152,0,0,0,1
A197037001,157,156,0,0,0,1
A197037002,123,122,0,0,1,0
A197039001,200,200,0,0,0,0
A197039002,137,133,0,0,4,0
A197040001,165,159,0,0,5,1
A197040002,256,199,4,15,34,4
A197040003,322,308,0,9,1,4
A197040004,187,186,0,0,0,1
A197040005,250,246,0,2,1,1
A197040006,268,260,0,1,7,0
A197041001,208,196,0,5,2,5
A197041002,157,151,1,0,4,1
A197042001,117,108,1,5,3,0
A197043001,201,198,1,0,0,2
A197043002,180,176,0,0,3,1
A197043003,72,72,0,0,0,0
A197046001,259,256,0,0,2,1
A197047001,252,247,0,0,5,0
A197048001,215,211,0,0,3,1
A197049001,270,262,0,0,2,6
A197049002,278,271,0,4,1,2
A197050001,257,252,0,0,4,1
A197052001/197052002,262,255,0,0,0,7
A197052003,262,262,0,0,0,0
A197052004,210,210,0,0,0,0
A197052005,173,172,0,0,0,1
A197052006,132,130,0,0,0,2
A197053001,173,156,2,5,3,7
A197053002,280,244,0,16,14,6
A197055001,194,193,0,0,1,0
A197058001,155,152,0,0,2,1
A197059001,289,269,0,10,7,3
A197059002,542,531,0,7,2,2
A197059003,104,84,0,4,13,3
A197059004,95,79,0,9,4,3
A197060001,182,180,0,0,2,0
A197061001,202,183,0,1,11,7
A197061002,412,411,0,0,0,1
A197062001,333,327,1,0,0,5
A197062002,231,231,0,0,0,0
A197062003,170,168,0,0,0,2
A197062004,170,163,0,7,0,0
A197062005,149,148,0,0,0,1
A197063001,267,257,1,0,0,9
A197063002,125,125,0,0,0,0
A197063003,145,144,0,0,1,0
A197064001/197064002,324,318,0,1,1,4
A197064003,251,249,0,0,1,1
A197065001,172,161,3,8,0,0
A197065002,215,177,2,14,16,6
A197066001,192,183,0,8,0,1
A197066002,114,106,1,1,1,5
A197067001,225,217,0,1,1,6
A197067002,227,218,0,0,4,5
A197069001,149,148,0,0,0,1
A197070001,170,166,0,0,1,3
A197071001,180,177,0,0,2,1
A197071002,203,202,0,0,0,1
A197071003,297,289,1,1,1,5
A197072001,216,211,3,1,1,0
A197072002,291,277,0,2,0,12
A197073001,156,156,0,0,0,0
A197074001,408,398,0,0,0,10
A197075001,208,207,0,0,0,1
A197076001,188,188,0,0,0,0
A197077001,191,187,2,0,2,0
A197078001/197078002,119,118,0,0,1,0
A197079001,162,158,0,0,0,4
A197079002,153,150,0,1,2,0
A197083001,331,323,0,0,0,8
A197084001/197089001,240,236,0,1,0,3
A197086001,155,145,0,4,3,3
A197088001,135,131,0,0,0,4
A197088002,223,217,0,0,0,6
A197088003,161,155,0,2,1,3
A197088004,181,169,0,3,5,4
A197091001,87,85,0,0,0,2
A197091002,158,156,0,0,2,0
A197091003,154,153,0,0,1,0
A197091004,153,150,0,0,0,3
A197092001,156,153,2,1,0,0
A197092002,182,152,0,15,12,3
A197093001,232,230,0,1,1,0
A197093002,168,158,1,0,3,6
A197095001,324,318,0,0,1,5
A197095002,303,274,1,6,2,20
A197096001,125,122,0,0,3,0
A197096002,246,243,0,0,1,2
A197096003,160,153,0,4,0,3
A197096004,230,226,0,0,2,2
A197097001,156,155,1,0,0,0
A197097002,109,104,1,1,3,0
A197097003,210,205,0,1,1,3
A197097004,358,357,0,0,1,0
A197097005,145,139,1,0,3,2
A197097006,316,305,0,0,0,11
A197097007,188,176,5,2,3,2
A197097008,125,124,0,0,0,1
A197097009,117,116,0,0,0,1
A197097010,127,124,0,0,1,2
A197097011,185,183,0,0,0,2
A197097012,208,203,0,0,1,4
A197097013,272,266,0,1,3,2
A197097014,193,188,0,0,1,4
A197097015,119,115,0,0,0,4
A197097016,308,302,0,0,3,3
A197097017,176,174,0,0,1,1
A197097018,251,251,0,0,0,0
A197098001,277,269,0,1,7,0
A197098002,334,327,0,1,0,6
A197098003,314,309,0,2,2,1
A197098004,363,359,0,0,1,3
A197098005,286,274,2,2,3,5
A197098006,308,300,0,0,2,6
A197098007,207,206,0,0,0,1
A197098008,111,111,0,0,0,0
A197098009,174,169,0,0,0,5
A197099001,231,231,0,0,0,0
A197100001,180,175,0,0,2,3
A197101001,153,135,0,3,9,6
A197101002,360,350,2,1,1,6
A197102001,334,328,0,1,0,5
A197102002,225,219,0,0,0,6
A197103001,176,170,0,1,4,1
A197103002,180,179,0,1,0,0
A197103003,167,166,0,0,1,0
A197103004,238,236,0,0,0,2
A197103005,168,168,0,0,0,0
A197103006,130,130,0,0,0,0
A197106001,233,221,1,1,8,2
A197106002,165,162,0,0,3,0
A197106003,289,280,0,5,2,2
A197106004,180,175,0,0,2,3
A197108001,206,196,0,6,1,3
A197108002,203,200,0,0,1,2
A197109001,208,202,0,1,2,3
A197110001,123,119,0,0,4,0
A197111001,230,228,0,0,1,1
A207004001,198,193,0,2,0,3
A207004002,335,322,1,10,1,1
A207005001/207005002,215,180,7,10,17,1
A207007001,241,187,8,18,21,7
A207007002,541,513,3,14,8,3
A207008001,273,270,0,0,3,0
A207008002,398,354,8,20,11,5
A207009001,179,118,11,1,18,31
A207009002,306,257,1,30,14,4
A207009003,347,328,4,9,4,2
A207009004,222,201,5,1,8,7
A207009005,186,150,9,2,13,12
A207009006,321,290,11,6,7,7
A207009007,232,200,9,3,12,8
A207009008,177,143,10,7,14,3
A207009009,190,169,4,6,3,8
A207009010,165,124,3,5,27,6
A207010001,106,71,2,7,23,3
A207010002,133,123,1,4,5,0
A207011001,190,144,5,5,19,17
A207011002,162,159,1,0,0,2
A207012001,168,164,0,0,0,4
A207012002,187,182,0,0,0,5
A207012003,188,185,0,0,2,1
A207012004,224,217,0,0,2,5
A207012005/207012007,284,265,1,10,1,7
A207012006,244,242,0,0,0,2
A207013001,116,110,0,3,0,3
A207017001,131,115,0,3,11,2
A207019001,149,146,0,0,0,3
A207019002,246,246,0,0,0,0
A207019003,256,253,0,1,0,2
A207019004,232,230,0,0,1,1
A207019005,121,121,0,0,0,0
A207019006,135,134,0,0,1,0
A207019007,310,305,0,0,2,3
A207019008,166,164,0,0,0,2
A207020001,186,184,0,0,1,1
A207020002,334,328,0,0,2,4
A207020003,237,237,0,0,0,0
A207021001,242,239,0,2,1,0
A207021002,187,181,0,5,0,1
A207026001,161,156,0,0,1,4
A207026002/207026005,315,306,1,1,2,5
A207026003,321,312,1,5,0,3
A207026004,251,242,0,0,0,9
A207026006,170,165,0,0,0,5
A207027001/207027003/207027004,185,175,0,0,1,9
A207027002,367,357,0,8,1,1
A207027005,267,265,1,0,0,1
A207029002,161,154,2,2,0,3
A207030001,194,189,0,0,0,5
A207030002,181,178,0,2,0,1
A207030003,99,96,1,1,0,1
A207030004,202,196,0,0,1,5
A207030005,284,275,0,2,1,6
A207030006,189,186,0,0,0,3
A207030007,158,156,0,0,1,1
A207030008,170,167,0,0,0,3
A207030009,203,201,0,0,0,2
A207030010,170,168,0,1,0,1
A207030011/207030012,164,150,4,0,3,7
A207030013,118,117,0,0,0,1
A207030014,234,226,0,1,2,5
A207031002,160,160,0,0,0,0
A207032001,145,144,1,0,0,0
A207032003,113,110,0,0,0,3
A207033002,152,150,0,0,0,2
A207033003,133,131,0,0,1,1
A207037001,211,204,1,4,0,2
A207037002,224,217,0,6,0,1
A207037003,196,196,0,0,0,0
A207038001/207038005,160,142,0,0,0,18
A207038002,184,180,0,0,0,4
A207038003,242,238,0,0,2,2
A207038004,257,251,0,3,2,1
A207038006,316,313,0,0,1,2
A207038007,349,342,0,1,4,2
A207038008,173,168,0,2,0,3
A207039001,214,212,0,0,0,2
A207040001,169,168,0,0,0,1
A207040002,76,68,0,7,0,1
A207041001,151,147,4,0,0,0
A207041002,211,210,0,0,1,0
A207044001,174,173,0,0,1,0
A207048001,283,264,0,3,1,15
A207049001,180,170,0,2,1,7
A207049002,142,129,1,5,0,7
A207050001/207050002,152,147,0,1,3,1
A207050003,191,179,0,4,4,4
A207050004,277,267,7,1,0,2
A207050005,296,282,0,9,4,1
A207050006,314,303,0,4,5,2
A207050007,158,155,1,0,0,2
A207050008,128,125,0,0,0,3
A207050009,154,146,4,0,1,3
A207050010,133,125,0,0,0,8
A207052001,184,173,0,2,9,0
A207052002,145,142,0,0,0,3
A207053001,176,169,0,0,0,7
A207053002,162,160,0,0,0,2
A207055001,196,196,0,0,0,0
A207055002,206,205,0,0,0,1
A207055003,260,254,0,3,2,1
A207055004/207055008,264,263,0,0,0,1
A207055005,179,176,1,0,1,1
A207055006,270,269,0,0,1,0
A207055007,193,181,0,0,2,10
A207055009,206,200,0,4,1,1
A207055010,365,360,0,1,3,1
A207055011,181,176,0,3,0,2
A207055012,263,256,1,4,0,2
A207055013,291,285,1,0,0,5
A207055014,304,293,0,4,2,5
A207055015,292,288,0,0,0,4
A207055016,176,168,0,0,2,6
A207056001,211,205,0,0,1,5
A207056002,286,274,0,5,4,3
A207058001,184,179,0,1,1,3
A207058002,212,200,0,0,6,6
A207059001,218,215,0,0,1,2
A207059002,148,148,0,0,0,0
A207059003,187,180,0,0,0,7
A207060001,119,117,0,0,0,2
A207060002,234,230,0,0,0,4
A207060003,200,196,3,0,0,1
A207060004,264,254,3,0,1,6
A207060005,269,266,1,0,0,2
A207060006,168,165,0,1,1,1
A207060007,146,142,0,2,0,2
A207061001/207061003,144,138,0,0,4,2
A207061002,120,115,0,1,1,3
A207061004,167,166,0,0,0,1
A207061005,220,217,1,0,0,2
A207064001,65,64,0,0,0,1
A207066001,230,226,0,1,0,3
A207066002,195,192,0,0,0,3
A207066003,220,220,0,0,0,0
A207067001,248,244,0,0,3,1
A207068001,218,216,0,0,1,1
A207069001,244,240,0,0,0,4
A207071001,208,207,0,0,0,1
A207071002,228,206,0,15,1,6
A207071003,337,285,11,33,5,3
A207071004/207071026,204,197,0,3,0,4
A207071005,222,222,0,0,0,0
A207071006,124,122,0,0,2,0
A207071007,191,184,5,0,1,1
A207071008,143,141,0,0,1,1
A207071009,155,150,0,1,1,3
A207071010,223,222,0,0,1,0
A207071011,135,124,0,1,6,4
A207071012,174,161,1,5,4,3
A207071013,196,193,0,3,0,0
A207071014,198,194,0,1,3,0
A207071015,257,245,1,3,2,6
A207071016,244,234,0,3,2,5
A207071017,444,429,4,2,1,8
A207071018,175,168,0,0,1,6
A207071019,238,228,2,5,1,2
A207071020,222,221,0,1,0,0
A207071021,329,328,0,0,0,1
A207071022,185,183,0,0,1,1
A207071023,409,381,6,15,2,5
A207071024,268,262,0,1,2,3
A207071025,162,153,1,1,2,5
A207071027,235,227,0,2,0,6
A207071028,196,192,1,0,1,2
A207071029,182,181,0,0,0,1
A207071030,177,177,0,0,0,0
A207071031,223,216,0,0,0,7
A207071032,164,150,0,0,0,14
A207071033,357,334,0,17,2,4
A207071034,219,209,5,0,0,5
A207073001,226,222,0,0,1,3
A207076001,192,188,0,4,0,0
A207080001,194,171,1,0,1,21
A207081001,254,246,0,1,2,5
A207081002,191,191,0,0,0,0
A207081003,240,240,0,0,0,0
A207081004,122,117,1,0,4,0
A207081005,159,157,0,0,0,2
A207081006,203,198,0,4,0,1
A207081007,283,272,0,0,1,10
A207081008,193,157,4,23,6,3
A207081009,157,122,13,6,8,8
A207081010,210,182,6,5,13,4
A207081011/207081020,185,179,0,2,2,2
A207081012,253,226,0,19,0,8
A207081013,138,129,0,5,1,3
A207081014,215,206,0,1,4,4
A207081015,144,105,14,17,1,7
A207081016,221,213,0,0,2,6
A207081017,194,177,6,5,6,0
A207081018,193,180,4,1,0,8
A207081019,308,282,1,18,1,6
A207081021,227,212,0,2,1,12
A207081022,248,219,0,18,7,4
A207081023,159,151,0,0,0,8
A207081024,308,295,3,0,1,9
A207081025,174,172,0,0,0,2
A207082001,115,87,1,15,5,7
A207082002,146,99,10,17,9,11
A207082003,311,291,12,0,1,7
A207082004,257,196,6,44,1,10
A207082005/207082006,196,157,8,25,5,1
A207082007,100,88,0,0,1,11
A207082008,242,223,3,5,6,5
A207082009,252,244,0,1,5,2
A207082010,223,214,0,0,6,3
A207082011,142,114,7,18,3,0
A207082012,260,229,7,11,4,9
A207082013,334,254,12,57,8,3
A207082014,285,256,0,17,7,5
A207082015,265,251,0,6,1,7
A207082016,264,261,0,0,0,3
A207082017,344,344,0,0,0,0
A207082018,304,298,0,0,2,4
A207082019,226,214,0,0,0,12
A207082020,247,242,0,0,2,3
A207082021,263,253,8,0,1,1
A207082022,226,226,0,0,0,0
A207082023,223,184,20,6,11,2
A237007001,204,177,0,1,4,22
A237018001,186,139,2,5,7,33
A237040001,234,215,0,12,2,5
A237048001,162,161,0,0,1,0
A237090001,170,163,0,0,0,7
A237090002,276,251,12,6,6,1
A237098001,272,233,6,4,17,12
