pop..sa_code,pop..total_persons,pop..males,pop..females,pop..x0_4_years,pop..x5_11_years,pop..x12_17_years,pop..x18_29_years,pop..x30_39_years,pop..x40_59_years,pop..x60_74_years,pop..x75_years
A027001001,335,184,151,21,16,16,145,70,48,16,3
A027001002,259,124,135,15,16,23,33,24,77,41,30
A027001003,192,97,95,6,17,6,34,21,45,45,18
A027001004,177,95,82,15,20,17,9,27,57,23,9
A027002001,175,91,84,5,15,29,12,21,59,26,8
A027002002,340,166,174,18,20,17,33,49,112,76,15
A027002003,174,88,86,12,26,15,13,25,52,26,5
A027002004,157,79,78,12,14,13,8,20,36,35,19
A027002005,173,87,86,12,10,13,22,26,42,38,10
A027003001,243,133,110,10,34,27,31,38,57,33,13
A027003002,152,75,77,7,15,20,15,14,44,21,16
A027004001,234,132,102,21,29,14,19,31,64,27,29
A027004002,196,110,86,18,29,20,19,24,52,22,12
A027004003,162,80,82,4,8,19,21,12,46,29,23
A027004004,217,102,115,16,29,27,21,12,69,34,9
A027004005,252,130,122,21,28,30,26,31,75,27,14
A027004006,311,150,161,15,32,39,44,29,96,39,17
A027004007,279,154,125,14,29,29,27,37,75,47,21
A027004008,266,137,129,16,36,22,31,26,77,40,18
A027004009,262,129,133,42,28,18,51,63,36,22,2
A027004010,185,91,94,11,18,19,24,11,62,35,5
A027004011,172,91,81,12,23,10,26,26,43,21,11
A027004012,283,134,149,29,38,21,38,50,67,35,5
A027004013,208,110,98,23,29,12,27,29,45,31,12
A027004014,238,115,123,22,41,30,27,48,44,20,6
A027004015,141,64,77,13,18,6,9,24,31,25,15
A027004016,209,105,104,12,26,20,28,34,57,25,7
A027004017,229,105,124,25,38,26,35,43,40,12,10
A027004018,198,90,108,4,7,14,30,23,53,29,38
A027005001,193,93,100,17,14,8,34,46,43,16,15
A027005002,134,76,58,8,14,7,17,20,39,21,8
A027006001,228,123,105,12,23,16,36,35,58,32,16
A027006002,225,114,111,10,21,19,38,29,69,28,11
A027006003,209,110,99,15,19,19,37,12,64,32,11
A027006004,202,103,99,19,12,19,28,35,42,37,10
A027006005,184,95,89,18,19,13,21,23,43,31,16
A027006006,125,55,70,8,9,13,13,32,28,18,4
A027006007,143,71,72,4,5,2,15,14,39,33,31
A027006008,196,99,97,9,22,35,16,34,51,26,3
A027007001,214,99,115,23,42,12,15,60,43,15,4
A027007002,290,146,144,28,36,22,37,76,70,15,6
A027007003,199,104,95,22,22,10,22,53,36,25,9
A027007004,251,127,124,15,27,15,31,28,74,42,19
A027008001,290,142,148,22,26,38,35,43,85,23,18
A027008002,222,109,113,21,27,13,34,32,41,36,18
A027008003,293,141,152,21,37,27,44,43,71,31,19
A027008004,320,154,166,23,44,31,32,38,93,41,18
A027008005,227,105,122,26,31,23,19,55,53,15,5
A027008006,280,142,138,22,43,36,31,49,66,26,7
A027008007,279,146,133,26,40,31,39,58,61,13,11
A027008008,232,110,122,17,26,31,31,50,59,14,4
A027008009,256,136,120,23,32,19,41,43,71,15,12
A027008010,201,105,96,13,30,14,38,40,41,13,12
A027008011,208,113,95,22,20,11,44,44,50,13,4
A027008012,288,149,139,25,43,33,40,54,62,20,11
A027009001,299,153,146,17,34,34,35,37,80,46,16
A027009002,288,144,144,31,35,15,43,47,71,41,5
A027009003,360,171,189,18,54,45,48,58,106,25,6
A027009004,181,96,85,13,21,16,17,24,53,25,12
A027010001,193,94,99,14,14,18,28,29,52,25,13
A027011001,190,102,88,5,20,23,17,26,49,30,20
A027011002,264,135,129,17,21,35,22,30,84,33,22
A027011003,245,122,123,5,19,29,20,22,82,41,27
A027012001,200,105,95,13,14,14,27,26,66,20,20
A027012002,192,103,89,2,19,27,20,18,61,32,13
A027012003,195,104,91,25,22,6,18,33,39,41,11
A027012004,208,98,110,10,10,23,32,24,68,26,15
A027012005,351,185,166,19,49,38,34,36,107,56,12
A027012006,246,117,129,23,36,25,38,43,44,27,10
A027013001,217,98,119,24,22,14,36,46,49,16,10
A027013002,334,160,174,40,51,30,43,94,51,19,6
A027013003,173,89,84,11,20,15,20,15,55,28,9
A027013004,234,113,121,27,24,22,41,49,50,17,4
A027013005,238,119,119,11,25,14,34,27,66,50,11
A027013006,225,115,110,17,15,20,44,33,58,33,5
A027013007,154,86,68,15,11,14,23,25,29,28,9
A027013008,89,48,41,2,4,2,7,15,25,19,15
A027013009,153,75,78,6,5,9,9,10,39,57,18
A027014001,78,38,40,7,8,1,6,14,21,10,11
A027015001,186,94,92,16,15,11,40,35,39,27,3
A027016001,147,67,80,11,22,14,17,21,33,22,7
A027017001,70,40,30,1,0,4,8,10,21,21,5
A027017002,165,93,72,6,11,19,20,21,43,33,12
A027018001,212,111,101,16,25,22,18,22,60,29,20
A027018002,323,155,168,22,37,30,27,47,102,36,22
A027019001,147,74,73,13,18,11,9,23,47,16,10
A027020001,241,130,111,9,21,17,40,18,67,37,32
A027020002,291,154,137,25,24,31,20,35,91,43,22
A027021001,211,110,101,9,14,24,23,18,76,34,13
A027021002,248,129,119,16,28,24,27,31,79,35,8
A027022001,321,172,149,21,27,22,58,30,95,51,17
A027022002,188,96,92,16,33,22,12,17,66,10,12
A027022003,212,115,97,15,23,17,18,26,55,41,17
A027022004,283,148,135,12,32,29,39,31,88,35,17
A027023001,228,118,110,13,30,24,21,36,53,36,15
A027024001,187,94,93,9,17,22,23,17,59,31,9
A027024002,203,106,97,7,24,28,25,12,67,25,15
A027024003,300,151,149,25,31,25,39,37,78,45,20
A027024004,228,105,123,25,36,16,28,69,44,7,3
A027024005,365,174,191,51,48,36,41,83,90,9,7
A027024006,286,138,148,45,48,23,33,61,67,9,0
A027024007,376,186,190,38,42,35,36,64,95,49,17
A027024008,298,148,150,33,56,31,25,78,73,2,0
A027024009,220,113,107,28,38,13,25,46,45,22,3
A027024010,387,169,218,42,65,39,47,106,78,10,0
A027024011,298,140,158,40,56,38,28,64,68,4,0
A027024012,249,127,122,25,43,20,22,52,67,16,4
A027024013,191,93,98,18,20,13,25,44,58,11,2
A027024014,324,168,156,43,49,31,49,90,48,12,2
A027024015,242,111,131,25,20,15,39,58,45,26,14
A027024016,134,67,67,7,10,5,12,20,38,23,19
A027024017,347,146,201,10,7,12,56,78,130,41,13
A027024018,475,237,238,23,27,38,31,19,107,111,119
A027024019,293,140,153,20,23,22,28,56,62,60,22
A027024020,322,146,176,37,36,14,33,66,56,12,68
A027024021,309,160,149,31,37,15,71,74,56,16,9
A027024022,368,155,213,19,23,23,25,44,97,62,75
A027024023,387,200,187,30,42,27,69,56,96,53,14
A027024024,274,148,126,31,44,22,35,62,63,14,3
A027024025,306,146,160,27,41,27,32,63,76,28,12
A027024026,225,88,137,3,6,4,11,14,42,67,78
A027024027,458,199,259,31,45,50,62,51,114,84,21
A027024028,204,95,109,30,36,14,24,52,37,10,1
A027025001,345,174,171,19,50,33,21,33,113,56,20
A027025002,188,86,102,36,26,6,28,63,27,2,0
A027025003,174,82,92,22,13,4,54,44,30,7,0
A027025004,239,120,119,30,42,16,37,57,51,3,3
A027025005,112,48,64,7,5,2,25,15,17,33,8
A027025006,311,151,160,26,42,32,60,47,84,19,1
A027025007,229,100,129,14,20,18,17,38,50,37,35
A027025008,248,117,131,43,37,17,30,68,41,11,1
A027025009,199,110,89,11,14,6,37,23,58,46,4
A027025010,234,133,101,7,21,16,42,50,49,38,11
A027025011,217,109,108,25,33,10,49,48,43,6,3
A027025012,156,84,72,16,10,7,60,30,22,8,3
A027025013,308,153,155,34,39,26,44,57,64,35,9
A027025014,346,168,178,23,45,39,39,57,81,56,6
A027025015,138,69,69,3,15,5,24,10,46,29,6
A027025016,146,76,70,6,7,31,27,26,35,8,6
A027025017,172,83,89,8,12,15,23,24,36,39,15
A027025018,120,53,67,5,6,3,25,13,22,15,31
A027026001,161,84,77,9,6,10,34,20,49,22,11
A027026002,237,102,135,17,4,17,41,33,66,38,21
A027027001,197,94,103,9,28,16,30,44,51,17,2
A027027002,397,211,186,21,42,38,65,47,116,57,11
A027027003,456,235,221,22,57,56,56,47,156,48,14
A027027004,306,152,154,23,39,29,37,40,90,33,15
A027028001,241,125,116,18,23,16,37,37,71,29,10
A027028002,300,149,151,21,40,28,38,36,84,44,9
A027028003,240,121,119,26,28,9,35,34,49,48,11
A027028004,179,91,88,23,21,6,28,25,51,19,6
A027028005,138,61,77,12,11,9,34,34,26,9,3
A027028006,207,109,98,25,8,10,39,45,45,19,16
A027028007,177,93,84,7,8,11,23,24,63,26,15
A027028008,166,86,80,10,11,4,21,36,47,21,16
A027029001,119,61,58,9,12,6,12,17,26,24,13
A027030001,312,153,159,30,43,26,22,51,75,45,20
A027030002,300,154,146,19,22,26,51,37,78,57,10
A027031001,267,129,138,17,32,27,26,31,64,50,20
A027031002,183,97,86,16,21,12,12,31,42,35,14
A027032001,260,128,132,11,17,22,41,30,79,39,21
A027032002,337,185,152,19,48,36,29,50,92,48,15
A027032003,277,147,130,23,33,34,35,43,70,23,16
A027033001,160,88,72,14,16,14,17,21,34,33,11
A027033002,224,120,104,6,25,26,29,25,71,25,17
A027034001,157,83,74,8,21,18,25,22,41,17,5
A027035001,350,187,163,24,34,41,38,40,103,47,23
A027035002,347,173,174,10,35,43,45,36,119,46,13
A027035003,393,209,184,20,52,53,52,49,99,40,28
A027036001,227,120,107,14,22,29,28,29,53,39,13
A027036002,191,90,101,11,16,18,32,19,60,26,9
A027037001,287,155,132,17,38,34,22,35,86,37,18
A027038001/027047001,231,126,105,16,27,20,26,29,56,47,10
A027039001,202,106,96,13,25,16,20,25,57,33,13
A027040001,85,51,34,1,5,8,10,6,29,13,13
A027041001,142,78,64,3,4,22,18,14,40,27,14
A027042001,130,66,64,10,12,10,11,20,33,25,9
A027042002,142,74,68,0,17,14,20,10,46,23,12
A027043001,154,79,75,11,8,5,25,11,54,25,15
A027043002,249,128,121,20,45,30,24,26,71,21,12
A027044001,198,96,102,16,25,25,11,29,58,25,9
A027044002,284,140,144,26,24,17,28,49,62,55,23
A027045001,328,168,160,19,49,34,30,37,88,49,22
A027045002,317,159,158,22,36,30,45,38,82,50,14
A027045003,211,104,107,14,20,13,18,20,60,51,15
A027046001,187,93,94,19,32,14,17,31,43,23,8
A027046002,220,124,96,23,26,22,23,35,48,31,12
A027048001,179,89,90,16,19,17,21,25,46,24,11
A027048002,289,157,132,11,29,39,25,33,97,38,17
A027049001,235,122,113,21,29,23,22,36,49,44,11
A027050001,217,109,108,19,30,18,28,29,65,20,8
A027050002,240,124,116,15,26,26,33,20,88,22,10
A027051001,319,222,97,14,21,26,49,52,100,40,17
A027051002,322,174,148,17,33,41,46,32,97,42,14
A027052001,228,112,116,18,19,18,24,29,67,39,14
A027052002,214,110,104,13,23,27,18,18,61,36,18
A027052003,271,135,136,17,23,14,26,27,66,40,58
A027052004,154,83,71,4,13,12,12,22,53,22,16
A027052005,242,121,121,25,38,28,17,41,56,32,5
A027053001,230,117,113,17,36,22,27,32,63,20,13
A027053002,147,76,71,3,16,12,10,14,59,23,10
A027054001/027054003,197,94,103,15,14,15,18,20,44,30,41
A027054002,189,93,96,19,29,10,18,31,45,30,7
A027055001,238,118,120,15,30,20,30,24,63,36,20
A027056001,303,161,142,21,29,39,34,38,84,51,7
A027056002,243,130,113,17,35,26,19,36,79,25,6
A027057001,323,167,156,20,35,25,40,38,107,39,19
A027057002,202,108,94,11,19,25,27,25,56,25,14
A027057003,163,82,81,11,16,19,20,15,50,24,8
A027057004,217,110,107,14,25,23,17,24,66,39,9
A027057005,183,91,92,12,18,11,25,17,65,20,15
A027057006,191,93,98,7,22,9,30,14,60,34,15
A027058001/027085001,232,119,113,13,23,19,29,20,82,32,14
A027059001,177,86,91,11,21,15,27,14,48,20,21
A027059002,153,76,77,8,9,4,21,25,28,41,17
A027060001,137,71,66,6,12,19,11,14,41,19,15
A027060002,290,144,146,15,35,38,28,28,89,36,21
A027060003,155,79,76,9,10,13,26,14,38,32,13
A027061001,169,84,85,13,22,13,13,18,53,31,6
A027061002,229,116,113,5,30,24,24,32,51,48,15
A027061003,204,104,100,19,27,22,12,25,58,30,11
A027061004,271,119,152,22,35,24,25,34,85,35,11
A027062001,379,179,200,31,59,41,25,62,108,41,12
A027064001,380,190,190,33,66,35,58,73,83,23,9
A027064002,281,134,147,11,39,30,24,41,83,27,26
A027065001,426,205,221,35,44,24,56,63,116,65,23
A027065002,195,106,89,17,14,15,25,27,50,37,10
A027066001,269,132,137,29,26,25,32,34,73,41,9
A027066002,260,128,132,17,26,30,36,20,95,27,9
A027067001,212,106,106,22,15,18,22,26,49,45,15
A027067002,226,120,106,19,27,18,26,29,56,26,25
A027068001,268,142,126,17,20,18,48,38,70,38,19
A027069001,186,104,82,15,18,14,24,32,45,34,4
A027069002,217,115,102,18,33,14,26,39,50,28,9
A027070001,291,148,143,26,36,21,24,40,85,40,19
A027070002,143,74,69,6,7,15,15,16,35,27,22
A027070003,195,97,98,12,27,19,13,33,50,27,14
A027071001,214,113,101,28,29,6,20,30,65,26,10
A027071002,195,107,88,16,22,28,17,22,64,16,10
A027072001,222,115,107,11,13,14,19,11,55,42,57
A027072002,178,85,93,13,20,11,12,21,55,37,9
A027072003,173,99,74,7,17,16,12,11,62,38,10
A027072004,281,137,144,29,25,24,46,35,81,31,10
A027072005,216,113,103,13,21,17,18,20,75,34,18
A027072006,262,125,137,14,22,32,36,30,71,42,15
A027072007,280,138,142,9,32,30,37,19,98,42,13
A027073001,222,114,108,13,34,25,21,39,67,19,4
A027073002,262,130,132,38,40,13,35,65,48,18,5
A027073003,221,113,108,16,35,27,26,31,58,23,5
A027073004,282,142,140,33,37,32,39,49,59,27,6
A027073005,267,134,133,20,27,26,33,34,65,45,17
A027073006,392,195,197,27,48,54,47,58,113,33,12
A027073007,275,131,144,28,43,22,25,65,57,29,6
A027074001,371,194,177,45,46,38,48,46,107,32,9
A027074002,378,176,202,30,59,43,30,57,109,39,11
A027074003,256,120,136,31,40,24,23,58,49,26,5
A027074004,331,166,165,22,39,34,39,40,98,40,19
A027075001/027088001,330,170,160,20,51,34,32,32,92,53,16
A027076001,245,122,123,16,32,23,30,35,84,17,8
A027076002,223,116,107,11,31,33,22,25,71,22,8
A027077001,185,97,88,11,14,12,21,20,50,37,20
A027077002,197,105,92,12,23,8,22,30,63,26,13
A027078001,224,114,110,14,17,16,35,28,51,41,22
A027078002,232,118,114,16,22,26,29,28,63,38,10
A027078003,215,116,99,19,22,11,24,27,54,44,14
A027079001,154,78,76,8,16,18,15,12,48,21,16
A027079002,257,122,135,15,34,20,33,34,73,30,18
A027079003,198,97,101,8,14,22,28,23,58,27,18
A027079004,208,104,104,19,24,16,31,24,54,22,18
A027079005,247,133,114,23,32,18,27,34,72,31,10
A027080001,228,113,115,15,30,15,25,35,66,29,13
A027080002,249,112,137,13,17,23,47,37,62,34,16
A027081001,330,160,170,38,39,22,53,71,72,18,17
A027082001,199,109,90,9,26,23,22,13,58,39,9
A027082002,207,102,105,15,25,24,23,20,55,29,16
A027082003,165,80,85,7,16,9,15,15,50,34,19
A027083001,287,143,144,18,45,29,21,39,65,54,16
A027083002,238,117,121,19,23,22,29,35,73,29,8
A027083003,241,121,120,21,21,18,33,28,61,40,19
A027084001,158,84,74,6,15,17,11,19,41,36,13
A027084002,95,46,49,7,5,6,18,12,31,9,7
A027086001,122,62,60,10,6,13,15,13,41,17,7
A027086002,303,166,137,26,27,21,39,41,76,57,16
A027087001,315,159,156,29,31,30,50,41,93,28,13
A027087002,127,67,60,8,7,9,20,11,28,32,12
A027089001,135,74,61,7,9,8,15,15,44,20,17
A027089002,230,121,109,6,17,16,45,24,63,48,11
A027089003,306,153,153,37,43,18,31,41,75,47,14
A027090001,116,55,61,4,9,9,8,7,43,25,11
A027090002,113,53,60,3,3,9,13,15,39,25,6
A027091001,102,52,50,11,11,4,10,14,28,16,8
A027092001,207,112,95,28,20,11,13,38,42,31,24
A027092002,255,122,133,18,31,15,24,38,60,50,19
A027092002,255,122,133,18,31,15,24,38,60,50,19
A027092003,277,150,127,21,25,19,40,42,69,47,14
A027092004,222,107,115,23,24,15,30,51,51,20,8
A027092005,165,81,84,12,22,7,39,35,27,18,5
A027092006,256,119,137,21,37,37,34,45,60,19,3
A027092007,307,149,158,28,45,21,31,56,58,46,22
A027092008,296,141,155,31,32,22,43,69,55,24,20
A027092009,182,81,101,10,15,24,21,20,50,26,16
A027092010,217,124,93,11,21,27,26,16,74,28,14
A027092011,202,96,106,23,37,22,19,49,47,5,0
A027092012,170,80,90,16,7,13,29,28,45,20,12
A027092013,197,97,100,10,25,12,17,20,51,42,20
A027092014,242,122,120,19,23,14,34,38,69,30,15
A027092015,224,119,105,15,33,22,26,14,77,22,15
A027092016,347,166,181,23,44,40,42,55,102,33,8
A027092017,169,92,77,11,6,3,23,25,63,17,21
A027093001,264,150,114,10,27,28,23,30,101,31,14
A027093002,178,90,88,14,23,14,22,27,47,23,8
A027093003,393,190,203,32,59,42,46,54,103,44,13
A067018001,315,149,166,18,38,23,30,50,58,47,51
A067025001,88,56,32,8,8,3,23,13,19,13,1
A067025002,158,82,76,17,10,6,35,11,29,32,18
A067030001,447,222,225,37,67,46,46,52,132,50,17
A067030002,296,160,136,15,32,22,27,40,86,53,21
A067073002,101,54,47,7,2,6,13,14,30,17,12
A067111001,195,101,94,11,21,15,30,29,53,23,13
A067120001,202,104,98,8,12,11,27,20,47,49,28
A067120002,183,102,81,7,5,27,15,14,53,49,13
A067120003,143,67,76,7,11,16,15,13,40,30,11
A067206002,91,52,39,2,4,7,5,6,33,30,4
A067210001,190,99,91,16,17,15,23,27,51,29,12
A067210002,273,135,138,18,35,22,35,22,96,35,10
A117001001,419,187,232,49,68,30,71,99,91,11,0
A117002001/117003001,312,143,169,32,49,16,40,77,59,28,11
A117004001,300,147,153,40,38,23,46,87,61,5,0
A117004002,211,106,105,17,10,18,39,39,63,22,3
A117005001/117064001,116,64,52,7,6,5,21,16,40,13,8
A117006001,465,236,229,33,71,41,65,55,142,39,19
A117007001/117040001,239,119,120,12,25,21,30,33,67,36,15
A117008001,342,173,169,14,23,35,63,29,111,43,24
A117009001,195,100,95,7,10,18,31,24,44,53,8
A117009002,180,96,84,8,14,5,15,34,46,35,23
A117009003,269,123,146,24,36,26,30,68,52,28,5
A117009004,220,119,101,10,16,12,29,30,52,51,20
A117009005,260,120,140,17,35,20,33,44,55,38,18
A117009006,331,170,161,27,28,30,44,45,86,48,23
A117009007,286,146,140,21,41,23,32,31,86,32,20
A117010001,425,221,204,30,54,33,54,52,124,52,26
A117011001,455,234,221,23,50,50,60,52,129,69,22
A117012001,285,137,148,16,30,28,31,44,87,35,14
A117012002,287,144,143,13,42,33,26,30,86,34,23
A117013001,264,130,134,18,28,28,34,28,80,39,9
A117014001,357,182,175,28,26,31,36,53,105,58,20
A117015001,301,158,143,20,34,28,32,34,88,56,9
A117015002,305,157,148,20,41,29,35,38,85,43,14
A117015003,273,131,142,7,21,30,48,24,84,43,16
A117015004,238,123,115,14,36,24,26,33,64,32,9
A117015005,236,113,123,11,8,14,29,22,71,51,30
A117015006,166,92,74,6,16,21,11,24,39,34,15
A117015007,224,101,123,11,36,19,21,42,63,24,8
A117015008/117015018,293,140,153,40,46,17,37,60,65,26,2
A117015009,242,109,133,4,7,14,34,13,55,50,65
A117015010/117015017,135,59,76,11,8,10,14,28,37,17,10
A117015011,368,183,185,33,53,40,32,47,95,48,20
A117015012,345,182,163,24,53,36,52,32,102,36,10
A117015013,245,126,119,24,18,14,34,41,67,39,8
A117015014,356,184,172,14,43,33,45,41,97,55,28
A117015015,165,86,79,12,8,13,28,20,48,28,8
A117015016,231,120,111,17,22,19,15,42,49,49,18
A117015019,362,186,176,33,36,24,48,42,114,46,19
A117015020,192,93,99,11,16,21,18,9,70,37,10
A117015021,77,35,42,6,8,7,10,5,25,13,3
A117015022,223,105,118,9,27,25,23,23,60,41,15
A117016001,145,77,68,9,10,7,14,23,28,39,15
A117016002,177,88,89,5,20,22,20,14,55,29,12
A117017001,211,97,114,15,19,16,20,16,52,44,29
A117017002,225,104,121,18,16,20,25,33,56,46,11
A117017003,180,96,84,14,24,8,11,26,46,35,16
A117018001,195,101,94,10,11,11,28,20,57,40,18
A117019001,158,86,72,6,21,19,11,21,49,26,5
A117020001,167,83,84,10,11,19,18,15,53,30,11
A117021001,199,89,110,14,20,17,25,25,44,34,20
A117022001,247,110,137,23,24,15,25,40,60,40,20
A117022002,144,76,68,13,8,16,21,10,39,30,7
A117023001,106,44,62,14,13,10,14,13,24,13,5
A117023002,86,37,49,1,5,9,7,9,29,12,14
A117024001,147,82,65,9,11,20,12,11,46,31,7
A117024002,332,176,156,15,37,20,32,41,90,78,19
A117025001,142,71,71,14,16,6,5,22,38,30,11
A117026001,97,51,46,4,11,6,6,10,26,23,11
A117027001,253,134,119,13,20,24,22,27,88,37,22
A117027002,153,76,77,12,14,20,8,18,45,25,11
A117027003,143,62,81,5,7,8,13,14,43,38,15
A117027004,205,94,111,6,24,25,29,19,69,19,14
A117027005,396,191,205,46,53,48,34,70,107,31,7
A117027006,117,63,54,3,6,1,10,14,30,37,16
A117027007,140,84,56,1,1,0,30,25,47,30,6
A117027008,196,107,89,26,28,12,35,41,34,18,2
A117027009,313,149,164,14,15,9,18,28,59,74,96
A117028001,209,107,102,6,8,5,35,56,50,33,16
A117029001,161,81,80,11,5,5,32,57,37,8,6
A117029002,217,101,116,8,13,17,30,32,49,40,28
A117029003,152,79,73,14,17,11,21,46,31,7,5
A117030001,220,117,103,21,30,18,14,23,64,37,13
A117030002,214,113,101,21,26,16,20,31,55,35,10
A117030003,202,88,114,29,28,10,21,67,43,1,3
A117030004,242,116,126,33,19,13,38,59,53,24,3
A117030005,240,116,124,10,36,19,41,47,57,25,5
A117031001/117034001,129,61,68,11,16,13,23,23,37,5,1
A117032001,146,79,67,20,15,9,27,44,29,2,0
A117033001,163,76,87,28,24,12,10,47,40,1,1
A117035001,275,117,158,39,41,17,26,53,60,36,3
A117035002,164,80,84,11,17,9,15,15,45,33,19
A117035003,136,73,63,7,10,14,17,12,45,18,13
A117035004,180,93,87,8,17,14,24,21,55,23,18
A117035005,236,114,122,14,29,27,37,31,67,24,7
A117035006,147,67,80,18,19,5,20,22,42,14,7
A117035007,170,80,90,10,17,14,14,17,54,33,11
A117035008,260,129,131,11,25,31,31,28,81,30,23
A117036001,237,122,115,15,23,14,33,25,71,36,20
A117036002,178,102,76,10,15,17,16,15,63,32,10
A117036003,161,83,78,9,25,11,11,21,36,34,14
A117037001,175,88,87,12,17,15,12,30,41,34,14
A117038001,120,60,60,8,8,9,17,15,31,26,6
A117038002,165,75,90,7,18,14,16,25,55,23,7
A117039001,158,83,75,8,11,18,20,13,49,22,17
A117039002,187,98,89,9,17,25,21,14,59,33,9
A117039003,246,124,122,13,24,33,24,22,86,25,19
A117041001,142,69,73,10,10,13,13,12,46,24,14
A117042001,145,74,71,12,19,13,10,20,41,22,8
A117043001,169,92,77,18,13,14,17,29,44,27,7
A117044001,143,72,71,11,10,8,14,30,30,34,6
A117045001,152,78,74,9,19,18,8,28,53,8,9
A117046001,174,77,97,26,26,6,17,41,47,7,4
A117047001,245,127,118,7,15,17,21,15,51,50,69
A117048001,199,102,97,11,20,21,28,22,47,37,13
A117048002,142,69,73,14,28,5,7,26,38,12,12
A117049001/117076001,155,84,71,6,22,19,9,17,53,13,16
A117050001,206,101,105,11,17,12,25,24,67,30,20
A117050002,182,96,86,8,21,13,15,20,49,29,27
A117050004,136,71,65,4,10,12,21,9,48,30,2
A117051001,195,79,116,21,22,12,18,27,48,29,18
A117052001,203,106,97,17,32,19,19,31,50,30,5
A117052002/117052003,210,98,112,19,33,19,13,35,49,29,13
A117053001,101,50,51,11,11,7,13,22,25,8,4
A117053002,160,91,69,22,19,4,15,50,30,17,3
A117054001,167,90,77,13,10,10,15,19,50,38,12
A117055001,158,82,76,6,17,10,7,28,44,36,10
A117056001,146,79,67,7,12,8,10,25,39,31,14
A117057001,154,76,78,12,12,10,12,19,42,34,13
A117058001,176,77,99,9,20,35,10,14,62,18,8
A117058002,150,68,82,10,17,12,12,24,37,27,11
A117058003,203,100,103,10,15,16,31,23,47,38,23
A117058004,180,82,98,19,19,11,18,43,32,27,11
A117058005,141,70,71,7,14,14,22,17,38,23,6
A117059001,170,86,84,13,7,16,16,21,39,49,9
A117059002,215,107,108,21,39,22,16,43,55,13,6
A117059003/117059006,223,105,118,12,29,16,15,31,69,35,16
A117059004,280,146,134,22,30,31,20,35,82,45,15
A117059005,182,96,86,12,25,16,17,23,50,28,11
A117059007,303,144,159,8,22,15,28,21,80,68,61
A117060001,238,122,116,15,18,33,22,29,66,36,19
A117061001,154,83,71,11,13,15,16,19,38,28,14
A117061002,160,84,76,9,14,14,13,16,47,36,11
A117062001,168,85,83,8,21,9,22,17,58,22,11
A117062002,202,96,106,15,15,10,28,23,48,46,17
A117063001,172,85,87,11,18,20,23,16,53,20,11
A117063002,167,91,76,11,17,12,14,26,40,35,12
A117063003,239,114,125,7,21,35,28,17,99,20,12
A117063004,256,138,118,15,20,24,46,22,80,33,16
A117063005,132,67,65,11,21,9,12,13,36,15,15
A117063006,270,153,117,13,17,31,34,23,79,55,18
A117063007,292,155,137,19,34,26,22,35,94,47,15
A117063008,171,85,86,10,16,21,12,25,55,23,9
A117063009,154,79,75,10,16,12,13,23,38,32,10
A117063010,332,166,166,14,39,29,31,35,99,59,26
A117063011,212,99,113,31,34,15,14,49,45,21,3
A117065001,179,85,94,11,20,14,18,19,61,28,8
A117066001,178,93,85,12,13,22,18,19,52,31,11
A117066002,167,84,83,6,18,16,19,15,54,29,10
A117066003,179,90,89,9,14,16,23,22,51,30,14
A117066004,274,128,146,26,42,21,18,38,80,38,11
A117066005,215,105,110,19,32,23,19,29,61,27,5
A117066006,190,99,91,8,15,27,23,13,60,36,8
A117066007,184,91,93,9,21,13,22,21,63,26,9
A117066008,69,38,31,0,1,10,13,2,25,12,6
A117067001,126,62,64,5,15,6,12,10,35,35,8
A117068001,153,86,67,6,17,10,12,21,44,33,10
A117069001,207,110,97,8,15,15,18,17,58,46,30
A117070001/117070002,207,114,93,19,38,19,12,41,52,16,10
A117071001,171,77,94,14,25,11,16,22,41,26,16
A117072001,168,93,75,7,24,15,24,19,38,28,13
A117072002,303,143,160,20,37,41,37,37,87,26,18
A117072003/117072004,134,61,73,17,17,16,16,13,30,19,6
A117073001,184,89,95,12,30,18,18,20,46,30,10
A117074001,160,84,76,12,23,8,11,20,46,24,16
A117074002,226,113,113,17,44,10,22,49,57,18,9
A117075001,192,95,97,19,23,12,23,41,57,10,7
A117077001,117,58,59,9,11,13,12,19,25,21,7
A117077002,345,180,165,32,55,32,15,49,95,50,17
A117077003,186,93,93,7,18,17,14,17,63,33,17
A117077004,211,118,93,16,20,21,18,29,59,34,14
A117078001,204,96,108,8,21,25,17,24,62,36,11
A117078002,128,61,67,11,19,5,11,22,27,25,8
A137001001,91,47,44,8,11,11,12,14,24,8,3
A137001002,188,90,98,15,17,16,23,20,49,28,20
A137002001,264,117,147,2,4,8,42,14,78,87,29
A137002002,243,114,129,13,18,18,39,22,55,64,14
A137003001,244,114,130,18,30,21,45,32,61,32,5
A137003002,212,92,120,12,26,23,47,25,33,40,6
A137004001,242,112,130,16,30,25,32,30,48,52,9
A137004002,161,74,87,8,14,16,25,23,39,31,5
A137004003,227,113,114,8,19,17,38,19,70,39,17
A137005001,114,58,56,8,11,5,32,34,22,1,1
A137005002,216,120,96,24,13,3,65,89,21,1,0
A137006001,224,134,90,13,7,4,86,59,41,13,1
A137006002,224,110,114,4,4,0,44,72,55,41,4
A137007001,92,54,38,3,2,0,20,28,29,9,1
A137007002,124,63,61,5,3,1,54,34,19,7,1
A137007003,139,80,59,8,2,2,36,38,41,10,2
A137008001,174,114,60,8,4,1,59,47,47,6,2
A137008002,139,84,55,5,3,2,46,28,37,12,6
A137009001,180,117,63,7,9,3,35,67,45,10,4
A137009002,293,179,114,8,10,7,74,67,83,37,7
A137009003,338,151,187,16,46,31,62,43,97,22,21
A137009004,239,125,114,17,16,16,42,27,78,27,16
A137009005,276,137,139,15,28,13,38,27,89,35,31
A137009006,227,96,131,16,29,26,37,26,58,26,9
A137009007,258,122,136,20,25,17,41,29,75,27,24
A137009008,326,164,162,28,21,29,39,52,93,41,23
A137009009,282,134,148,19,41,24,53,44,85,11,5
A137009010,255,122,133,20,30,26,45,44,78,10,2
A137009011,391,195,196,23,38,42,75,42,139,32,0
A137009012,238,118,120,6,12,14,29,15,59,69,34
A137010001,333,175,158,20,40,18,51,50,100,51,3
A137011001,243,114,129,24,26,13,33,48,64,34,1
A137011002,259,126,133,20,41,32,31,50,80,4,1
A137011003,278,135,143,29,60,23,26,67,65,6,2
A137011004,245,125,120,8,15,15,37,25,69,43,33
A137012001,204,105,99,5,12,10,20,19,47,50,41
A137013001,242,125,117,5,18,16,33,28,69,67,6
A137013002,295,145,150,8,22,14,52,42,66,80,11
A137013003,362,181,181,30,58,53,47,55,110,7,2
A137013004,246,136,110,17,35,17,34,52,75,13,3
A137013005,284,143,141,10,12,18,44,17,82,93,8
A137013006,170,86,84,8,4,6,26,21,36,57,12
A137013007,511,364,147,12,10,19,191,112,121,37,9
A137013008,163,87,76,11,15,12,16,26,38,37,8
A137013009,135,71,64,8,12,12,18,19,29,25,12
A137014001,347,177,170,15,44,38,46,33,91,52,28
A137015001,334,166,168,27,39,37,33,45,93,41,19
A137015002,224,102,122,13,23,33,21,27,67,24,16
A137015003,220,115,105,13,26,18,22,26,54,43,18
A137016001,199,100,99,12,15,17,26,21,49,47,12
A137016002,261,130,131,24,44,22,14,34,66,41,16
A137016003,210,96,114,19,24,16,22,24,69,28,8
A137017001,235,120,115,20,24,17,30,23,79,32,10
A137017002,215,110,105,11,25,27,26,14,78,23,11
A137017003,326,148,178,33,49,31,32,65,64,44,8
A137018001,299,139,160,14,20,41,34,27,84,55,24
A137018002,182,96,86,13,26,15,13,26,47,26,16
A137019001,202,103,99,18,23,10,22,32,56,27,14
A137020001,215,109,106,19,29,22,27,48,50,15,5
A137020002,205,102,103,11,17,11,22,17,63,47,17
A137021001,232,121,111,18,23,16,40,28,57,37,13
A137021002,224,122,102,13,23,29,20,31,65,36,7
A137022001,264,152,112,16,24,24,31,27,77,42,23
A137023001,252,131,121,11,26,22,23,28,65,63,14
A137024001,215,95,120,19,25,20,30,46,47,22,6
A137025001,159,79,80,11,26,12,20,31,43,12,4
A137025002,256,130,126,34,30,23,35,70,45,11,8
A137026001,333,170,163,36,34,18,36,68,73,51,17
A137026002,225,121,104,15,7,11,37,39,48,27,41
A137027001,180,96,84,11,4,12,39,36,51,23,4
A137027002,226,107,119,15,22,25,36,33,67,22,6
A137027003,164,91,73,13,21,9,24,39,35,19,4
A137027004,176,95,81,9,25,9,20,30,47,28,8
A137027005,250,123,127,12,21,25,28,25,71,49,19
A137027006,235,114,121,11,37,20,23,27,77,30,10
A137028001,203,106,97,10,22,13,32,36,50,32,8
A137029001,212,99,113,14,37,16,22,18,61,36,8
A137029002,189,101,88,16,25,21,14,40,46,22,5
A137029003,195,105,90,22,18,12,21,34,50,21,17
A137029004,194,100,94,11,14,23,20,22,61,36,7
A137029005,281,130,151,20,38,30,30,40,84,27,12
A137029006,183,99,84,11,13,20,17,17,64,32,9
A137029007,251,132,119,27,33,14,19,40,70,38,10
A137029008,267,134,133,27,36,29,29,35,72,30,9
A137029009,194,110,84,13,18,14,21,26,56,37,9
A137029010,175,84,91,6,13,23,20,12,47,45,9
A137030001/137052001,226,116,110,25,26,26,34,44,61,6,4
A137031001,401,196,205,52,78,32,46,93,72,16,12
A137031002,302,161,141,10,29,18,38,30,90,59,28
A137032001,190,101,89,9,8,15,23,24,52,44,15
A137032002,231,123,108,21,37,13,13,33,64,36,14
A137033001,168,85,83,15,17,11,14,23,42,32,14
A137034001,247,121,126,19,34,20,25,31,62,42,14
A137035001,202,111,91,12,27,23,10,10,61,48,11
A137035002,238,116,122,12,20,26,26,24,71,43,16
A137035003,161,78,83,10,19,12,18,25,35,37,5
A137035004,254,124,130,7,28,21,36,27,82,40,13
A137035005,323,162,161,34,38,33,35,53,85,25,20
A137036001,260,145,115,7,26,36,18,19,78,50,26
A137036002,332,172,160,20,28,25,50,46,83,48,32
A137036003,382,195,187,30,43,42,56,39,105,51,16
A137036004,194,105,89,13,14,13,21,23,60,34,16
A137036005,194,110,84,9,27,16,25,21,55,25,16
A137037001,149,80,69,8,13,10,23,16,41,32,6
A137037002,159,85,74,8,19,16,22,22,42,19,11
A137037003,247,118,129,10,24,24,28,23,76,43,19
A137038001,139,76,63,7,20,16,16,16,36,19,9
A137038002,196,98,98,13,29,17,21,28,50,26,12
A137039001,219,101,118,16,26,14,29,31,57,36,10
A137040001,205,104,101,7,12,22,33,16,73,22,20
A137041001,189,99,90,8,14,15,12,18,56,42,24
A137041002,233,111,122,12,32,19,28,24,71,32,15
A137042001,306,151,155,28,28,17,48,35,94,42,14
A137043001,297,150,147,27,43,15,37,36,75,53,11
A137043002,205,92,113,20,38,23,34,46,35,8,1
A137043003,128,61,67,7,7,11,14,15,35,25,14
A137043004,246,116,130,24,33,22,25,38,61,32,11
A137043005,293,130,163,34,37,27,41,37,79,30,8
A137043006,116,55,61,9,8,7,12,10,37,21,12
A137043007,286,140,146,15,29,31,34,54,70,40,13
A137043008,238,108,130,22,24,28,34,27,56,35,12
A137043009,215,113,102,16,36,17,33,48,47,16,2
A137043010,251,126,125,22,35,28,38,60,59,9,0
A137043011,171,85,86,23,17,9,46,33,30,9,4
A137043012,188,92,96,6,14,8,16,12,25,34,73
A137043012,188,92,96,6,14,8,16,12,25,34,73
A137043013,251,127,124,8,18,30,33,30,74,42,16
A137043014,171,98,73,17,16,11,42,40,35,10,0
A137043015,247,120,127,34,31,34,43,40,57,8,0
A137043016,317,173,144,39,38,22,55,63,77,21,2
A137044001/137044003,196,102,94,5,25,17,19,13,66,35,16
A137044002,257,129,128,16,33,24,32,27,80,28,17
A137044004,234,117,117,12,31,30,21,22,73,31,14
A137044005,213,109,104,15,16,22,24,21,67,37,11
A137045001,315,163,152,20,23,29,31,46,104,44,18
A137045002,351,170,181,33,38,35,31,47,103,46,18
A137045003,301,152,149,21,34,33,36,30,90,38,19
A137045004,200,105,95,19,26,8,35,27,45,30,10
A137045005,161,84,77,7,13,15,21,22,34,34,15
A137045006,201,107,94,21,25,13,23,45,48,15,11
A137045007,242,119,123,19,16,14,33,47,62,37,14
A137045008,292,151,141,28,39,19,28,68,47,48,15
A137045009,286,134,152,30,36,24,41,32,74,34,15
A137045010,248,128,120,22,36,20,27,33,64,32,14
A137045011,177,93,84,8,27,18,17,18,55,21,13
A137045012,169,83,86,19,24,19,21,26,40,19,1
A137045013,182,84,98,20,34,13,21,35,36,20,3
A137045014,250,123,127,9,23,30,31,26,84,39,8
A137045015,265,137,128,17,44,27,22,36,71,39,9
A137045016,194,104,90,10,12,17,24,19,57,42,13
A137045017,163,82,81,9,18,13,13,19,47,36,8
A137045018,274,139,135,27,28,21,41,54,66,26,11
A137045019,274,151,123,16,35,17,21,36,62,65,22
A137045020,169,83,86,16,25,14,7,30,45,25,7
A137045021,180,98,82,7,22,17,19,24,45,34,12
A137045022,183,95,88,15,25,10,17,22,56,28,10
A137045023,145,80,65,9,15,9,13,16,47,13,23
A137046001,173,80,93,10,5,14,16,16,53,37,22
A137047001,234,120,114,21,30,16,36,27,72,26,6
A137048001,269,127,142,18,18,13,40,47,71,39,23
A137049001,140,61,79,3,11,3,13,15,44,41,10
A137049002,218,105,113,8,15,12,21,32,51,69,10
A137049003,236,154,82,16,26,12,67,50,55,9,1
A137050001,244,129,115,28,20,17,77,44,46,10,2
A137050002,246,125,121,20,32,30,35,49,54,18,8
A137051001,150,84,66,12,10,13,18,14,43,23,17
A137053001,244,119,125,15,28,16,31,33,65,29,27
A137053002,191,91,100,20,31,25,30,31,37,13,4
A137053003,273,121,152,38,46,18,35,61,60,12,3
A137053004,232,105,127,33,29,22,24,47,55,20,2
A137053005,277,131,146,18,44,27,35,58,56,32,7
A137054001,125,41,84,5,3,1,31,22,21,16,26
A137054002,121,70,51,4,6,6,22,31,38,11,3
A137054003,219,115,104,19,15,9,50,47,55,17,7
A137054004,277,136,141,29,22,13,52,76,50,23,12
A137054005,288,144,144,23,27,24,37,46,74,51,6
A137054006,286,135,151,18,27,17,42,35,59,70,18
A137054007,178,90,88,14,16,11,19,53,43,15,7
A137055001,224,118,106,6,23,25,23,22,66,46,13
A137055002,241,134,107,17,25,13,49,44,62,25,6
A167058001,199,92,107,37,17,2,28,85,22,8,0
A167092001,310,156,154,14,45,21,41,46,94,35,14
A177026001,336,162,174,39,47,35,37,79,79,14,6
A177027001,185,103,82,6,16,17,40,18,67,15,6
A177031001,336,171,165,69,55,14,38,105,49,3,3
A177031002,251,128,123,14,19,11,29,32,51,69,26
A177031003,127,63,64,7,10,5,27,25,35,14,4
A177032001,134,76,58,4,12,8,29,32,33,11,5
A177035001,213,98,115,15,21,13,14,29,59,48,14
A177037001,248,125,123,20,39,27,27,51,72,9,3
A177040001,185,88,97,11,13,11,24,36,55,22,13
A177051001/177051002,317,167,150,24,51,18,39,39,88,42,16
A177063001,358,178,180,35,32,26,46,61,82,59,17
A197001001,223,111,112,10,26,25,35,11,67,37,12
A197002001/197087001,109,59,50,6,9,14,16,8,30,20,6
A197003001,241,119,122,11,20,15,30,16,65,59,25
A197003002,243,119,124,29,31,32,30,54,57,10,0
A197005002,445,215,230,61,67,44,66,96,102,8,1
A197006001,384,203,181,38,53,33,39,84,92,27,18
A197006002,266,114,152,41,38,10,41,86,41,7,2
A197007001,199,100,99,31,25,8,25,64,38,7,1
A197009001,163,72,91,7,10,12,27,20,50,21,16
A197010001,104,61,43,6,7,3,9,25,36,13,5
A197011010,262,137,125,23,31,25,42,48,55,28,10
A197012001,392,201,191,16,25,38,59,50,106,85,13
A197012002,191,81,110,7,13,20,19,15,42,32,43
A197012003,349,167,182,36,43,20,46,109,80,15,0
A197012004,225,102,123,12,16,20,26,25,62,48,16
A197012005,221,113,108,2,10,24,23,15,71,51,25
A197013001,381,168,213,20,20,26,65,36,102,60,52
A197013002,195,103,92,10,10,14,31,22,53,37,18
A197013003,194,101,93,10,16,17,24,32,52,33,10
A197013004,142,81,61,13,18,6,8,16,36,37,8
A197015001,143,63,80,15,16,14,10,20,39,22,7
A197016001,179,95,84,8,16,18,13,21,59,25,19
A197017001,258,143,115,21,37,21,19,29,72,38,21
A197019001,165,78,87,12,11,3,19,15,51,35,19
A197020001,222,108,114,15,31,24,13,34,59,37,9
A197020002,225,124,101,17,18,13,15,38,60,47,17
A197020003,279,143,136,23,19,21,32,18,81,61,24
A197020004,257,119,138,23,27,19,40,43,55,36,14
A197021001,287,138,149,23,33,28,27,55,85,27,9
A197021002,295,146,149,44,40,21,29,88,50,18,5
A197021003,269,144,125,35,25,20,35,52,60,30,12
A197021004,379,190,189,36,42,32,51,59,96,51,12
A197021005,344,157,187,42,44,16,68,103,61,8,2
A197021006,228,101,127,29,39,18,30,81,26,4,1
A197021007,317,154,163,37,46,30,49,80,68,4,3
A197022001/197022006,285,124,161,33,36,19,23,90,69,14,1
A197022002,204,105,99,17,27,22,29,37,43,25,4
A197022003,259,100,159,41,43,27,26,71,44,7,0
A197022004,330,157,173,34,51,30,42,87,70,9,7
A197022005,331,167,164,36,35,23,40,59,95,36,7
A197022007,419,196,223,51,72,26,52,104,98,15,1
A197022008,290,132,158,41,53,17,30,90,52,6,1
A197022009,241,108,133,14,20,21,21,25,55,73,12
A197022010,278,148,130,21,25,36,40,43,84,22,7
A197022011,222,112,110,13,40,26,34,55,41,10,3
A197023001,222,114,108,14,19,13,33,22,66,38,17
A197024001,172,82,90,7,21,16,12,11,56,31,18
A197024002,161,80,81,12,5,13,19,15,45,34,18
A197025001,204,101,103,10,18,26,24,19,54,46,7
A197025002,162,76,86,10,17,9,11,23,35,49,8
A197027001,94,53,41,10,7,2,23,14,17,12,9
A197027002,257,129,128,10,26,27,25,25,72,56,16
A197029001,176,96,80,16,24,26,23,24,46,13,4
A197031001,199,118,81,9,15,9,39,20,66,23,18
A197031002,165,87,78,6,7,8,24,21,40,37,22
A197031003,123,64,59,9,4,9,12,13,42,27,7
A197032001,132,65,67,1,14,14,9,4,54,25,11
A197032002,250,129,121,5,17,19,32,16,74,59,28
A197032003,254,124,130,9,32,10,16,25,65,72,25
A197032004,150,75,75,4,9,10,14,22,53,27,11
A197032005,201,109,92,18,24,13,13,31,45,41,16
A197032006,137,66,71,13,17,11,19,21,27,21,8
A197032007,230,110,120,12,24,22,22,19,79,25,27
A197032008/197032009,175,85,90,15,16,17,23,21,41,32,10
A197032010,196,90,106,14,22,10,32,27,44,32,15
A197032011,135,66,69,7,16,14,10,9,40,28,11
A197032012,284,133,151,21,27,31,33,26,92,30,24
A197032013,248,126,122,11,38,20,16,33,83,30,17
A197032014,188,104,84,7,25,17,23,15,60,26,15
A197032015,234,121,113,18,29,17,18,26,61,49,16
A197032016,164,89,75,11,13,14,12,19,48,38,9
A197034001,251,127,124,14,19,17,18,34,69,47,33
A197036001,155,89,66,11,10,12,22,22,38,23,17
A197037001,159,80,79,6,16,20,17,14,50,17,19
A197037002,124,65,59,9,10,6,8,22,23,37,9
A197039001,201,107,94,15,20,13,11,24,54,50,14
A197039002,137,59,78,7,9,10,16,13,39,25,18
A197040001,165,71,94,4,8,8,11,7,46,49,32
A197040002,258,122,136,33,39,29,34,54,58,10,1
A197040003,326,141,185,17,19,12,26,43,58,61,90
A197040004,191,97,94,15,20,19,12,18,60,37,10
A197040005,254,121,133,15,32,17,23,28,71,55,13
A197040006,268,136,132,14,31,27,45,35,80,21,15
A197041001,213,106,107,14,12,18,32,24,45,46,22
A197041002,157,82,75,17,16,5,18,37,38,21,5
A197042001,118,57,61,8,16,7,9,18,32,17,11
A197043001,202,86,116,18,13,8,9,27,28,25,74
A197043002,180,90,90,15,19,20,28,20,47,29,2
A197043003,72,40,32,0,2,2,11,5,17,26,9
A197046001,260,132,128,12,41,21,30,28,75,38,15
A197047001,256,134,122,17,16,21,43,31,70,44,14
A197048001,215,102,113,12,18,17,21,20,49,28,50
A197049001,271,130,141,14,38,28,34,25,85,35,12
A197049002,279,132,147,19,39,33,37,26,95,25,5
A197050001,259,134,125,20,32,31,23,28,79,28,18
A197052001/197052002,263,139,124,23,45,13,17,39,73,41,12
A197052003,262,139,123,18,23,21,35,30,76,38,21
A197052004,212,98,114,22,25,13,19,33,58,22,20
A197052005,175,83,92,11,17,20,21,14,47,32,13
A197052006,132,67,65,6,21,11,14,12,36,24,8
A197053001,173,93,80,8,19,8,25,18,47,32,16
A197053002,280,134,146,24,25,22,41,35,63,40,30
A197055001,194,98,96,8,21,15,20,23,58,29,20
A197058001,155,83,72,1,13,13,23,8,57,28,12
A197059001,291,148,143,27,21,16,31,45,65,30,56
A197059002,542,425,117,16,32,23,165,125,117,48,16
A197059003,104,57,47,5,11,1,15,16,28,18,10
A197059004,99,53,46,1,3,2,7,8,31,34,13
A197060001,182,86,96,6,4,11,12,13,45,49,42
A197061001,203,100,103,18,19,5,33,30,59,28,11
A197061002,413,204,209,27,41,35,58,52,108,64,28
A197062001,335,167,168,13,39,25,38,33,93,63,31
A197062002,231,114,117,12,21,24,42,13,73,25,21
A197062003,174,90,84,9,16,6,14,20,50,43,16
A197062004,170,92,78,8,27,13,13,26,34,38,11
A197062005,151,72,79,2,13,10,19,9,51,35,12
A197063001,268,125,143,13,37,23,27,32,83,38,15
A197063002,126,64,62,6,12,14,9,14,37,27,7
A197063003,148,78,70,9,12,14,14,21,33,35,10
A197064001/197064002,324,162,162,14,26,37,41,28,110,45,23
A197064003,252,121,131,13,19,26,29,30,76,43,16
A197065001,172,83,89,17,14,17,17,25,54,21,7
A197065002,217,93,124,15,39,11,24,59,46,18,5
A197066001,194,93,101,10,13,14,16,24,52,40,25
A197066002,114,51,63,8,5,2,6,13,17,20,43
A197067001,228,107,121,11,21,13,32,30,56,46,19
A197067002,227,122,105,16,25,17,30,27,59,37,16
A197069001,150,81,69,9,13,9,21,26,37,31,4
A197070001,171,88,83,10,15,17,11,18,49,38,13
A197071001,182,97,85,4,12,20,16,19,56,36,19
A197071002,204,99,105,9,20,25,28,21,72,19,10
A197071003,300,147,153,19,35,42,32,30,96,38,8
A197072001,217,109,108,14,23,15,23,23,60,46,13
A197072002,291,148,143,22,35,36,34,38,82,31,13
A197073001,159,78,81,7,13,18,14,11,45,35,16
A197074001,411,203,208,18,33,46,63,47,133,50,21
A197075001,208,108,100,5,13,20,25,12,78,41,14
A197076001,188,96,92,1,21,28,17,9,61,35,16
A197077001,191,102,89,9,14,17,23,17,45,50,16
A197078001/197078002,120,71,49,4,11,5,16,10,40,22,12
A197079001,162,86,76,6,15,11,18,7,60,31,14
A197079002,155,77,78,7,10,18,18,12,48,30,12
A197083001,332,164,168,16,41,32,29,42,109,45,18
A197084001/197089001,243,127,116,15,22,22,30,28,76,34,16
A197086001,156,87,69,8,16,23,15,14,48,19,13
A197088001,135,69,66,10,16,6,13,16,34,28,12
A197088002,227,112,115,18,24,18,37,35,53,27,15
A197088003,162,81,81,7,16,10,21,18,40,27,23
A197088004,182,81,101,15,25,16,26,27,43,19,11
A197091001,87,44,43,5,9,3,10,7,26,19,8
A197091002,158,85,73,3,11,9,16,14,51,44,10
A197091003,155,80,75,4,15,14,14,14,57,23,14
A197091004,157,80,77,10,19,7,8,20,43,36,14
A197092001,156,77,79,13,13,12,6,22,40,31,19
A197092002,182,95,87,14,19,12,32,26,53,20,6
A197093001,234,120,114,23,23,24,22,31,51,45,15
A197093002,168,82,86,12,13,22,19,19,54,16,13
A197095001,326,166,160,22,32,34,24,40,106,50,18
A197095002,410,184,226,16,18,22,48,43,105,125,33
A197096001,125,70,55,7,10,7,20,15,37,25,4
A197096002,246,119,127,13,22,28,42,27,64,36,14
A197096003,161,85,76,11,15,6,16,24,33,45,11
A197096004,231,117,114,14,34,24,28,29,61,30,11
A197097001,157,83,74,5,12,16,13,10,52,30,19
A197097002,109,59,50,5,14,11,3,19,33,16,8
A197097003,216,104,112,15,17,20,23,18,66,47,10
A197097004,362,182,180,30,36,24,40,46,123,41,22
A197097005,148,74,74,12,14,10,12,23,36,33,8
A197097006,318,157,161,21,35,31,24,35,100,46,26
A197097007,191,107,84,16,10,8,16,20,65,43,13
A197097008,125,63,62,14,9,7,9,15,46,21,4
A197097009,119,62,57,7,6,9,9,11,38,32,7
A197097010,127,66,61,6,9,11,15,12,37,23,14
A197097011,186,91,95,13,17,20,21,18,56,29,12
A197097012,208,109,99,8,24,16,22,24,64,37,13
A197097013,274,135,139,17,32,33,25,33,79,41,14
A197097014,193,103,90,11,11,14,26,27,44,43,17
A197097015,120,55,65,17,18,6,6,18,34,15,6
A197097016,310,157,153,18,39,24,20,48,98,45,18
A197097017,178,101,77,16,19,13,13,21,47,38,11
A197097018,252,135,117,16,20,30,26,22,81,43,14
A197098001,277,141,136,21,35,29,29,41,77,28,17
A197098002,336,177,159,17,26,36,39,49,101,48,20
A197098003,318,162,156,17,26,39,37,28,101,48,22
A197098004,363,173,190,26,49,53,37,27,115,47,9
A197098005,287,144,143,8,28,28,27,21,101,64,10
A197098006,326,143,183,24,11,18,38,35,84,83,33
A197098007,208,116,92,12,26,18,22,21,48,46,15
A197098008,111,58,53,3,4,10,11,14,31,28,10
A197098009,176,97,79,6,19,18,10,9,57,33,24
A197099001,233,114,119,13,35,21,20,30,58,41,15
A197100001,180,91,89,23,16,11,30,39,38,18,5
A197101001,153,68,85,22,20,18,18,14,33,18,10
A197101002,368,191,177,18,51,38,35,42,112,40,32
A197102001,334,169,165,24,33,31,25,53,99,46,23
A197102002,226,121,105,5,30,22,23,20,69,36,21
A197103001,176,92,84,5,15,18,24,17,53,23,21
A197103002,180,78,102,7,12,21,27,7,63,26,17
A197103003,169,85,84,8,15,9,26,15,53,31,12
A197103004,240,126,114,16,19,22,20,30,70,37,26
A197103005,169,64,105,6,6,13,24,23,50,41,6
A197103006,130,60,70,6,5,17,16,10,40,19,17
A197106001,237,129,108,14,34,23,21,30,58,42,15
A197106002,165,79,86,13,14,12,18,26,41,29,12
A197106003,290,134,156,37,45,31,21,56,72,21,7
A197106004,185,95,90,12,12,17,20,22,59,28,15
A197108001,206,100,106,18,30,14,26,22,54,24,18
A197108002,204,101,103,19,17,19,21,30,61,22,15
A197109001,208,110,98,13,21,21,11,20,70,37,15
A197110001,129,65,64,4,9,6,10,12,40,36,12
A197111001,231,112,119,17,24,22,19,27,53,55,14
A207004001,200,101,99,8,19,17,27,13,56,43,17
A207004002,339,168,171,23,44,46,47,57,79,34,9
A207005001/207005002,215,108,107,25,28,19,27,35,56,20,5
A207007001,241,104,137,34,42,19,20,71,47,4,4
A207007002,545,251,294,20,51,52,53,49,131,61,128
A207008001,274,119,155,14,29,22,17,25,65,31,71
A207008002,401,203,198,38,61,39,42,73,115,21,12
A207009001,179,84,95,21,26,17,22,40,39,11,3
A207009002,309,148,161,28,45,30,26,76,69,33,2
A207009003,352,173,179,35,36,30,36,73,93,35,14
A207009004,223,106,117,13,25,29,19,23,63,37,14
A207009005,186,87,99,10,40,22,27,32,43,10,2
A207009006,335,166,169,31,41,25,31,61,97,39,10
A207009007,234,115,119,18,11,8,37,29,52,53,26
A207009008,179,94,85,13,9,8,29,41,42,25,12
A207009009,191,89,102,12,12,10,17,33,42,36,29
A207009010,169,84,85,16,8,13,34,21,37,28,12
A207010001,106,52,54,11,8,5,18,16,22,17,9
A207010002,133,67,66,3,2,8,20,19,49,22,10
A207011001,190,103,87,11,8,10,31,54,51,13,12
A207011002,164,90,74,11,15,7,15,23,43,29,21
A207012001,168,81,87,14,14,13,18,16,50,25,18
A207012002,188,95,93,9,24,16,16,20,63,24,16
A207012003,188,97,91,11,25,17,14,12,69,17,23
A207012004,224,119,105,13,17,16,25,46,57,32,18
A207012005/207012007,288,127,161,25,45,20,32,48,75,36,7
A207012006,250,135,115,12,15,23,25,23,72,53,27
A207013001,119,56,63,3,6,9,12,11,38,22,18
A207017001,133,66,67,16,14,9,21,22,31,15,5
A207019001,149,82,67,2,16,13,19,12,54,27,6
A207019002,247,121,126,11,15,23,17,31,88,46,16
A207019003,256,124,132,17,22,21,33,42,72,37,12
A207019004,233,108,125,16,28,28,31,23,73,24,10
A207019005,123,66,57,11,14,8,9,11,38,20,12
A207019006,136,66,70,7,11,10,16,18,43,22,9
A207019007,314,160,154,20,38,21,35,49,74,56,21
A207019008,166,81,85,6,14,12,19,16,49,36,14
A207020001,191,83,108,9,26,11,13,21,57,41,13
A207020002,334,170,164,15,33,33,36,40,98,41,38
A207020003,243,127,116,14,18,19,27,20,84,36,25
A207021001,242,125,117,9,32,23,26,16,76,43,17
A207021002,191,89,102,28,19,13,14,58,36,11,12
A207026001,163,81,82,13,15,4,18,24,42,32,15
A207026002/207026005,315,155,160,26,30,33,30,35,104,30,27
A207026003,321,164,157,22,43,34,53,47,90,28,4
A207026004,273,134,139,14,22,25,37,38,79,44,14
A207026006,170,92,78,4,14,15,20,16,58,31,12
A207027001/207027003/207027004,193,97,96,10,14,14,20,30,59,36,10
A207027002,368,186,182,45,56,35,25,67,86,41,13
A207027005,267,129,138,31,46,30,33,44,66,10,7
A207029002,162,70,92,4,5,2,24,15,23,38,51
A207030001,195,93,102,17,25,13,14,25,44,37,20
A207030002,182,89,93,7,18,18,17,23,48,42,9
A207030003,99,47,52,1,5,1,12,8,24,33,15
A207030004,204,115,89,8,11,7,32,27,52,48,19
A207030005,285,144,141,15,44,41,18,21,98,33,15
A207030006,190,99,91,16,22,9,28,21,72,11,11
A207030007,158,81,77,10,16,17,22,22,47,18,6
A207030008,173,87,86,9,14,20,18,15,66,15,16
A207030009,204,94,110,6,13,16,28,12,70,52,7
A207030010,170,92,78,8,16,10,22,25,51,30,8
A207030011/207030012,167,85,82,13,13,13,14,29,40,32,13
A207030013,118,55,63,7,7,7,13,16,34,23,11
A207030014,236,107,129,26,25,15,24,57,50,30,9
A207031002,160,73,87,9,13,12,14,15,61,23,13
A207032001,149,73,76,8,17,13,16,10,32,32,21
A207032003,114,64,50,3,4,6,14,10,33,27,17
A207033002,152,88,64,5,17,12,20,16,46,24,12
A207033003,134,74,60,6,4,12,23,12,32,35,10
A207037001,215,91,124,6,12,13,70,10,55,36,13
A207037002,224,114,110,13,19,23,25,22,63,48,11
A207037003,197,94,103,4,12,25,34,9,63,39,11
A207038001/207038005,164,78,86,6,16,16,14,18,56,22,16
A207038002,186,91,95,13,18,3,17,21,54,47,13
A207038003,249,125,124,14,25,22,22,30,66,56,14
A207038004,257,128,129,13,22,32,31,15,88,35,21
A207038006,317,170,147,24,40,28,23,34,99,54,15
A207038007,365,182,183,25,39,35,47,42,98,52,27
A207038008,173,91,82,17,18,8,18,21,51,29,11
A207039001,214,109,105,13,18,19,25,21,63,36,19
A207040001,170,83,87,11,17,8,22,13,50,40,9
A207040002,84,44,40,7,5,2,12,10,27,16,5
A207041001,154,80,74,10,11,9,15,21,41,29,18
A207041002,212,111,101,17,28,17,9,29,56,37,19
A207044001,176,85,91,10,16,14,18,13,53,34,18
A207048001,283,132,151,24,38,26,32,48,66,31,18
A207049001,180,86,94,17,21,15,14,30,49,22,12
A207049002,143,70,73,21,20,7,21,39,25,8,2
A207050001/207050002,155,66,89,14,26,12,16,27,39,12,9
A207050003,191,98,93,16,36,14,19,35,61,10,0
A207050004,278,143,135,24,43,13,30,42,92,30,4
A207050005,296,134,162,27,54,24,36,63,66,23,3
A207050006,314,164,150,44,57,19,21,93,71,7,2
A207050007,159,73,86,22,19,15,16,39,38,7,3
A207050008,130,66,64,6,8,10,17,18,40,23,8
A207050009,154,75,79,20,24,12,24,37,27,8,2
A207050010,134,70,64,8,16,17,6,10,49,12,16
A207052001,188,105,83,10,25,17,16,25,51,39,5
A207052002,148,83,65,8,11,6,9,15,36,46,17
A207053001,181,95,86,11,20,12,13,20,58,31,16
A207053002,162,78,84,9,18,15,15,28,44,24,9
A207055001,197,104,93,14,22,20,18,22,67,22,12
A207055002,208,114,94,5,24,19,23,16,73,39,9
A207055003,261,129,132,23,32,28,24,44,67,33,10
A207055004/207055008,271,136,135,11,23,12,24,30,62,76,33
A207055005,181,94,87,8,14,8,20,27,38,52,14
A207055006,272,135,137,14,22,25,33,20,85,56,17
A207055007,233,102,131,6,13,9,25,26,49,67,38
A207055009,206,102,104,10,24,18,13,21,51,48,21
A207055010,367,146,221,8,29,24,36,41,138,69,22
A207055011,184,99,85,7,11,25,12,15,49,40,25
A207055012,271,130,141,15,33,26,18,36,77,47,19
A207055013,319,158,161,6,10,23,26,41,70,107,36
A207055014,313,144,169,19,26,26,26,31,100,57,28
A207055015,293,155,138,15,27,35,32,35,93,40,16
A207055016,178,88,90,13,13,12,21,26,62,19,12
A207056001,212,114,98,13,31,22,15,20,73,30,8
A207056002,293,148,145,21,36,30,23,35,73,52,23
A207058001,186,98,88,13,14,11,19,28,50,40,11
A207058002,214,105,109,4,35,26,24,23,63,22,17
A207059001,219,121,98,7,15,15,27,17,69,44,25
A207059002,149,78,71,9,10,12,17,17,46,27,11
A207059003,189,94,95,14,16,15,25,31,43,27,18
A207060001,120,61,59,13,9,3,9,20,25,31,10
A207060002,236,131,105,15,26,28,30,24,67,37,9
A207060003,204,108,96,11,30,11,24,17,58,34,19
A207060004,268,128,140,28,28,15,39,52,55,35,16
A207060005,270,137,133,19,20,16,35,20,80,59,21
A207060006,168,88,80,6,12,22,17,17,53,22,19
A207060007,158,68,90,8,4,14,20,27,45,23,17
A207061001/207061003,147,71,76,19,9,6,16,28,38,23,8
A207061002,122,67,55,1,2,12,12,12,39,31,13
A207061004,167,90,77,8,24,10,21,19,43,31,11
A207061005,220,109,111,15,20,20,19,20,50,62,14
A207064001,76,36,40,3,3,1,3,12,18,26,10
A207066001,231,127,104,20,24,12,20,37,67,37,14
A207066002,195,101,94,16,15,19,18,26,59,25,17
A207066003,221,118,103,13,31,24,12,20,76,35,10
A207067001,252,130,122,14,28,18,26,24,76,50,16
A207068001,219,109,110,13,18,18,27,21,65,51,6
A207069001,248,124,124,13,22,31,24,28,63,46,21
A207071001,212,112,100,11,20,13,21,28,56,50,13
A207071002,233,117,116,12,30,29,25,18,92,12,15
A207071003,342,167,175,42,41,19,42,91,71,32,4
A207071004/207071026,204,104,100,6,10,14,21,22,51,57,23
A207071005,224,119,105,10,17,19,23,20,67,40,28
A207071006,128,69,59,1,12,12,12,5,48,25,13
A207071007,192,95,97,11,22,13,17,21,55,35,18
A207071008,145,64,81,9,17,10,13,15,35,29,17
A207071009,155,81,74,13,19,11,7,26,37,25,17
A207071010,223,119,104,11,31,26,13,21,66,37,18
A207071011,145,69,76,4,7,4,33,37,33,21,6
A207071012,177,78,99,7,16,10,12,21,47,45,19
A207071013,196,94,102,14,16,7,21,32,52,40,14
A207071014,208,95,113,6,16,22,30,26,69,21,18
A207071015,259,131,128,15,34,31,24,34,94,22,5
A207071016,248,118,130,14,14,13,29,23,84,52,19
A207071017,448,219,229,44,76,37,30,65,123,30,43
A207071018,175,68,107,14,16,21,15,39,51,15,4
A207071019,239,108,131,28,34,10,19,60,57,22,9
A207071020,225,111,114,11,15,12,21,14,73,54,25
A207071021,331,164,167,11,41,33,34,23,102,64,23
A207071022,186,94,92,3,12,14,11,14,48,58,26
A207071023,416,202,214,41,60,38,34,70,133,31,9
A207071024,269,125,144,11,26,24,48,32,84,34,10
A207071025,168,76,92,16,7,4,36,74,25,6,0
A207071027,236,105,131,31,30,16,22,39,53,34,11
A207071028,196,103,93,18,18,20,12,21,50,46,11
A207071029,188,100,88,14,26,14,13,21,52,37,11
A207071030,177,97,80,10,18,22,17,10,53,30,17
A207071031,223,112,111,17,24,15,17,27,77,36,10
A207071032,165,77,88,6,17,17,21,11,68,16,9
A207071033,363,184,179,43,68,19,32,87,89,17,8
A207071034,220,110,110,17,19,21,20,26,71,35,11
A207073001,226,104,122,8,12,22,30,26,63,52,13
A207076001,197,90,107,21,29,20,29,32,44,19,3
A207080001,194,88,106,16,19,16,33,32,48,20,10
A207081001,255,143,112,12,35,24,29,27,70,35,23
A207081002,193,102,91,21,16,9,15,26,60,35,11
A207081003,240,120,120,11,27,31,28,41,60,32,10
A207081004,123,66,57,5,14,11,15,5,41,28,4
A207081005,167,86,81,11,15,10,14,16,54,35,12
A207081006,203,99,104,17,15,12,18,24,49,36,32
A207081007,284,123,161,25,22,26,41,47,72,48,3
A207081008,193,91,102,23,26,8,18,38,45,22,13
A207081009,161,72,89,8,5,4,23,36,35,20,30
A207081010,214,104,110,15,20,20,30,36,53,24,16
A207081011/207081020,186,100,86,8,7,11,26,21,54,40,19
A207081012,257,131,126,17,31,22,31,36,82,24,14
A207081013,138,73,65,12,15,6,22,30,31,13,9
A207081014,218,108,110,8,15,15,31,27,49,59,14
A207081015,163,104,59,1,3,0,26,33,58,35,7
A207081016,221,105,116,14,13,12,24,34,62,43,19
A207081017,196,95,101,16,13,4,29,56,37,32,9
A207081018,193,98,95,7,9,4,27,35,48,44,19
A207081019,312,138,174,20,41,18,32,49,83,46,23
A207081021,227,106,121,12,20,15,14,20,53,58,35
A207081022,248,112,136,9,34,39,26,19,96,23,2
A207081023,160,79,81,4,4,14,33,20,51,28,6
A207081024,312,140,172,7,31,49,23,19,122,43,18
A207081025,176,87,89,9,16,9,20,19,46,36,21
A207082001,118,76,42,3,3,4,48,25,28,6,1
A207082002,148,76,72,5,3,2,66,32,28,6,6
A207082003,311,147,164,30,59,42,48,46,72,14,0
A207082004,257,131,126,37,41,9,32,97,34,5,2
A207082005/207082006,198,100,98,27,23,14,29,60,43,1,1
A207082007,104,56,48,2,1,2,36,22,18,14,9
A207082008,242,115,127,10,13,20,37,36,89,30,7
A207082009,255,119,136,17,13,13,33,32,57,64,26
A207082010,228,111,117,13,22,19,45,37,59,25,8
A207082011,143,68,75,9,15,8,21,21,33,20,16
A207082012,261,129,132,17,28,24,32,42,77,29,12
A207082013,335,159,176,43,60,26,38,80,73,11,4
A207082014,287,128,159,8,23,14,27,38,79,61,37
A207082015,270,94,176,2,6,5,26,22,44,65,100
A207082016,269,134,135,7,27,37,30,23,84,36,25
A207082017,349,182,167,36,43,26,40,53,103,35,13
A207082018,309,155,154,22,23,41,35,30,97,39,22
A207082019,226,111,115,13,22,32,15,31,52,49,12
A207082020,247,132,115,13,24,30,26,21,67,52,14
A207082021,269,124,145,25,38,32,13,35,71,36,19
A207082022,227,113,114,19,35,25,16,22,61,36,13
A207082023,223,106,117,20,31,23,42,41,54,7,5
A237007001,205,96,109,6,17,9,22,35,54,33,29
A237018001,190,83,107,8,6,9,24,13,30,38,62
A237040001,238,123,115,17,20,10,51,45,46,44,5
A237048001,163,81,82,9,20,19,13,15,55,20,12
A237090001,170,90,80,14,15,15,22,22,47,26,9
A237090002,277,125,152,23,25,35,38,53,82,16,5
A237098001,274,140,134,24,45,28,38,64,60,14,1
