house..sa_id,house..total_households,house..one_person_household,house..couple_no_dependent_children,house..couple_dependent_children,house..lone_parent_dependent_children,house..other_household_no_dependent_children,house..other_household_dependent_children
A027001001,142,44,27,26,14,30,1
A027001002,99,21,23,25,16,8,6
A027001003,92,34,15,14,11,15,3
A027001004,65,12,15,32,6,0,0
A027002001,61,8,20,24,6,2,1
A027002002,61,19,16,18,3,3,2
A027002003,62,11,19,26,5,0,1
A027002004,63,19,16,21,5,2,0
A027002005,65,10,19,24,10,1,1
A027003001,82,18,20,31,10,2,1
A027003002,57,17,10,24,2,2,2
A027004001,89,26,18,27,12,4,2
A027004002,63,15,9,29,6,1,3
A027004003,60,9,19,21,7,3,1
A027004004,74,17,17,30,6,2,2
A027004005,83,25,10,35,5,3,5
A027004006,96,13,25,40,12,2,4
A027004007,99,19,29,37,4,4,6
A027004008,87,11,18,44,9,3,2
A027004009,97,25,19,37,12,1,3
A027004010,65,9,19,28,6,1,2
A027004011,67,18,15,21,5,6,2
A027004012,91,12,18,43,8,6,4
A027004013,76,20,17,27,5,3,4
A027004014,80,20,11,34,11,2,2
A027004015,59,19,12,17,6,3,2
A027004016,86,32,12,27,12,2,1
A027004017,83,21,11,26,21,2,2
A027004018,90,50,13,12,11,1,3
A027005001,97,37,22,15,14,6,3
A027005002,72,48,8,9,1,5,1
A027006001,88,24,24,34,2,2,2
A027006002,72,13,11,35,8,0,5
A027006003,72,15,19,27,4,4,3
A027006004,79,21,17,30,9,2,0
A027006005,63,18,11,28,3,2,1
A027006006,56,23,8,17,8,0,0
A027006007,62,22,20,9,7,1,3
A027006008,71,18,13,30,7,1,2
A027007001,76,17,11,32,9,3,4
A027007002,117,37,15,49,3,8,5
A027007003,76,24,18,26,3,3,2
A027007004,95,27,19,42,3,2,2
A027008001,101,22,16,46,10,2,5
A027008002,85,19,22,26,12,3,3
A027008003,112,35,21,35,12,6,3
A027008004,100,22,16,47,5,3,7
A027008005,71,12,9,29,8,7,6
A027008006,85,14,17,36,3,6,9
A027008007,86,13,11,36,11,6,9
A027008008,84,20,12,25,15,5,7
A027008009,94,23,14,31,10,11,5
A027008010,69,19,6,27,7,5,5
A027008011,70,12,10,25,6,8,9
A027008012,100,27,10,34,13,6,10
A027009001,101,22,23,39,9,2,6
A027009002,103,21,19,42,11,5,5
A027009003,109,11,18,59,13,3,5
A027009004,59,17,8,27,2,4,1
A027010001,61,13,11,24,5,5,3
A027011001,69,19,16,28,2,1,3
A027011002,74,10,21,36,3,2,2
A027011003,97,26,22,39,9,1,0
A027012001,76,21,15,32,4,3,1
A027012002,73,23,11,26,7,2,4
A027012003,72,20,17,26,3,3,3
A027012004,86,27,16,26,13,3,1
A027012005,113,22,24,46,9,5,7
A027012006,93,29,12,28,22,1,1
A027013001,99,32,17,25,16,9,0
A027013002,115,20,19,51,17,7,1
A027013003,59,8,12,31,6,0,2
A027013004,88,17,12,36,17,4,2
A027013005,110,48,15,24,13,6,4
A027013006,89,28,18,34,4,4,1
A027013007,66,26,14,21,2,2,1
A027013008,52,29,13,5,2,2,1
A027013009,92,54,16,8,7,6,1
A027014001,36,15,9,10,2,0,0
A027015001,81,28,12,25,6,8,2
A027016001,63,15,13,13,19,2,1
A027017001,33,16,6,9,0,0,2
A027017002,61,18,10,21,8,3,1
A027018001,72,18,14,25,10,3,2
A027018002,123,31,24,47,17,4,0
A027019001,57,16,13,17,8,0,3
A027020001,86,22,17,31,7,4,5
A027020002,106,22,24,43,10,4,3
A027021001,78,15,18,35,3,5,2
A027021002,84,18,17,36,3,2,8
A027022001,104,18,20,46,8,3,9
A027022002,63,13,15,24,6,2,3
A027022003,78,18,14,30,7,6,3
A027022004,95,19,18,39,10,3,6
A027023001,72,10,17,33,5,4,3
A027024001,66,15,15,28,4,2,2
A027024002,63,8,15,28,6,2,4
A027024003,103,22,21,42,5,5,8
A027024004,78,13,14,39,4,5,3
A027024005,130,34,14,59,14,5,4
A027024006,86,11,11,42,10,6,6
A027024007,120,22,30,48,8,7,5
A027024008,95,14,13,48,15,3,2
A027024009,74,13,12,33,8,3,5
A027024010,119,11,15,59,13,12,9
A027024011,84,9,4,47,15,2,7
A027024012,80,9,14,41,9,4,3
A027024013,81,21,15,25,12,7,1
A027024014,109,27,17,49,8,4,4
A027024015,102,34,17,28,8,11,4
A027024016,66,38,10,11,2,3,2
A027024017,38,8,7,22,1,0,0
A027024018,93,14,32,38,9,0,0
A027024019,117,35,25,33,9,6,9
A027024020,89,25,13,43,3,2,3
A027024021,114,26,13,39,14,15,7
A027024022,121,36,35,29,9,6,6
A027024023,135,15,32,55,19,9,5
A027024024,90,20,8,36,11,10,5
A027024025,112,23,20,43,15,5,6
A027024026,82,32,31,14,2,2,1
A027024027,128,23,17,49,30,4,5
A027024028,68,14,6,31,10,2,5
A027025001,107,13,29,52,10,1,2
A027025002,72,21,9,26,10,5,1
A027025003,69,13,12,20,5,16,3
A027025004,85,18,13,33,13,6,2
A027025005,63,33,14,6,3,6,1
A027025006,106,19,14,45,21,3,4
A027025007,93,38,17,27,3,5,3
A027025008,78,9,11,33,12,5,8
A027025009,93,40,16,17,12,4,4
A027025010,118,63,13,14,9,17,2
A027025011,81,19,12,18,14,8,10
A027025012,79,40,9,11,6,11,2
A027025013,100,19,19,39,10,9,4
A027025014,130,32,16,47,30,3,2
A027025015,78,44,8,9,10,4,3
A027025016,59,27,11,12,2,7,0
A027025017,76,28,11,16,12,7,2
A027025018,55,27,8,4,4,10,2
A027026001,87,47,12,14,6,7,1
A027026002,111,44,23,22,12,7,3
A027027001,74,19,5,25,12,10,3
A027027002,125,16,26,66,7,4,6
A027027003,137,17,27,72,11,3,7
A027027004,101,24,12,56,6,1,2
A027028001,91,19,23,31,10,5,3
A027028002,102,24,19,44,9,2,4
A027028003,87,22,16,33,11,1,4
A027028004,67,16,13,23,11,2,2
A027028005,66,31,7,16,6,6,0
A027028006,91,32,21,27,6,2,3
A027028007,79,32,12,29,4,1,1
A027028008,91,47,14,17,8,3,2
A027029001,51,21,11,9,4,2,4
A027030001,129,41,26,35,23,1,3
A027030002,126,50,17,38,15,2,4
A027031001,95,21,20,39,9,4,2
A027031002,67,19,11,29,4,2,2
A027032001,96,27,21,38,6,3,1
A027032002,109,17,22,58,8,3,1
A027032003,87,23,9,48,2,3,2
A027033001,57,15,12,21,5,2,2
A027033002,71,16,8,35,7,2,3
A027034001,56,13,10,24,4,3,2
A027035001,116,27,22,47,7,3,10
A027035002,117,34,14,53,8,4,4
A027035003,126,29,18,60,11,5,3
A027036001,82,24,15,31,6,1,5
A027036002,66,16,14,24,3,3,6
A027037001,98,23,20,40,8,3,4
A027038001/027047001,79,15,15,37,8,3,1
A027039001,72,17,18,28,4,2,3
A027040001,36,14,6,11,0,4,1
A027041001,51,17,6,15,4,5,4
A027042001,52,14,13,17,5,1,2
A027042002,50,11,12,19,4,3,1
A027043001,62,24,8,15,7,6,2
A027043002,74,20,6,36,4,2,6
A027044001,69,14,13,31,6,4,1
A027044002,104,26,22,39,11,2,4
A027045001,110,21,20,50,10,5,4
A027045002,102,18,17,52,11,2,2
A027045003,80,18,19,34,5,3,1
A027046001,57,11,7,31,4,3,1
A027046002,67,9,15,35,5,2,1
A027048001,62,14,13,28,3,3,1
A027048002,101,19,19,44,12,3,4
A027049001,80,19,15,36,5,1,4
A027050001,71,17,12,36,4,0,2
A027050002,72,8,15,34,9,1,5
A027051001,72,16,18,31,4,2,1
A027051002,108,25,21,47,8,3,4
A027052001,84,20,20,35,4,2,3
A027052002,74,15,17,35,4,1,2
A027052003,75,19,13,31,5,2,5
A027052004,61,18,11,19,7,4,2
A027052005,73,12,10,41,7,1,2
A027053001,75,15,15,29,10,3,3
A027053002,57,13,13,22,5,1,3
A027054001/027054003,63,18,12,25,3,2,3
A027054002,65,12,13,28,9,3,0
A027055001,78,19,14,34,4,4,3
A027056001,105,26,23,35,14,7,0
A027056002,83,19,13,40,6,3,2
A027057001,114,32,11,56,7,4,4
A027057002,68,12,13,33,6,4,0
A027057003,58,18,7,26,4,2,1
A027057004,73,14,12,38,3,4,2
A027057005,61,11,14,22,5,5,4
A027057006,62,9,12,28,5,3,5
A027058001/027085001,85,23,22,28,7,2,3
A027059001,78,28,12,23,15,0,0
A027059002,70,24,20,11,9,2,4
A027060001,49,11,10,17,4,6,1
A027060002,94,19,22,33,10,2,8
A027060003,61,20,8,24,5,2,2
A027061001,63,16,17,23,5,1,1
A027061002,74,15,17,29,4,4,5
A027061003,68,10,18,33,5,2,0
A027061004,88,11,19,45,7,2,4
A027062001,124,28,18,59,11,4,4
A027064001,122,14,26,56,15,4,7
A027064002,101,28,18,41,7,2,5
A027065001,110,16,29,48,9,3,5
A027065002,70,17,14,27,10,0,2
A027066001,85,13,15,43,6,6,2
A027066002,82,16,14,41,3,2,6
A027067001,73,15,8,33,8,6,3
A027067002,74,17,12,31,5,3,6
A027068001,87,22,8,41,9,2,5
A027069001,62,9,14,27,7,3,2
A027069002,70,11,16,36,6,1,0
A027070001,103,23,24,41,8,4,3
A027070002,56,16,7,22,7,2,2
A027070003,70,15,11,30,8,4,2
A027071001,72,13,14,35,5,3,2
A027071002,60,9,11,31,4,1,4
A027072001,72,26,16,24,6,0,0
A027072002,69,16,18,22,6,4,3
A027072003,75,24,16,25,6,4,0
A027072004,86,11,14,43,8,1,9
A027072005,76,17,20,28,6,1,4
A027072006,85,14,16,39,9,3,4
A027072007,99,22,21,44,7,2,3
A027073001,72,9,15,37,5,5,1
A027073002,90,16,15,36,14,3,6
A027073003,67,7,14,35,4,4,3
A027073004,102,27,14,42,14,2,3
A027073005,94,22,25,42,2,1,2
A027073006,122,13,18,67,14,4,6
A027073007,100,25,24,36,7,5,3
A027074001,114,22,18,50,14,2,8
A027074002,133,28,29,50,22,2,2
A027074003,87,20,15,40,9,1,2
A027074004,108,15,28,46,9,3,7
A027075001/027088001,108,27,16,46,6,3,10
A027076001,80,11,17,37,8,1,6
A027076002,69,13,7,37,7,1,4
A027077001,71,21,20,19,6,3,2
A027077002,74,16,17,28,8,3,2
A027078001,89,29,18,26,13,2,1
A027078002,79,17,14,35,7,5,1
A027078003,73,13,23,30,3,3,1
A027079001,58,19,12,21,2,3,1
A027079002,85,15,14,41,10,2,3
A027079003,88,33,16,25,8,5,1
A027079004,68,10,12,33,8,2,3
A027079005,81,17,14,38,3,5,4
A027080001,80,19,17,33,8,1,2
A027080002,106,40,14,19,21,8,4
A027081001,109,25,13,41,12,12,6
A027082001,68,15,14,29,6,2,2
A027082002,69,19,11,26,5,5,3
A027082003,62,11,18,24,4,2,3
A027083001,101,27,20,44,3,3,4
A027083002,77,12,17,37,6,2,3
A027083003,90,27,19,31,7,4,2
A027084001,63,20,17,21,3,1,1
A027084002,41,20,4,8,4,2,3
A027086001,47,12,12,14,2,4,3
A027086002,108,24,20,44,9,9,2
A027087001,96,13,11,59,8,2,3
A027087002,51,16,9,19,3,2,2
A027089001,56,14,16,19,4,2,1
A027089002,85,17,15,34,12,3,4
A027089003,106,27,18,48,5,2,6
A027090001,52,16,18,14,3,1,0
A027090002,39,14,9,13,3,0,0
A027091001,51,29,4,7,9,1,1
A027092001,78,21,17,36,2,0,2
A027092002,89,15,27,39,4,1,3
A027092002,89,15,27,39,4,1,3
A027092003,94,15,27,43,1,1,7
A027092004,86,19,25,30,7,1,4
A027092005,66,20,13,18,12,3,0
A027092006,102,33,3,26,31,4,5
A027092007,107,20,26,38,16,4,3
A027092008,119,38,20,48,8,4,1
A027092009,72,21,18,26,1,2,4
A027092010,74,16,14,36,6,1,1
A027092011,64,7,7,29,15,3,3
A027092012,77,25,25,18,6,2,1
A027092013,76,19,19,23,9,4,2
A027092014,88,22,19,21,9,13,4
A027092015,75,18,11,39,6,0,1
A027092016,118,18,32,47,11,5,5
A027092017,74,32,16,15,6,4,1
A027093001,83,18,21,33,3,3,5
A027093002,58,13,10,29,3,2,1
A027093003,117,20,18,65,9,1,4
A067018001,102,20,24,38,8,6,6
A067025001,38,16,4,12,1,4,1
A067025002,73,28,14,14,8,7,2
A067030001,135,21,25,71,9,6,3
A067030002,104,19,21,50,6,7,1
A067073002,42,15,9,11,2,3,2
A067111001,63,13,13,28,3,3,3
A067120001,87,31,17,23,7,6,3
A067120002,78,33,14,16,6,5,4
A067120003,52,16,9,16,3,6,2
A067206002,43,19,11,8,2,1,2
A067210001,68,15,12,32,5,3,1
A067210002,87,15,17,41,6,3,5
A117001001,147,32,19,62,21,9,4
A117002001/117003001,102,16,16,52,7,6,5
A117004001,96,11,13,44,10,12,6
A117004002,72,23,17,19,4,6,3
A117005001/117064001,55,31,3,8,2,9,2
A117006001,140,20,22,79,12,6,1
A117007001/117040001,86,19,16,38,5,4,4
A117008001,133,25,22,42,29,6,9
A117009001,84,34,14,20,11,3,2
A117009002,89,39,15,20,5,9,1
A117009003,105,33,13,29,18,7,5
A117009004,94,27,25,29,7,4,2
A117009005,101,23,23,32,17,4,2
A117009006,116,18,28,52,12,1,5
A117009007,96,19,16,41,14,2,4
A117010001,140,26,31,64,14,2,3
A117011001,144,17,36,65,12,4,10
A117012001,97,19,18,47,8,0,5
A117012002,92,13,19,46,3,9,2
A117013001,84,10,20,45,5,2,2
A117014001,114,16,29,52,7,4,6
A117015001,100,15,18,53,9,3,2
A117015002,104,26,19,49,5,1,4
A117015003,97,29,18,30,12,6,2
A117015004,76,10,15,34,8,3,6
A117015005,104,35,25,25,9,3,7
A117015006,63,20,13,24,2,2,2
A117015007,79,13,17,33,12,0,4
A117015008/117015018,97,14,12,47,14,3,7
A117015009,69,20,14,25,4,2,4
A117015010/117015017,62,24,9,14,12,2,1
A117015011,115,24,21,58,6,3,3
A117015012,104,18,12,60,9,3,2
A117015013,85,19,16,36,7,1,6
A117015014,116,17,24,56,10,6,3
A117015015,64,18,17,22,2,2,3
A117015016,88,21,21,38,5,1,2
A117015019,126,27,21,49,19,3,7
A117015020,70,20,12,26,6,4,2
A117015021,27,3,11,9,1,2,1
A117015022,85,30,14,31,5,3,2
A117016001,62,19,11,20,7,4,1
A117016002,64,14,17,23,8,2,0
A117017001,94,39,19,20,9,4,3
A117017002,90,26,27,26,7,1,3
A117017003,64,18,13,21,9,2,1
A117018001,79,27,21,18,5,6,2
A117019001,52,10,13,25,3,0,1
A117020001,67,21,18,23,3,0,2
A117021001,82,30,19,18,9,4,2
A117022001,104,30,22,29,12,10,1
A117022002,50,8,13,22,5,1,1
A117023001,45,22,3,7,10,1,2
A117023002,43,16,6,9,9,2,1
A117024001,57,18,11,22,4,1,1
A117024002,124,32,28,47,12,4,1
A117025001,60,20,16,15,5,3,1
A117026001,47,19,11,8,5,3,1
A117027001,109,38,23,38,4,3,3
A117027002,58,22,11,20,3,0,2
A117027003,72,30,18,15,7,1,1
A117027004,76,13,19,25,15,4,0
A117027005,123,19,22,62,11,4,5
A117027006,75,48,14,6,5,1,1
A117027007,41,21,11,2,2,4,1
A117027008,68,13,11,27,8,6,3
A117027009,113,44,30,24,8,4,3
A117028001,99,44,16,11,9,19,0
A117029001,80,45,16,8,3,8,0
A117029002,98,37,20,19,11,8,3
A117029003,68,24,4,18,10,10,2
A117030001,82,20,25,30,5,1,1
A117030002,67,10,16,34,4,1,2
A117030003,71,14,11,33,5,6,2
A117030004,101,31,18,31,12,4,5
A117030005,96,27,14,28,17,8,2
A117031001/117034001,44,6,10,18,4,4,2
A117032001,54,10,10,21,5,6,2
A117033001,52,9,7,27,4,3,2
A117035001,90,14,26,36,8,2,4
A117035002,64,22,13,20,4,2,3
A117035003,61,26,12,13,5,4,1
A117035004,63,13,15,28,3,2,2
A117035005,90,24,18,26,14,2,6
A117035006,56,12,14,22,6,1,1
A117035007,69,20,15,25,6,2,1
A117035008,94,21,22,39,7,4,1
A117036001,91,27,20,31,10,1,2
A117036002,74,32,12,21,8,1,0
A117036003,63,20,12,22,7,2,0
A117037001,70,23,16,23,6,0,2
A117038001,53,19,9,14,8,2,1
A117038002,68,20,17,21,7,0,3
A117039001,58,16,14,19,4,3,2
A117039002,69,15,15,25,12,2,0
A117039003,86,23,14,39,6,3,1
A117041001,62,23,16,17,4,0,2
A117042001,55,15,10,21,6,0,3
A117043001,63,13,22,23,4,0,1
A117044001,74,46,9,17,1,0,1
A117045001,60,15,12,26,4,2,1
A117046001,70,18,10,25,13,4,0
A117047001,70,12,25,21,8,2,2
A117048001,66,10,17,29,7,3,0
A117048002,57,19,13,16,5,2,2
A117049001/117076001,59,20,12,21,5,1,0
A117050001,80,18,21,31,7,2,1
A117050002,83,43,9,18,8,4,1
A117050004,52,14,11,19,5,2,1
A117051001,83,25,22,24,11,1,0
A117052001,65,12,14,32,4,1,2
A117052002/117052003,67,11,16,35,3,1,1
A117053001,38,11,8,11,3,4,1
A117053002,63,16,17,21,6,2,1
A117054001,72,28,13,20,5,4,2
A117055001,64,20,13,28,1,2,0
A117056001,63,22,13,18,3,3,4
A117057001,61,17,16,17,2,6,3
A117058001,68,19,7,27,15,0,0
A117058002,64,26,6,18,8,4,2
A117058003,90,29,21,26,10,3,1
A117058004,72,14,16,26,13,3,0
A117058005,45,11,6,19,6,2,1
A117059001,80,33,18,16,7,5,1
A117059002,66,14,8,35,5,1,3
A117059003/117059006,95,28,24,30,8,5,0
A117059004,105,24,24,38,12,3,4
A117059005,63,12,12,27,2,8,2
A117059007,109,27,34,35,7,6,0
A117060001,83,15,25,34,2,5,2
A117061001,60,21,11,23,0,2,3
A117061002,62,14,13,28,5,1,1
A117062001,66,20,17,21,6,1,1
A117062002,104,51,17,17,16,1,2
A117063001,64,23,8,25,4,2,2
A117063002,67,22,20,20,1,3,1
A117063003,89,24,12,41,7,3,2
A117063004,93,28,15,40,6,2,2
A117063005,50,19,7,20,2,0,2
A117063006,100,25,25,39,7,1,3
A117063007,106,23,35,38,5,4,1
A117063008,68,26,9,27,3,1,2
A117063009,60,18,13,20,6,2,1
A117063010,131,43,16,51,14,6,1
A117063011,71,10,14,31,8,5,3
A117065001,71,21,12,26,8,3,1
A117066001,66,16,14,25,6,3,2
A117066002,72,29,9,22,8,3,1
A117066003,68,23,12,27,3,0,3
A117066004,98,18,25,39,11,3,2
A117066005,75,12,20,29,9,4,1
A117066006,64,14,14,32,2,1,1
A117066007,71,18,16,30,4,2,1
A117066008,29,11,1,9,5,3,0
A117067001,50,13,14,16,5,0,2
A117068001,55,8,21,19,4,1,2
A117069001,99,45,28,18,5,2,1
A117070001/117070002,75,22,15,26,9,0,3
A117071001,71,25,10,23,10,3,0
A117072001,56,13,9,25,5,2,2
A117072002,109,31,16,42,13,3,4
A117072003/117072004,50,12,12,13,8,5,0
A117073001,59,9,18,25,3,1,3
A117074001,58,12,13,24,8,1,0
A117074002,81,18,18,32,7,5,1
A117075001,70,15,17,30,4,2,2
A117077001,42,9,7,21,2,2,1
A117077002,112,31,25,45,6,1,4
A117077003,69,14,17,26,10,1,1
A117077004,79,21,15,30,9,3,1
A117078001,79,26,18,29,4,2,0
A117078002,45,12,11,16,3,1,2
A137001001,32,9,3,8,6,2,4
A137001002,75,30,14,8,14,2,7
A137002001,87,51,14,7,10,3,2
A137002002,94,21,18,17,21,6,11
A137003001,85,18,5,17,29,7,9
A137003002,84,18,9,15,34,6,2
A137004001,88,23,9,16,24,4,12
A137004002,64,20,9,12,14,4,5
A137004003,96,28,19,18,21,5,5
A137005001,58,25,9,5,6,12,1
A137005002,101,32,26,21,3,18,1
A137006001,78,31,20,12,1,14,0
A137006002,58,22,17,5,1,13,0
A137007001,38,22,5,1,1,8,1
A137007002,67,29,13,6,3,15,1
A137007003,83,47,7,6,3,18,2
A137008001,98,45,11,8,3,29,2
A137008002,84,50,7,4,2,20,1
A137009001,89,58,15,6,6,4,0
A137009002,125,59,14,8,9,32,3
A137009003,118,30,9,44,19,8,8
A137009004,92,27,8,25,17,9,6
A137009005,116,34,15,14,22,23,8
A137009006,86,22,8,16,28,7,5
A137009007,108,36,13,22,20,5,12
A137009008,126,34,17,42,20,7,6
A137009009,92,17,14,37,15,6,3
A137009010,84,13,12,36,12,4,7
A137009011,122,15,20,59,20,1,7
A137009012,105,24,40,19,14,6,2
A137010001,106,10,24,50,15,3,4
A137011001,91,18,16,33,17,3,4
A137011002,81,8,8,44,13,5,3
A137011003,84,7,8,44,11,8,6
A137011004,103,27,21,31,14,3,7
A137012001,91,24,32,21,8,5,1
A137013001,89,14,18,43,8,3,3
A137013002,114,20,29,44,14,1,6
A137013003,109,15,10,58,16,3,7
A137013004,85,18,16,37,8,3,3
A137013005,113,20,39,38,8,3,5
A137013006,79,23,23,17,8,2,6
A137013007,88,25,16,19,16,7,5
A137013008,66,22,9,22,10,1,2
A137013009,54,16,10,15,8,3,2
A137014001,119,29,22,41,14,8,5
A137015001,122,34,22,53,9,2,2
A137015002,85,27,15,33,8,2,0
A137015003,81,18,20,29,7,5,2
A137016001,71,18,13,29,4,2,5
A137016002,91,21,17,41,5,5,2
A137016003,73,16,12,32,8,0,5
A137017001,76,13,15,42,3,1,2
A137017002,75,17,15,30,7,2,4
A137017003,128,28,22,38,31,6,3
A137018001,113,28,29,39,11,5,1
A137018002,62,11,11,25,11,3,1
A137019001,70,13,16,26,9,4,2
A137020001,74,18,10,29,12,2,3
A137020002,82,21,24,24,8,4,1
A137021001,95,33,15,25,15,2,5
A137021002,76,12,16,38,6,1,3
A137022001,96,21,21,36,11,4,3
A137023001,94,21,26,34,7,4,2
A137024001,74,11,17,29,10,3,4
A137025001,63,16,12,16,9,6,4
A137025002,88,19,16,29,8,10,6
A137026001,129,26,33,41,15,11,3
A137026002,87,39,18,17,3,9,1
A137027001,83,36,9,14,7,14,3
A137027002,88,28,8,26,18,4,4
A137027003,70,29,8,17,6,5,5
A137027004,73,24,12,15,12,3,7
A137027005,99,30,22,28,8,6,5
A137027006,83,20,16,39,5,1,2
A137028001,72,10,15,29,12,3,3
A137029001,76,21,11,33,7,3,1
A137029002,68,19,10,26,9,2,2
A137029003,70,17,14,28,7,3,1
A137029004,68,11,21,23,9,0,4
A137029005,97,13,17,38,20,4,5
A137029006,68,17,18,24,4,2,3
A137029007,88,13,21,39,8,4,3
A137029008,82,12,13,45,3,4,5
A137029009,70,13,15,33,5,1,3
A137029010,66,17,13,23,8,0,5
A137030001/137052001,67,9,9,26,12,5,6
A137031001,121,13,12,56,22,13,5
A137031002,116,37,23,34,10,5,7
A137032001,78,26,18,25,6,1,2
A137032002,82,22,18,34,5,2,1
A137033001,64,18,16,20,3,3,4
A137034001,82,19,21,27,6,4,5
A137035001,74,21,16,24,6,2,5
A137035002,82,11,26,33,8,2,2
A137035003,58,8,20,21,5,1,3
A137035004,91,22,26,33,4,2,4
A137035005,117,28,18,47,19,1,4
A137036001,100,29,24,32,9,4,2
A137036002,114,26,26,43,9,3,7
A137036003,122,24,20,59,10,5,4
A137036004,74,15,18,26,6,5,4
A137036005,65,17,15,27,2,0,4
A137037001,59,16,13,17,9,1,3
A137037002,53,9,10,21,7,3,3
A137037003,87,18,23,35,5,6,0
A137038001,47,6,11,19,8,2,1
A137038002,66,19,9,24,8,3,3
A137039001,74,19,13,32,4,2,4
A137040001,78,20,10,28,13,6,1
A137041001,83,27,25,21,6,4,0
A137041002,81,17,21,35,7,1,0
A137042001,109,26,19,48,9,3,4
A137043001,104,26,24,39,7,3,5
A137043002,68,10,9,25,17,5,2
A137043003,67,35,8,11,10,2,1
A137043004,95,29,16,29,19,1,1
A137043005,104,22,12,40,23,3,4
A137043006,49,18,7,15,5,3,1
A137043007,99,17,23,42,10,5,2
A137043008,82,18,12,27,15,3,7
A137043009,68,10,11,25,6,7,9
A137043010,76,10,9,32,5,10,10
A137043011,65,20,15,14,4,3,9
A137043012,58,24,13,7,4,6,4
A137043012,58,24,13,7,4,6,4
A137043013,105,35,16,26,17,9,2
A137043014,65,12,13,24,4,7,5
A137043015,78,18,2,25,13,9,11
A137043016,125,41,16,37,18,6,7
A137044001/137044003,83,30,14,26,3,8,2
A137044002,84,16,14,44,4,5,1
A137044004,77,18,8,37,10,1,3
A137044005,82,30,14,28,4,1,5
A137045001,129,43,29,41,10,5,1
A137045002,120,27,26,51,10,4,2
A137045003,103,22,18,48,11,3,1
A137045004,75,24,11,23,9,6,2
A137045005,75,31,15,11,9,6,3
A137045006,75,19,11,28,9,5,3
A137045007,99,25,21,37,9,4,3
A137045008,108,25,19,48,6,7,3
A137045009,101,25,12,47,11,4,2
A137045010,82,14,18,37,9,1,3
A137045011,63,11,14,29,6,0,3
A137045012,65,22,9,21,8,2,3
A137045013,63,14,11,27,8,1,2
A137045014,84,17,13,42,7,2,3
A137045015,94,27,14,33,13,2,5
A137045016,80,28,11,24,6,7,4
A137045017,60,10,17,22,8,3,0
A137045018,114,30,24,29,26,2,3
A137045019,110,39,23,37,7,2,2
A137045020,56,8,13,28,5,1,1
A137045021,70,22,15,22,7,2,2
A137045022,64,11,16,27,4,3,3
A137045023,52,10,13,22,5,0,2
A137046001,86,36,17,10,15,5,3
A137047001,108,45,16,19,23,3,2
A137048001,123,43,22,26,16,11,5
A137049001,72,32,10,9,13,6,2
A137049002,98,33,26,21,13,2,3
A137049003,77,29,7,19,9,7,6
A137050001,86,27,12,26,7,8,6
A137050002,81,13,9,27,17,6,9
A137051001,76,37,15,11,6,5,2
A137053001,107,38,23,16,19,6,5
A137053002,74,27,6,12,17,8,4
A137053003,103,31,6,37,25,3,1
A137053004,100,33,13,23,28,3,0
A137053005,122,54,12,24,27,3,2
A137054001,52,26,8,7,2,8,1
A137054002,68,36,12,7,5,7,1
A137054003,108,48,18,18,12,10,2
A137054004,120,39,20,32,9,19,1
A137054005,110,25,34,43,3,3,2
A137054006,117,37,32,32,5,7,4
A137054007,74,24,15,25,2,6,2
A137055001,84,20,15,35,12,1,1
A137055002,104,38,14,20,12,15,5
A167058001,70,5,20,34,3,6,2
A167092001,104,11,26,41,11,8,7
A177026001,116,26,15,55,13,3,4
A177027001,89,39,10,19,15,3,3
A177031001,101,8,14,60,9,7,3
A177031002,117,47,18,20,22,6,4
A177031003,53,12,8,12,9,9,3
A177032001,61,29,13,10,3,3,3
A177035001,83,22,13,33,7,6,2
A177037001,103,41,7,24,24,1,6
A177040001,75,22,13,22,10,3,5
A177051001/177051002,100,16,15,54,8,3,4
A177063001,117,21,17,56,12,5,6
A197001001,72,10,16,33,3,5,5
A197002001/197087001,36,9,8,14,1,1,3
A197003001,89,16,27,31,6,6,3
A197003002,66,2,6,40,7,7,4
A197005002,121,14,1,70,8,15,13
A197006001,130,23,23,59,12,8,5
A197006002,97,16,19,41,8,12,1
A197007001,70,8,11,32,9,7,3
A197009001,73,29,12,19,6,5,2
A197010001,76,58,7,3,6,1,1
A197011010,97,27,10,30,12,11,7
A197012001,144,27,27,45,22,8,15
A197012002,62,14,19,18,6,3,2
A197012003,131,23,31,56,9,8,4
A197012004,79,10,24,27,11,3,4
A197012005,83,12,25,33,4,6,3
A197013001,145,53,21,35,23,3,10
A197013002,70,14,21,28,4,2,1
A197013003,77,24,14,21,7,6,5
A197013004,57,22,15,14,2,3,1
A197015001,51,17,10,17,3,2,2
A197016001,69,15,17,22,10,2,3
A197017001,91,23,18,40,6,3,1
A197019001,70,24,13,25,3,4,1
A197020001,79,13,19,38,7,0,2
A197020002,88,24,22,34,3,3,2
A197020003,117,36,25,39,10,4,3
A197020004,106,36,20,24,15,7,4
A197021001,97,14,22,42,11,4,4
A197021002,93,13,14,53,5,7,1
A197021003,96,23,13,31,14,9,6
A197021004,148,39,22,51,27,4,5
A197021005,128,22,30,42,13,14,7
A197021006,73,7,10,39,10,5,2
A197021007,106,12,11,47,17,10,9
A197022001/197022006,109,29,14,32,21,9,4
A197022002,72,13,11,30,16,1,1
A197022003,81,14,7,38,13,6,3
A197022004,118,27,17,54,14,3,3
A197022005,117,23,21,49,13,7,4
A197022007,139,19,22,62,20,10,6
A197022008,97,15,11,48,10,10,3
A197022009,90,17,30,31,6,2,4
A197022010,93,15,18,39,11,3,7
A197022011,84,15,18,30,19,1,1
A197023001,81,22,13,28,11,5,2
A197024001,66,17,16,25,5,3,0
A197024002,64,17,21,19,7,0,0
A197025001,76,17,20,24,11,3,1
A197025002,70,19,18,17,10,5,1
A197027001,35,16,6,8,1,4,0
A197027002,114,48,18,24,20,0,4
A197029001,51,8,8,21,4,5,5
A197031001,99,52,17,17,4,6,3
A197031002,99,58,16,15,6,4,0
A197031003,52,17,13,18,1,0,3
A197032001,54,15,19,15,2,2,1
A197032002,105,30,22,36,9,5,3
A197032003,115,44,24,29,9,8,1
A197032004,71,30,14,14,9,3,1
A197032005,74,17,17,30,4,3,3
A197032006,52,11,15,16,6,4,0
A197032007,90,26,19,33,6,5,1
A197032008/197032009,59,15,11,24,2,2,5
A197032010,93,36,19,21,14,2,1
A197032011,52,18,12,17,2,1,2
A197032012,96,18,22,44,7,1,4
A197032013,83,13,16,38,9,5,2
A197032014,65,12,13,31,7,2,0
A197032015,103,35,20,27,18,2,1
A197032016,66,17,25,16,5,2,1
A197034001,90,25,18,30,12,3,2
A197036001,56,16,10,20,7,1,2
A197037001,53,11,11,22,5,1,3
A197037002,51,14,17,15,1,2,2
A197039001,81,23,21,25,6,5,1
A197039002,59,17,15,20,5,1,1
A197040001,79,28,25,21,2,2,1
A197040002,79,9,20,35,8,1,6
A197040003,101,31,22,35,4,5,4
A197040004,72,17,17,25,9,2,2
A197040005,98,25,29,33,6,4,1
A197040006,105,29,25,32,12,6,1
A197041001,101,41,18,19,14,7,2
A197041002,70,23,18,17,9,2,1
A197042001,55,26,7,15,4,2,1
A197043001,57,14,18,17,4,3,1
A197043002,65,17,10,24,12,2,0
A197043003,43,24,7,7,3,1,1
A197046001,85,18,12,36,8,4,7
A197047001,86,15,17,36,11,3,4
A197048001,57,10,12,25,5,3,2
A197049001,84,14,16,48,2,3,1
A197049002,82,10,16,47,5,0,4
A197050001,86,17,20,37,6,2,4
A197052001/197052002,85,16,17,44,3,2,3
A197052003,93,18,21,40,10,1,3
A197052004,75,17,15,28,11,1,3
A197052005,69,22,20,14,7,0,6
A197052006,50,16,7,16,9,2,0
A197053001,76,21,18,18,10,7,2
A197053002,104,26,24,31,15,7,1
A197055001,69,16,16,31,4,2,0
A197058001,61,16,15,25,4,1,0
A197059001,94,24,19,34,13,3,1
A197059002,88,30,16,22,10,2,8
A197059003,50,22,7,7,6,7,1
A197059004,57,35,13,3,1,4,1
A197060001,76,29,22,17,5,2,1
A197061001,72,19,11,26,11,3,2
A197061002,136,28,26,59,13,3,7
A197062001,123,31,28,39,14,2,9
A197062002,72,10,17,30,8,3,4
A197062003,73,21,17,20,11,4,0
A197062004,58,14,11,28,3,1,1
A197062005,62,15,17,18,8,2,2
A197063001,88,17,13,42,8,3,5
A197063002,49,14,13,19,3,0,0
A197063003,60,19,17,21,2,1,0
A197064001/197064002,127,33,35,40,11,4,4
A197064003,105,31,23,31,16,2,2
A197065001,68,18,14,21,10,2,3
A197065002,88,28,15,26,10,5,4
A197066001,70,21,16,19,11,2,1
A197066002,34,18,6,7,3,0,0
A197067001,82,16,23,28,8,4,3
A197067002,77,21,12,32,4,4,4
A197069001,53,10,11,24,5,2,1
A197070001,69,23,15,22,4,1,4
A197071001,71,18,18,23,6,3,3
A197071002,68,15,6,39,6,1,1
A197071003,89,14,15,50,6,2,2
A197072001,75,10,28,31,3,1,2
A197072002,90,11,16,50,11,2,0
A197073001,58,10,20,24,3,1,0
A197074001,138,28,26,60,11,7,6
A197075001,78,19,22,28,5,1,3
A197076001,71,18,17,27,7,1,1
A197077001,71,12,22,27,7,1,2
A197078001/197078002,49,13,16,13,5,1,1
A197079001,67,22,17,19,4,2,3
A197079002,56,12,13,20,7,4,0
A197083001,116,28,26,51,6,1,4
A197084001/197089001,93,28,18,31,8,4,4
A197086001,54,13,14,22,3,2,0
A197088001,53,16,9,16,5,4,3
A197088002,101,43,11,24,17,5,1
A197088003,76,34,9,23,9,1,0
A197088004,65,19,9,24,7,4,2
A197091001,38,13,10,11,1,2,1
A197091002,71,29,14,25,1,1,1
A197091003,59,16,11,23,6,2,1
A197091004,60,16,10,22,6,4,2
A197092001,72,29,10,19,13,1,0
A197092002,68,17,14,26,4,6,1
A197093001,81,17,19,34,7,3,1
A197093002,65,14,14,19,11,5,2
A197095001,124,29,33,48,10,4,0
A197095002,110,28,24,38,15,4,1
A197096001,47,13,9,18,7,0,0
A197096002,80,16,16,37,5,3,3
A197096003,67,17,19,25,3,2,1
A197096004,74,14,15,37,6,0,2
A197097001,68,21,16,18,10,3,0
A197097002,45,8,15,13,6,3,0
A197097003,76,15,22,28,5,3,3
A197097004,127,21,31,51,17,4,3
A197097005,62,24,13,18,4,1,2
A197097006,112,26,16,56,7,4,3
A197097007,78,21,19,17,4,11,6
A197097008,52,13,12,22,4,1,0
A197097009,49,14,13,16,5,1,0
A197097010,51,12,14,16,6,2,1
A197097011,72,23,14,27,7,1,0
A197097012,81,26,13,33,5,2,2
A197097013,93,22,14,43,7,3,4
A197097014,78,24,13,25,8,5,3
A197097015,40,10,5,15,5,2,3
A197097016,120,28,26,50,11,4,1
A197097017,67,19,15,24,4,3,2
A197097018,89,16,21,43,5,1,3
A197098001,89,16,18,39,7,2,7
A197098002,123,21,30,52,12,5,3
A197098003,102,17,24,52,5,3,1
A197098004,105,9,20,61,8,2,5
A197098005,103,13,33,44,5,6,2
A197098006,87,17,27,32,3,5,3
A197098007,75,17,21,29,8,0,0
A197098008,49,16,13,14,4,1,1
A197098009,75,27,14,24,4,4,2
A197099001,84,17,19,33,13,1,1
A197100001,77,26,12,25,10,1,3
A197101001,56,19,7,12,11,3,4
A197101002,115,22,16,62,7,3,5
A197102001,116,26,22,55,6,5,2
A197102002,86,27,14,26,12,5,2
A197103001,67,22,10,20,6,5,4
A197103002,66,18,11,26,7,3,1
A197103003,63,13,22,22,3,0,3
A197103004,92,21,23,33,10,3,2
A197103005,82,35,13,14,14,2,4
A197103006,54,17,10,13,7,4,3
A197106001,81,17,26,25,7,3,3
A197106002,67,18,21,20,6,1,1
A197106003,92,12,20,46,8,4,2
A197106004,76,22,22,25,3,4,0
A197108001,69,19,11,31,4,1,3
A197108002,74,20,13,31,6,3,1
A197109001,76,18,15,31,7,3,2
A197110001,53,11,18,17,4,1,2
A197111001,87,15,30,34,5,1,2
A207004001,73,17,17,31,4,3,1
A207004002,116,27,18,46,14,10,1
A207005001/207005002,66,11,12,29,4,4,6
A207007001,79,14,9,41,8,6,1
A207007002,129,28,25,54,17,2,3
A207008001,78,19,17,32,3,4,3
A207008002,131,22,26,66,5,7,5
A207009001,61,15,7,29,5,3,2
A207009002,111,28,22,46,10,3,2
A207009003,127,28,24,51,12,6,6
A207009004,84,24,17,30,7,5,1
A207009005,60,16,5,23,11,1,4
A207009006,102,17,17,54,8,4,2
A207009007,109,40,26,27,8,6,2
A207009008,93,43,17,13,12,5,3
A207009009,89,45,12,20,5,6,1
A207009010,78,31,16,21,6,2,2
A207010001,50,23,7,10,4,4,2
A207010002,66,29,10,13,7,5,2
A207011001,97,48,16,16,8,6,3
A207011002,62,15,15,25,5,0,2
A207012001,62,18,6,27,3,4,4
A207012002,74,25,16,24,4,3,2
A207012003,70,17,11,27,9,3,3
A207012004,77,12,15,36,4,3,7
A207012005/207012007,105,32,15,42,10,4,2
A207012006,100,23,29,29,14,2,3
A207013001,53,19,10,8,9,5,2
A207017001,53,15,13,19,3,2,1
A207019001,57,14,16,23,3,0,1
A207019002,98,16,35,36,8,3,0
A207019003,84,13,10,48,7,4,2
A207019004,67,6,9,41,5,1,5
A207019005,51,16,11,13,8,2,1
A207019006,50,10,12,25,1,1,1
A207019007,109,27,24,42,10,4,2
A207019008,71,24,17,22,7,1,0
A207020001,80,28,20,22,8,2,0
A207020002,116,28,18,52,8,7,3
A207020003,90,22,19,35,11,3,0
A207021001,94,26,21,36,9,1,1
A207021002,75,23,15,29,5,2,1
A207026001,67,24,9,20,6,7,1
A207026002/207026005,113,26,22,50,6,4,5
A207026003,115,23,22,46,20,3,1
A207026004,73,9,15,38,8,1,2
A207026006,68,11,22,23,8,1,3
A207027001/207027003/207027004,88,37,20,17,10,2,2
A207027002,127,28,22,55,15,6,1
A207027005,98,28,8,33,26,2,1
A207029002,82,53,11,9,6,3,0
A207030001,71,18,21,26,3,2,1
A207030002,75,23,17,12,16,6,1
A207030003,61,32,16,5,4,4,0
A207030004,101,50,15,21,9,6,0
A207030005,90,19,16,42,6,6,1
A207030006,67,13,12,37,5,0,0
A207030007,65,20,11,20,12,1,1
A207030008,66,20,9,27,7,2,1
A207030009,81,22,18,33,1,5,2
A207030010,69,19,16,21,9,3,1
A207030011/207030012,65,17,14,16,10,4,4
A207030013,60,25,15,11,5,2,2
A207030014,104,35,20,29,13,4,3
A207031002,63,14,17,25,3,4,0
A207032001,59,23,16,19,1,0,0
A207032003,46,12,11,16,4,3,0
A207033002,66,27,8,19,9,3,0
A207033003,51,12,8,18,8,2,3
A207037001,78,21,15,25,3,11,3
A207037002,78,10,26,35,5,1,1
A207037003,70,14,14,32,6,3,1
A207038001/207038005,62,14,17,20,4,5,2
A207038002,72,19,21,23,4,1,4
A207038003,90,16,23,37,7,4,3
A207038004,93,22,19,40,9,2,1
A207038006,107,21,25,52,5,3,1
A207038007,115,18,29,50,10,5,3
A207038008,65,16,13,26,8,1,1
A207039001,86,31,18,30,4,2,1
A207040001,63,17,12,29,3,1,1
A207040002,24,6,7,9,1,0,1
A207041001,60,16,18,19,4,1,2
A207041002,75,13,19,31,6,4,2
A207044001,71,15,18,31,6,1,0
A207048001,105,26,17,33,21,2,6
A207049001,66,16,14,23,8,3,2
A207049002,48,10,3,24,6,3,2
A207050001/207050002,59,15,10,18,10,3,3
A207050003,68,17,11,32,6,2,0
A207050004,97,18,25,46,6,2,0
A207050005,99,15,16,47,18,2,1
A207050006,108,19,19,49,18,2,1
A207050007,61,16,11,21,10,2,1
A207050008,63,29,9,11,12,1,1
A207050009,62,17,7,21,15,2,0
A207050010,50,16,11,19,1,3,0
A207052001,70,19,18,25,5,2,1
A207052002,65,20,23,17,2,2,1
A207053001,69,19,12,25,10,3,0
A207053002,67,20,13,25,7,2,0
A207055001,68,17,11,29,6,2,3
A207055002,83,20,23,27,11,1,1
A207055003,103,35,13,35,13,5,2
A207055004/207055008,113,26,41,34,11,1,0
A207055005,76,22,19,22,7,3,3
A207055006,96,16,27,41,6,3,3
A207055007,74,29,18,16,8,2,1
A207055009,84,18,31,24,9,0,2
A207055010,100,17,25,45,8,1,4
A207055011,76,22,22,27,3,1,1
A207055012,102,31,20,36,10,3,2
A207055013,112,24,38,34,9,6,1
A207055014,119,29,32,43,5,6,4
A207055015,109,32,22,38,10,6,1
A207055016,66,12,12,34,5,2,1
A207056001,77,19,17,27,7,6,1
A207056002,97,13,34,38,6,4,2
A207058001,89,41,12,18,11,5,2
A207058002,81,25,15,28,10,3,0
A207059001,93,26,23,21,17,3,3
A207059002,55,13,15,18,4,1,4
A207059003,63,10,13,28,7,4,1
A207060001,50,17,10,14,4,3,2
A207060002,83,19,19,34,9,0,2
A207060003,74,21,18,28,3,2,2
A207060004,114,45,17,35,12,4,1
A207060005,109,30,29,37,7,2,4
A207060006,64,16,12,23,8,3,2
A207060007,76,36,15,13,9,1,2
A207061001/207061003,64,19,17,21,3,2,2
A207061002,60,27,17,10,4,2,0
A207061004,60,14,16,21,4,1,4
A207061005,97,38,22,19,13,5,0
A207064001,29,10,13,3,1,1,1
A207066001,89,24,22,35,4,2,2
A207066002,76,25,12,26,9,3,1
A207066003,80,17,20,32,6,1,4
A207067001,93,23,22,37,6,0,5
A207068001,76,10,20,37,2,4,3
A207069001,90,21,26,30,4,6,3
A207071001,82,18,26,28,6,1,3
A207071002,71,8,11,40,8,0,4
A207071003,131,33,22,48,16,9,3
A207071004/207071026,83,18,28,31,4,2,0
A207071005,83,23,18,29,6,4,3
A207071006,55,25,10,17,2,1,0
A207071007,70,15,24,29,1,1,0
A207071008,53,15,10,19,5,2,2
A207071009,59,18,14,21,2,1,3
A207071010,75,13,21,28,5,6,2
A207071011,67,24,12,12,4,14,1
A207071012,85,38,17,17,7,3,3
A207071013,80,14,29,26,4,4,3
A207071014,87,28,17,30,5,6,1
A207071015,97,25,21,37,10,3,1
A207071016,96,19,31,32,7,4,3
A207071017,120,21,13,70,7,8,1
A207071018,70,14,17,22,10,7,0
A207071019,91,23,14,42,5,7,0
A207071020,88,16,30,28,6,5,3
A207071021,113,17,34,52,5,2,3
A207071022,84,20,39,18,4,3,0
A207071023,138,31,18,62,11,11,5
A207071024,94,14,20,34,18,3,5
A207071025,76,23,19,15,2,16,1
A207071027,88,22,15,34,15,2,0
A207071028,76,21,17,32,3,1,2
A207071029,65,15,16,21,8,1,4
A207071030,64,18,9,28,6,1,2
A207071031,63,11,14,28,7,3,0
A207071032,58,13,7,26,7,3,2
A207071033,131,32,22,56,16,3,2
A207071034,82,19,9,35,8,7,4
A207073001,88,19,19,35,12,1,2
A207076001,68,9,9,24,24,1,1
A207080001,71,17,11,24,11,6,2
A207081001,96,25,16,34,14,4,3
A207081002,71,16,14,35,4,2,0
A207081003,80,17,20,35,6,1,1
A207081004,48,16,6,17,6,1,2
A207081005,59,12,18,22,5,0,2
A207081006,83,22,23,21,9,5,3
A207081007,120,33,18,26,29,7,7
A207081008,77,23,14,25,9,5,1
A207081009,104,73,9,8,4,10,0
A207081010,92,33,12,22,14,8,3
A207081011/207081020,100,47,19,14,15,5,0
A207081012,93,20,16,36,11,7,3
A207081013,57,17,14,14,1,9,2
A207081014,100,34,22,19,13,8,4
A207081015,57,37,10,1,2,7,0
A207081016,97,34,12,22,18,9,2
A207081017,90,28,29,18,4,8,3
A207081018,99,37,19,13,12,16,2
A207081019,126,41,26,42,10,5,2
A207081021,99,30,29,26,9,2,3
A207081022,75,8,11,46,8,1,1
A207081023,68,18,26,17,5,1,1
A207081024,107,11,31,52,11,1,1
A207081025,75,19,19,22,11,3,1
A207082001,75,42,9,3,5,16,0
A207082002,72,34,10,4,3,18,3
A207082003,108,25,6,24,42,2,9
A207082004,90,14,15,46,3,8,4
A207082005/207082006,72,15,11,33,4,6,3
A207082007,53,21,15,2,1,14,0
A207082008,107,32,18,28,17,9,3
A207082009,107,26,25,31,14,8,3
A207082010,87,22,12,32,13,6,2
A207082011,64,22,16,13,6,4,3
A207082012,105,25,28,30,16,6,0
A207082013,120,28,11,49,23,7,2
A207082014,130,46,24,34,17,7,2
A207082015,110,66,13,8,6,14,3
A207082016,89,18,19,35,12,2,3
A207082017,120,22,25,59,10,1,3
A207082018,110,33,17,42,7,7,4
A207082019,83,19,22,33,4,3,2
A207082020,89,25,22,35,4,2,1
A207082021,85,18,14,43,6,3,1
A207082022,72,11,16,32,9,2,2
A207082023,86,27,9,26,16,6,2
A237007001,101,38,29,20,10,4,0
A237018001,73,29,18,17,5,3,1
A237040001,100,35,17,24,14,8,2
A237048001,58,14,14,24,3,1,2
A237090001,59,16,6,28,4,0,5
A237090002,107,24,23,42,11,4,3
A237098001,89,13,16,39,8,10,3
