pop..dz_code,pop..total_persons,pop..males,pop..females,pop..x0_4_years,pop..x5_11_years,pop..x12_17_years,pop..x18_29_years,pop..x30_39_years,pop..x40_59_years,pop..x60_74_years,pop..x75_years
S01008163,816,364,452,51,67,58,109,134,214,134,49
S01008164,1609,668,941,46,55,66,970,99,219,108,46
S01008165,1805,862,943,181,213,126,255,371,457,141,61
S01008166,503,253,250,15,36,40,78,49,147,101,37
S01008167,709,358,351,48,84,52,97,108,181,84,55
S01008168,867,438,429,56,66,68,114,99,239,124,101
S01008169,828,392,436,74,75,35,111,126,227,128,52
S01008170,567,288,279,21,50,28,75,49,200,105,39
S01008171,737,351,386,29,43,36,102,120,200,132,75
S01008172,549,259,290,20,47,34,71,45,157,116,59
S01008173,645,307,338,28,37,42,104,67,191,129,47
S01008174,478,217,261,16,35,29,54,68,117,123,36
S01008175,753,345,408,37,55,43,107,130,202,142,37
S01008176,771,381,390,23,48,39,74,81,228,198,80
S01008177,749,365,384,44,54,45,108,83,216,110,89
S01008178,565,266,299,16,42,22,62,58,123,153,89
S01008179,518,243,275,32,43,35,77,65,182,70,14
S01008180,461,232,229,19,32,25,67,41,143,123,11
S01008181,646,328,318,24,28,36,70,56,190,158,84
S01008182,900,389,511,30,41,33,117,179,240,181,79
S01008183,593,263,330,33,55,25,94,84,186,65,51
S01008184,765,355,410,26,39,23,109,108,201,133,126
S01008185,949,440,509,32,51,47,130,144,312,153,80
S01008186,889,449,440,21,61,42,262,116,195,105,87
S01008187,639,320,319,42,78,39,79,82,200,66,53
S01008188,890,441,449,53,71,33,164,156,212,140,61
S01008189,547,248,299,22,26,38,80,57,137,120,67
S01008190,842,398,444,55,97,44,147,83,207,139,70
S01008191,743,350,393,56,70,58,105,106,191,107,50
S01008192,813,398,415,50,50,120,82,108,210,147,46
S01008193,830,404,426,44,51,57,102,73,217,170,116
S01008194,648,292,356,43,57,48,80,85,165,94,76
S01008195,771,366,405,72,67,36,135,118,228,81,34
S01008196,924,432,492,88,83,71,151,136,249,109,37
S01008197,1527,744,783,123,204,64,170,319,507,111,29
S01008198,713,333,380,36,66,62,81,99,180,123,66
S01008199,788,378,410,54,92,70,101,128,187,118,38
S01008200,603,265,338,25,46,39,68,67,164,109,85
S01008201,811,389,422,46,71,62,109,103,212,149,59
S01008202,575,270,305,23,41,25,69,67,164,111,75
S01008203,562,255,307,31,37,39,98,77,157,72,51
S01008204,888,414,474,38,36,27,97,77,264,197,152
S01008205,633,319,314,36,52,39,72,77,169,131,57
S01008206,656,321,335,36,71,46,71,85,149,131,67
S01008207,592,279,313,33,66,56,77,64,182,80,34
S01008208,878,411,467,53,104,58,141,139,242,101,40
S01008209,562,267,295,30,68,49,57,80,190,71,17
S01008210,930,471,459,21,63,58,129,92,294,192,81
S01008211,819,386,433,33,43,36,118,84,220,197,88
S01008212,551,265,286,23,46,42,67,45,180,119,29
S01008213,951,456,495,35,61,85,128,79,329,150,84
S01008214,695,321,374,31,57,42,69,71,188,144,93
S01008215,672,327,345,29,39,33,67,83,223,137,61
S01008216,477,217,260,23,20,23,60,52,153,115,31
S01008217,537,283,254,20,40,40,61,40,160,114,62
S01008218,1996,993,1003,150,208,151,262,330,593,246,56
S01008219,979,479,500,34,56,56,125,116,268,183,141
S01008220,600,297,303,38,80,67,87,74,140,97,17
S01008221,695,351,344,67,85,66,117,104,146,78,32
S01008222,677,337,340,35,52,53,112,50,187,104,84
S01008223,602,290,312,32,44,30,64,83,145,132,72
S01008224,802,367,435,32,36,36,96,74,230,218,80
S01008225,680,292,388,32,60,44,92,77,174,152,49
S01008226,726,339,387,36,67,38,104,84,170,158,69
S01008227,766,370,396,37,61,52,116,100,205,110,85
S01008228,681,320,361,23,48,45,73,64,224,121,83
S01008229,665,317,348,32,72,39,99,69,169,116,69
S01008230,769,370,399,45,72,68,94,100,259,108,23
S01008231,804,408,396,34,99,107,79,88,326,54,17
S01008232,895,425,470,75,123,86,123,158,272,39,19
S01008233,705,369,336,60,102,53,58,128,208,69,27
S01008234,439,214,225,21,30,17,53,42,126,94,56
S01008235,824,406,418,35,48,50,102,75,257,174,83
S01008236,786,364,422,35,55,46,86,75,221,174,94
S01008237,999,480,519,84,73,68,126,158,280,154,56
S01008238,775,388,387,40,56,47,102,82,217,144,87
S01008239,1042,514,528,60,111,100,131,125,273,174,68
S01008240,823,407,416,17,49,48,65,56,241,222,125
S01008241,613,309,304,14,37,23,59,39,142,194,105
S01008242,858,409,449,35,47,50,56,78,235,244,113
S01008243,993,515,478,52,85,88,92,65,356,181,74
S01008244,614,291,323,27,45,27,61,39,193,130,92
S01008245,959,477,482,38,84,66,98,76,300,221,76
S01008246,995,474,521,41,71,74,90,84,296,239,100
S01008247,806,402,404,37,59,55,81,84,268,171,51
S01008248,898,431,467,31,102,62,83,86,261,159,114
S01008249,931,468,463,53,76,50,74,73,298,208,99
S01008250,2111,1002,1109,199,199,125,240,291,566,363,128
S01008251,1140,548,592,76,117,101,146,139,368,125,68
S01008252,796,386,410,35,63,56,83,66,229,165,99
S01008253,804,384,420,31,66,36,89,93,223,176,90
S01008254,964,474,490,56,75,57,105,93,267,205,106
S01008255,744,355,389,48,79,50,86,77,208,133,63
S01008256,812,415,397,60,89,61,100,118,221,102,61
S01008257,736,319,417,30,43,38,77,73,158,148,169
S01008258,761,378,383,34,31,47,92,55,208,202,92
S01008259,843,441,402,27,68,48,73,77,205,171,174
S01008260,754,354,400,32,64,40,108,105,190,157,58
S01008261,833,402,431,33,68,71,112,100,227,165,57
S01008262,668,316,352,27,59,46,61,76,198,158,43
S01008263,749,358,391,37,65,31,58,78,201,150,129
S01008264,709,323,386,33,71,61,63,58,214,134,75
S01008265,780,363,417,24,55,58,64,51,229,164,135
S01008266,688,339,349,22,41,39,49,38,189,156,154
S01008267,957,459,498,39,71,80,104,82,287,203,91
S01008268,890,442,448,19,65,70,53,24,261,225,173
S01008269,915,410,505,24,60,49,76,47,181,225,253
S01008270,771,343,428,13,56,67,49,33,184,170,199
S01008271,586,310,276,13,13,22,64,60,189,144,81
S01008272,2390,1154,1236,180,281,217,201,289,740,372,110
S01008273,791,364,427,23,63,71,51,35,250,186,112
S01008274,679,328,351,29,63,52,85,64,185,129,72
S01008275,498,247,251,14,33,41,33,32,145,127,73
S01008276,545,257,288,20,33,43,39,41,147,140,82
S01008277,593,276,317,22,43,35,55,48,198,153,39
S01008278,883,447,436,50,63,59,48,78,250,227,108
S01008279,689,318,371,22,49,53,57,59,188,172,89
S01008280,987,492,495,35,74,89,91,87,301,214,96
S01008281,727,352,375,42,52,46,58,52,232,191,54
S01008282,792,392,400,21,58,56,64,68,251,202,72
S01008283,968,469,499,68,87,92,85,105,336,160,35
S01008284,2467,1199,1268,209,300,181,275,419,696,311,76
S01008285,775,347,428,40,65,45,105,93,215,129,83
S01008286,702,334,368,29,64,62,90,52,192,144,69
S01008287,822,431,391,41,83,64,134,61,230,141,68
S01008288,871,401,470,30,76,77,75,73,252,173,115
S01008289,620,290,330,33,65,41,79,74,171,103,54
S01008290,860,425,435,22,55,48,90,85,277,161,122
S01008291,744,352,392,20,37,35,60,52,176,201,163
S01008292,841,408,433,44,76,91,114,85,241,144,46
S01008293,635,320,315,26,75,69,67,45,224,88,41
S01008294,874,430,444,28,84,97,79,69,296,164,57
S01008417,685,342,343,29,58,42,57,55,202,147,95
S01008418,674,317,357,26,51,39,75,74,167,145,97
S01008419,516,252,264,11,63,59,56,36,186,79,26
S01008420,441,192,249,16,42,29,43,39,115,113,44
S01008421,875,418,457,50,85,55,98,128,241,146,72
S01008422,603,277,326,22,58,59,62,40,159,136,67
S01008423,1293,624,669,70,132,88,120,140,426,207,110
S01008424,840,411,429,31,84,59,57,63,221,181,144
S01008425,3834,2205,1629,136,129,102,2340,334,452,235,106
S01008426,632,285,347,28,78,49,75,88,173,76,65
S01008427,1059,542,517,58,94,76,120,112,341,206,52
S01008428,697,332,365,33,56,28,90,109,177,129,75
S01008429,1016,505,511,41,103,56,119,129,277,180,111
S01008430,995,498,497,72,72,77,105,148,294,134,93
S01008431,823,428,395,40,68,42,82,90,215,163,123
S01008432,670,319,351,35,41,41,75,68,152,141,117
S01008433,779,359,420,34,62,35,76,67,194,220,91
S01008434,1025,499,526,83,94,60,138,164,231,193,62
S01008435,786,375,411,38,52,55,82,90,195,183,91
S01008436,1015,444,571,37,65,71,108,95,256,194,189
S01008437,712,346,366,28,53,28,79,101,190,125,108
S01008438,728,357,371,42,86,55,75,103,228,106,33
S01008439,1195,599,596,65,144,97,151,103,349,196,90
S01008440,993,474,519,51,91,80,80,90,275,194,132
S01008441,479,240,239,27,48,31,47,69,116,98,43
S01008442,731,373,358,44,48,41,74,82,219,171,52
S01008443,632,301,331,25,56,48,68,40,198,125,72
S01008444,941,522,419,59,63,35,178,163,212,107,124
S01008445,942,525,417,31,55,52,237,146,98,120,203
S01008446,1196,703,493,51,104,290,123,78,276,160,114
S01008447,723,362,361,29,63,51,66,60,204,188,62
S01008448,724,362,362,18,39,43,95,64,204,174,87
S01008449,852,410,442,57,124,99,120,142,219,70,21
S01008450,612,260,352,37,72,45,97,109,157,61,34
S01008451,768,403,365,36,98,100,148,102,201,76,7
S01008452,620,317,303,36,79,72,110,81,172,57,13
S01008453,714,372,342,44,84,59,121,192,173,33,8
S01008454,927,454,473,39,113,73,176,139,265,96,26
S01008455,1093,608,485,60,126,82,220,224,246,80,55
S01008456,991,521,470,84,111,43,165,203,252,105,28
S01008457,641,296,345,42,52,36,111,105,123,112,60
S01008458,1010,482,528,54,106,71,151,186,250,145,47
S01008459,822,423,399,59,77,66,161,128,216,91,24
S01008460,787,419,368,58,96,87,133,110,198,82,23
S01008461,964,490,474,70,116,70,153,183,257,98,17
S01008462,584,322,262,13,37,37,67,67,193,140,30
S01008463,663,356,307,36,63,37,103,130,209,62,23
S01008464,873,413,460,44,68,38,140,185,202,128,68
S01008465,750,370,380,25,85,48,95,150,181,110,56
S01008466,702,349,353,41,50,34,123,150,152,101,51
S01008467,816,394,422,43,73,48,117,149,188,138,60
S01008468,798,363,435,43,80,58,152,154,152,66,93
S01008469,683,352,331,40,58,50,141,147,159,49,39
S01008470,855,441,414,59,88,57,118,177,196,124,36
S01008471,845,420,425,47,107,105,138,126,225,67,30
S01008472,734,366,368,32,91,79,118,103,179,94,38
S01008473,654,327,327,33,55,44,128,100,189,77,28
S01008474,794,393,401,39,60,49,119,172,195,112,48
S01008475,605,285,320,34,35,16,99,143,150,80,48
S01008476,795,381,414,49,55,29,111,188,232,63,68
S01008477,760,393,367,39,35,25,102,165,196,110,88
S01008478,965,471,494,42,56,35,208,183,204,142,95
S01008479,766,377,389,36,56,12,121,188,179,115,59
S01008480,702,339,363,41,58,42,122,207,147,68,17
S01008481,1688,1092,596,45,80,88,346,338,510,204,77
S01008482,615,281,334,21,40,28,105,89,154,104,74
S01008483,617,326,291,28,40,25,112,100,146,118,48
S01008484,760,370,390,35,53,43,94,139,196,142,58
S01008485,917,466,451,50,44,57,157,198,200,126,85
S01008486,889,403,486,32,40,30,146,148,179,204,110
S01008487,1004,503,501,42,51,26,205,288,261,95,36
S01008488,867,416,451,37,54,36,161,217,194,109,59
S01008489,613,284,329,21,35,14,119,93,167,116,48
S01008490,915,473,442,44,56,20,202,241,197,109,46
S01008491,941,501,440,43,49,23,344,181,169,87,45
S01008492,1338,688,650,60,94,33,301,458,263,104,25
S01008493,1217,609,608,40,72,40,394,204,294,103,70
S01008494,1010,534,476,31,60,29,247,240,292,89,22
S01008495,1043,552,491,22,28,15,276,439,209,36,18
S01008496,1036,588,448,34,41,6,274,359,247,57,18
S01008497,903,479,424,21,20,10,247,327,190,73,15
S01008498,905,488,417,25,44,23,219,328,166,82,18
S01008499,1051,616,435,26,30,26,446,277,189,44,13
S01008500,452,237,215,8,20,20,93,163,103,43,2
S01008501,688,338,350,29,43,25,291,153,120,23,4
S01008502,722,365,357,22,32,11,316,162,140,32,7
S01008503,944,499,445,39,43,23,244,307,208,62,18
S01008504,1104,533,571,53,84,36,191,272,293,130,45
S01008505,726,337,389,30,55,33,105,149,214,109,31
S01008506,927,419,508,32,29,40,110,169,230,147,170
S01008507,962,456,506,45,31,27,360,185,197,96,21
S01008508,897,426,471,46,71,74,84,125,258,166,73
S01008509,1082,492,590,41,68,61,85,126,290,184,227
S01008510,882,424,458,24,51,62,124,108,263,152,98
S01008511,927,461,466,36,79,71,98,77,277,190,99
S01008512,531,267,264,20,43,36,55,60,163,101,53
S01008513,757,359,398,29,78,63,47,63,253,141,83
S01008514,1025,476,549,46,88,76,95,103,289,166,162
S01008515,794,385,409,42,78,64,89,100,261,125,35
S01008516,1159,555,604,33,60,36,212,308,257,102,151
S01008517,907,411,496,36,38,27,203,177,238,102,86
S01008518,944,433,511,38,67,65,136,159,261,156,62
S01008519,814,353,461,35,91,67,66,82,241,157,75
S01008520,1061,502,559,37,98,83,85,78,318,237,125
S01008521,945,460,485,46,99,83,90,72,280,196,79
S01008522,506,227,279,18,30,30,40,67,155,108,58
S01008523,1020,502,518,43,65,92,100,124,286,199,111
S01008524,898,465,433,52,66,41,152,162,256,128,41
S01008525,821,369,452,45,68,62,135,118,189,125,79
S01008526,888,443,445,67,70,40,120,164,199,152,76
S01008527,682,327,355,31,38,32,125,111,189,104,52
S01008528,648,285,363,36,54,50,89,105,176,84,54
S01008529,727,343,384,26,52,33,120,94,203,138,61
S01008530,697,340,357,29,69,58,97,110,208,81,45
S01008531,749,348,401,47,80,44,116,93,212,95,62
S01008532,469,230,239,24,32,34,57,70,119,91,42
S01008533,320,164,156,18,25,25,63,69,73,38,9
S01008534,636,333,303,41,46,33,103,91,154,127,41
S01008535,691,326,365,22,43,29,84,58,177,190,88
S01008536,570,242,328,28,52,41,47,62,156,97,87
S01008537,666,322,344,31,47,41,60,63,165,173,86
S01008538,554,273,281,15,27,33,49,26,170,153,81
S01008539,800,398,402,36,56,47,63,69,225,230,74
S01008540,916,436,480,67,63,58,78,100,248,191,111
S01008541,930,455,475,42,119,81,81,96,257,170,84
S01008542,1810,870,940,133,249,161,160,243,514,258,92
S01008543,741,345,396,38,76,86,64,85,222,141,29
S01008544,641,344,297,27,59,68,72,49,238,115,13
S01008545,833,423,410,28,51,88,88,58,257,165,98
S01008546,791,376,415,29,44,47,81,54,197,237,102
S01008547,1019,475,544,66,74,51,119,190,278,194,47
S01008548,1108,509,599,79,111,72,159,195,338,116,38
S01008549,2298,1071,1227,215,136,101,337,541,574,284,110
S01008550,764,369,395,18,38,28,93,89,229,212,57
S01008551,906,410,496,32,30,18,109,121,196,287,113
S01008552,801,387,414,30,29,42,102,80,206,218,94
S01008553,724,360,364,46,84,49,79,100,169,136,61
S01008554,1065,504,561,62,120,102,200,152,252,137,40
S01008555,1080,532,548,91,96,73,152,210,272,129,57
S01008556,746,353,393,44,85,57,118,114,183,95,50
S01008557,1444,724,720,85,141,138,258,253,348,154,67
S01008558,905,444,461,59,87,86,132,170,202,103,66
S01008559,712,349,363,44,61,68,124,100,166,108,41
S01008560,675,304,371,49,79,46,107,108,156,81,49
S01008561,716,357,359,39,81,51,105,115,185,100,40
S01008562,904,420,484,35,67,76,133,126,274,136,57
S01008563,857,405,452,52,77,74,119,135,237,116,47
S01008564,673,327,346,23,37,26,117,124,168,104,74
S01008565,981,424,557,49,85,69,147,126,250,153,102
S01008566,1058,527,531,62,107,78,146,144,289,148,84
S01008567,769,408,361,45,102,67,83,131,192,109,40
S01008568,790,404,386,54,59,34,135,150,194,121,43
S01008569,742,457,285,62,68,54,104,162,210,65,17
S01008570,971,447,524,60,108,73,187,149,232,122,40
S01008571,679,330,349,22,52,57,80,93,160,154,61
S01008572,931,417,514,46,80,52,93,139,217,149,155
S01008573,873,452,421,36,51,63,93,108,260,139,123
S01008574,650,333,317,29,39,45,80,102,203,135,17
S01008575,800,374,426,34,52,36,105,90,243,170,70
S01008576,820,404,416,33,30,35,99,142,177,196,108
S01008577,902,402,500,27,32,37,91,85,217,268,145
S01008578,767,374,393,28,48,57,55,72,199,174,134
S01008579,1432,646,786,93,82,51,164,186,334,274,248
S01008580,540,257,283,22,38,24,70,85,132,117,52
S01008581,922,442,480,52,58,32,151,193,231,145,60
S01008582,1062,516,546,73,97,45,174,207,247,166,53
S01008583,759,364,395,46,76,54,131,131,180,106,35
S01008584,839,424,415,44,86,53,139,140,221,108,48
S01008585,624,334,290,43,51,49,95,137,147,65,37
S01008586,865,431,434,46,70,59,152,125,234,131,48
S01008587,1300,593,707,38,80,48,468,190,200,183,93
S01008588,853,420,433,29,81,68,109,116,226,130,94
S01008589,415,209,206,14,36,26,53,54,104,90,38
S01008590,849,358,491,28,53,48,141,154,201,98,126
S01008591,876,446,430,38,72,46,135,153,249,131,52
S01008592,960,480,480,32,66,76,232,174,244,93,43
S01008593,746,390,356,41,78,71,62,76,222,125,71
S01008594,1177,557,620,54,71,82,206,164,270,176,154
S01008595,809,399,410,29,29,15,140,135,172,162,127
S01008596,854,421,433,34,48,29,199,167,206,113,58
S01008597,855,414,441,29,43,58,115,87,229,198,96
S01008598,780,348,432,18,57,32,326,92,132,70,53
S01008599,857,430,427,28,59,42,255,108,186,122,57
S01008600,1211,617,594,63,149,109,174,182,342,100,92
S01008601,2281,1282,999,15,24,36,1929,81,108,58,30
S01008602,677,323,354,19,30,14,299,109,124,59,23
S01008603,1553,681,872,23,33,23,998,224,146,79,27
S01008604,1249,599,650,30,45,53,574,203,190,116,38
S01008605,709,366,343,28,35,31,263,92,160,77,23
S01008606,743,364,379,19,82,67,77,94,226,116,62
S01008607,628,298,330,20,52,57,57,47,171,147,77
S01008608,787,372,415,22,61,47,72,90,202,168,125
S01008609,1021,453,568,25,88,86,101,91,257,197,176
S01008610,792,350,442,23,52,32,153,92,173,126,141
S01008611,1371,605,766,41,57,45,764,173,160,98,33
S01008612,635,260,375,21,31,19,283,82,133,47,19
S01008613,757,355,402,17,46,41,251,76,163,103,60
S01008614,699,328,371,19,24,9,427,59,89,53,19
S01008615,806,356,450,17,39,34,386,79,128,79,44
S01008616,601,275,326,13,32,15,324,62,96,43,16
S01008617,710,373,337,30,51,15,352,53,151,42,16
S01008618,607,287,320,20,38,22,316,56,100,39,16
S01008619,491,231,260,16,34,22,196,53,105,53,12
S01008620,672,347,325,18,32,26,349,72,113,48,14
S01008621,764,383,381,24,37,19,449,73,94,49,19
S01008622,463,218,245,18,26,14,169,56,95,63,22
S01008623,812,364,448,30,56,30,310,68,154,102,62
S01008624,797,382,415,26,62,43,68,79,204,154,161
S01008625,600,286,314,28,56,49,65,49,166,135,52
S01008626,914,439,475,39,75,67,110,129,269,149,76
S01008627,785,374,411,33,76,57,79,87,201,125,127
S01008628,678,346,332,25,41,31,124,154,179,73,51
S01008629,663,310,353,28,53,38,116,113,179,99,37
S01008630,626,303,323,29,41,22,215,113,120,41,45
S01008631,958,468,490,26,45,43,223,277,203,99,42
S01008632,810,417,393,19,32,23,168,192,209,116,51
S01008633,1009,479,530,36,77,72,118,140,222,189,155
S01008634,741,396,345,32,56,65,208,58,151,123,48
S01008635,856,357,499,25,63,59,199,95,223,122,70
S01008636,838,360,478,38,43,54,202,89,191,140,81
S01008637,897,418,479,25,46,44,186,152,207,147,90
S01008638,813,393,420,30,47,29,283,91,131,115,87
S01008639,951,476,475,38,60,33,271,231,214,75,29
S01008640,786,374,412,26,25,39,347,129,127,73,20
S01008641,854,372,482,29,39,19,440,127,120,59,21
S01008642,931,497,434,37,52,33,312,174,183,107,33
S01008643,765,355,410,28,42,48,173,161,215,79,19
S01008644,870,441,429,29,41,33,351,121,159,91,45
S01008645,746,351,395,25,54,32,311,106,124,57,37
S01008646,897,442,455,33,59,36,228,246,179,69,47
S01008647,674,383,291,17,31,10,183,232,141,38,22
S01008648,643,319,324,20,34,7,197,198,104,48,35
S01008649,1030,518,512,25,30,14,269,352,203,70,67
S01008650,799,390,409,16,27,9,252,294,146,41,14
S01008651,1871,921,950,28,26,20,1181,358,194,54,10
S01008652,546,315,231,19,18,11,166,127,150,38,17
S01008653,915,551,364,24,23,22,451,179,127,66,23
S01008654,978,545,433,25,42,14,380,225,224,48,20
S01008655,939,498,441,34,42,11,450,209,111,52,30
S01008656,649,395,254,18,19,7,211,192,141,45,16
S01008657,735,357,378,23,30,14,268,148,174,60,18
S01008658,1518,778,740,34,39,26,747,280,251,95,46
S01008659,664,325,339,16,15,6,345,88,128,41,25
S01008660,872,450,422,17,21,26,409,138,154,92,15
S01008661,1028,457,571,19,14,21,574,144,147,79,30
S01008662,549,262,287,16,23,16,329,44,81,31,9
S01008663,964,513,451,28,17,7,534,149,140,63,26
S01008664,745,363,382,21,25,14,332,141,129,65,18
S01008665,1714,730,984,26,55,36,970,302,204,98,23
S01008666,1116,466,650,19,36,16,725,140,110,42,28
S01008667,1147,520,627,35,46,26,644,107,177,73,39
S01008668,672,341,331,12,23,7,376,118,87,34,15
S01008669,493,233,260,3,11,8,378,42,31,13,7
S01008670,963,449,514,11,6,18,789,52,43,25,19
S01008671,767,362,405,14,17,15,542,64,60,35,20
S01008672,767,329,438,8,18,14,433,116,66,70,42
S01008673,2567,1109,1458,53,93,38,1518,408,299,119,39
S01008674,1268,547,721,3,14,14,865,189,117,52,14
S01008675,960,507,453,9,15,20,381,220,206,78,31
S01008676,671,341,330,9,17,15,274,84,166,82,24
S01008677,816,418,398,9,14,9,407,158,140,60,19
S01008678,1584,669,915,23,27,15,1129,193,157,34,6
S01008679,1552,747,805,8,20,22,972,174,208,104,44
S01008680,725,341,384,10,22,15,386,117,117,47,11
S01008681,1363,619,744,10,19,21,857,203,158,55,40
S01008682,874,454,420,20,23,20,389,158,168,72,24
S01008683,2328,860,1468,34,58,48,1436,362,230,116,44
S01008684,1146,535,611,37,74,33,405,217,250,98,32
S01008685,2799,1110,1689,13,39,20,1748,549,299,90,41
S01008686,1263,611,652,40,39,26,424,237,248,156,93
S01008687,698,395,303,23,9,11,176,230,183,49,17
S01008688,962,517,445,23,34,25,163,304,215,99,99
S01008689,924,451,473,15,37,19,185,290,240,82,56
S01008690,1131,574,557,50,28,18,246,371,272,102,44
S01008691,1190,602,588,34,46,14,228,381,342,112,33
S01008692,1493,732,761,80,68,25,279,489,301,86,165
S01008693,439,211,228,19,19,15,47,43,139,95,62
S01008694,915,485,430,35,45,17,186,257,247,90,38
S01008695,686,316,370,20,44,31,136,156,190,85,24
S01008696,615,290,325,31,40,16,80,101,189,105,53
S01008697,1043,519,524,48,63,46,133,155,288,214,96
S01008698,504,235,269,13,37,27,58,63,131,119,56
S01008699,884,396,488,53,68,46,132,172,193,141,79
S01008700,524,263,261,15,51,19,60,46,149,115,69
S01008701,1188,591,597,126,131,68,198,263,310,80,12
S01008702,678,362,316,40,38,19,150,244,132,40,15
S01008703,1041,455,586,84,124,66,155,173,279,137,23
S01008704,2581,1203,1378,290,240,168,482,649,544,162,46
S01008705,523,256,267,29,57,37,87,79,135,64,35
S01008706,674,338,336,53,56,71,99,148,184,51,12
S01008707,977,459,518,86,115,84,150,194,229,90,29
S01008708,1232,619,613,95,131,90,189,231,268,149,79
S01008709,724,334,390,35,96,66,122,98,189,95,23
S01008710,450,218,232,37,55,38,57,86,114,43,20
S01008711,810,374,436,71,93,56,111,152,153,121,53
S01008712,1103,552,551,61,82,73,169,114,232,210,162
S01008713,637,290,347,58,73,68,109,87,159,62,21
S01008714,574,287,287,34,48,24,75,97,151,86,59
S01008715,754,346,408,47,54,37,105,96,177,153,85
S01008716,562,245,317,22,47,30,76,60,149,107,71
S01008717,413,214,199,32,42,16,75,50,120,64,14
S01008718,817,379,438,63,65,45,120,152,186,146,40
S01008719,1067,501,566,64,95,64,203,196,247,158,40
S01008720,1484,693,791,187,140,54,192,391,334,139,47
S01008721,826,427,399,52,49,44,89,131,281,150,30
S01008722,1050,504,546,34,78,66,101,78,272,258,163
S01008723,729,360,369,26,25,39,165,65,206,151,52
S01008724,984,425,559,29,91,53,107,89,286,194,135
S01008725,764,378,386,25,59,49,81,87,254,149,60
S01008726,597,286,311,20,41,51,61,51,195,125,53
S01008727,1068,467,601,29,73,80,106,136,310,207,127
S01008728,623,282,341,25,73,37,93,79,199,77,40
S01008729,710,319,391,36,57,65,70,95,225,116,46
S01008730,866,402,464,56,68,42,106,194,277,100,23
S01008731,538,241,297,20,49,10,57,67,157,111,67
S01008732,632,313,319,28,36,41,91,104,202,77,53
S01008733,1082,519,563,64,62,15,168,252,259,170,92
S01008734,651,314,337,23,52,39,83,64,178,105,107
S01008735,1009,474,535,53,91,73,87,106,281,188,130
S01008736,751,368,383,35,58,59,93,87,215,124,80
S01008737,850,419,431,47,69,55,116,86,217,164,96
S01008738,845,400,445,34,65,58,83,86,211,167,141
S01008739,553,265,288,30,63,26,77,59,136,112,50
S01008740,550,270,280,27,53,43,40,73,142,96,76
S01008741,940,470,470,46,74,74,105,105,251,171,114
S01008742,468,205,263,13,16,9,60,69,117,82,102
S01008743,912,396,516,57,55,66,110,201,241,111,71
S01008744,1069,532,537,45,73,72,139,187,321,140,92
S01008745,492,220,272,16,31,26,74,69,128,100,48
S01008746,1030,538,492,37,72,57,222,202,274,103,63
S01008747,522,242,280,23,38,25,69,69,141,95,62
S01008748,632,286,346,28,31,47,55,55,169,131,116
S01008749,1023,495,528,52,55,47,100,99,251,246,173
S01008750,658,311,347,13,31,24,73,41,185,175,116
S01008751,606,299,307,28,36,35,69,93,153,133,59
S01008752,733,350,383,63,57,35,120,149,183,71,55
S01008753,545,257,288,25,21,32,97,97,163,77,33
S01008754,658,313,345,26,51,26,84,181,170,74,46
S01008755,1003,519,484,53,66,43,171,233,259,122,56
S01008756,652,326,326,21,31,19,88,136,205,93,59
S01008757,591,285,306,36,36,24,100,107,146,104,38
S01008758,837,389,448,51,84,49,108,150,233,102,60
S01008759,587,253,334,40,30,36,81,97,172,92,39
S01008760,949,474,475,58,89,54,166,140,291,101,50
S01008761,720,346,374,31,56,32,150,169,170,76,36
S01008762,576,284,292,26,34,24,90,81,149,104,68
S01008763,903,431,472,45,50,35,124,206,262,120,61
S01008764,696,338,358,39,70,36,57,136,204,117,37
S01008765,868,375,493,38,53,58,134,184,279,84,38
S01008766,980,457,523,49,69,50,113,126,270,179,124
S01008767,548,278,270,16,36,36,67,89,183,89,32
S01008768,1404,689,715,115,105,56,250,371,366,118,23
S01008769,982,492,490,51,46,17,209,292,232,112,23
S01008770,1096,574,522,78,47,30,178,327,281,124,31
S01008771,1249,627,622,64,116,63,164,287,347,163,45
S01008772,752,397,355,27,53,39,94,148,225,108,58
S01008773,1052,537,515,45,52,29,166,269,312,127,52
S01008774,1021,524,497,54,81,42,194,266,271,81,32
S01008775,658,331,327,52,69,27,94,139,166,83,28
S01008776,837,413,424,43,57,42,109,216,225,92,53
S01008777,1135,656,479,36,45,13,185,326,307,158,65
S01008778,1207,647,560,27,55,17,253,347,339,135,34
S01008779,830,417,413,29,33,19,151,243,256,71,28
S01008780,598,316,282,24,15,16,143,178,162,43,17
S01008781,1155,593,562,55,99,37,238,336,297,80,13
S01008782,814,463,351,37,52,21,162,215,231,72,24
S01008783,498,256,242,16,23,14,92,181,115,50,7
S01008784,453,222,231,15,14,16,89,149,123,39,8
S01008785,902,460,442,49,85,30,163,228,208,86,53
S01008786,1045,526,519,27,47,18,217,402,256,44,34
S01008787,397,187,210,37,54,26,63,91,87,23,16
S01008788,830,449,381,22,43,25,160,282,215,63,20
S01008789,709,337,372,34,44,25,124,141,159,97,85
S01008790,733,408,325,22,31,27,200,210,153,59,31
S01008791,1088,549,539,70,77,22,197,405,209,82,26
S01008792,910,469,441,29,64,21,189,236,241,95,35
S01008793,501,249,252,25,25,9,94,130,120,60,38
S01008794,840,417,423,32,40,38,117,200,201,132,80
S01008795,1231,628,603,30,49,24,315,414,285,88,26
S01008796,1118,551,567,31,52,42,258,318,272,105,40
S01008797,878,475,403,24,27,10,186,299,210,81,41
S01008798,812,424,388,16,28,11,176,272,187,81,41
S01008799,745,411,334,39,54,30,138,278,164,25,17
S01008800,1199,622,577,38,41,20,277,450,272,88,13
S01008801,1118,540,578,19,49,11,328,401,217,67,26
S01008802,1081,558,523,30,30,11,268,368,285,75,14
S01008803,964,485,479,31,49,28,227,285,246,63,35
S01008804,803,397,406,13,17,13,269,187,135,68,101
S01008805,684,348,336,16,31,18,328,141,98,30,22
S01008806,1313,671,642,64,35,34,273,479,300,102,26
S01008807,819,405,414,23,19,15,197,224,232,76,33
S01008808,768,366,402,13,17,20,176,229,184,97,32
S01008809,803,409,394,31,26,14,239,186,175,89,43
S01008810,743,388,355,19,22,19,158,238,204,63,20
S01008811,967,456,511,25,19,24,270,297,204,100,28
S01008812,630,293,337,22,16,10,207,189,143,25,18
S01008813,1049,560,489,45,42,61,195,258,294,109,45
S01008814,947,456,491,27,37,33,202,279,228,99,42
S01008815,905,466,439,32,40,23,188,237,281,80,24
S01008816,657,348,309,28,20,17,131,205,161,53,42
S01008817,1004,478,526,57,60,22,215,316,223,87,24
S01008818,1057,520,537,53,64,33,185,313,279,99,31
S01008819,772,367,405,23,20,32,109,194,193,119,82
S01008820,1123,576,547,58,58,44,212,295,305,105,46
S01008821,747,354,393,50,84,50,99,129,208,99,28
S01008822,719,339,380,38,44,57,85,74,212,150,59
S01008823,708,336,372,35,60,34,53,115,184,125,102
S01008824,1016,480,536,49,86,40,106,167,285,185,98
S01008825,649,314,335,32,49,37,60,117,198,119,37
S01008826,695,333,362,23,42,24,96,138,227,107,38
S01008827,749,366,383,27,72,65,71,51,219,137,107
S01008828,868,432,436,45,60,60,91,143,261,142,66
S01008829,780,360,420,39,79,62,72,139,201,118,70
S01008830,950,464,486,41,87,61,105,128,298,147,83
S01008831,727,342,385,22,46,34,80,62,202,173,108
S01008832,869,440,429,32,58,54,78,118,253,159,117
S01008833,1026,514,512,38,70,52,106,191,283,149,137
S01008834,1143,519,624,66,85,63,87,154,338,208,142
S01008835,874,393,481,40,76,36,107,154,218,158,85
S01008836,765,357,408,31,20,24,153,207,224,66,40
S01008837,1384,686,698,62,46,20,365,421,324,109,37
S01008838,1192,616,576,28,39,25,314,300,295,132,59
S01008839,1102,552,550,37,39,32,176,328,301,135,54
S01008840,1134,569,565,46,60,30,211,290,325,125,47
S01008841,783,397,386,51,48,21,147,236,180,70,30
S01008842,1052,550,502,50,66,32,211,372,242,55,24
S01008843,1316,589,727,55,42,15,458,390,248,77,31
S01008844,739,374,365,21,57,27,155,235,155,64,25
S01008845,868,373,495,35,23,24,325,166,195,74,26
S01008846,665,321,344,15,23,18,195,116,176,93,29
S01008847,622,337,285,20,19,11,222,128,130,66,26
S01008848,604,328,276,21,23,18,139,67,198,106,32
S01008849,729,400,329,19,38,30,141,168,190,89,54
S01008850,701,325,376,28,27,21,170,71,168,160,56
S01008851,968,506,462,15,27,28,203,170,264,177,84
S01008852,939,490,449,25,47,60,144,161,225,176,101
S01008853,583,262,321,22,24,22,136,141,163,67,8
S01008854,898,436,462,26,39,25,199,150,283,116,60
S01008855,1152,525,627,44,42,24,219,309,289,163,62
S01008856,581,295,286,22,26,19,133,157,169,40,15
S01008857,812,372,440,28,31,25,142,220,206,117,43
S01008858,625,271,354,22,34,14,88,134,175,109,49
S01008859,1093,493,600,24,45,22,209,286,245,136,126
S01008860,874,388,486,24,40,20,166,213,249,111,51
S01008861,785,374,411,32,28,44,101,105,264,154,57
S01008862,910,450,460,31,28,24,160,294,235,90,48
S01008863,639,312,327,24,36,25,112,159,160,85,38
S01008864,1550,774,776,40,74,378,351,293,257,68,89
S01008865,954,452,502,39,61,55,137,238,266,102,56
S01008866,821,359,462,33,36,28,188,174,239,86,37
S01008867,916,436,480,35,58,28,110,188,263,164,70
S01008868,1039,558,481,25,33,23,259,310,270,93,26
S01008869,1257,637,620,36,55,43,201,252,353,226,91
S01008870,888,444,444,34,33,56,118,162,243,159,83
S01008871,1216,650,566,39,63,38,270,293,298,166,49
S01008872,869,463,406,21,34,23,283,154,229,91,34
S01008873,778,380,398,36,53,52,97,118,218,163,41
S01008874,1004,505,499,34,42,25,175,245,275,143,65
S01008875,852,437,415,25,33,25,160,251,192,85,81
S01008876,635,313,322,22,45,36,61,64,184,119,104
S01008877,543,269,274,25,32,37,63,100,147,88,51
S01008878,851,437,414,34,29,40,98,122,239,189,100
S01008879,804,385,419,37,66,28,90,145,232,132,74
S01008880,726,328,398,34,28,25,90,100,168,155,126
S01008881,728,373,355,13,22,25,86,72,206,161,143
S01008882,1058,516,542,47,97,84,137,106,327,178,82
S01008883,1091,499,592,41,89,85,110,74,316,174,202
S01008884,725,361,364,21,61,45,64,55,211,155,113
S01008885,866,433,433,22,83,95,63,74,284,181,64
S01008886,957,458,499,33,51,56,151,178,210,202,76
S01008887,760,357,403,27,67,42,74,113,215,145,77
S01008888,690,345,345,28,27,29,107,179,168,114,38
S01008889,870,434,436,43,46,28,132,196,217,131,77
S01008890,651,322,329,27,69,47,56,69,207,124,52
S01008891,828,394,434,42,75,51,90,84,239,169,78
S01008892,989,444,545,28,67,62,134,128,245,199,126
S01008893,921,448,473,39,104,82,70,79,297,145,105
S01008894,858,412,446,33,82,81,62,52,274,167,107
S01008895,907,436,471,39,91,60,81,66,278,127,165
S01008896,715,361,354,30,84,68,75,53,274,91,40
S01008897,727,326,401,32,71,67,61,75,222,113,86
S01008898,868,411,457,21,80,71,76,83,248,184,105
S01008899,879,403,476,52,79,69,112,155,239,118,55
S01008900,918,453,465,36,78,63,114,161,248,151,67
S01008901,901,446,455,45,89,65,127,123,246,148,58
S01008902,1178,540,638,73,108,96,182,215,285,123,96
S01008903,987,468,519,39,77,50,146,121,274,180,100
S01008904,1064,559,505,75,123,53,213,201,245,112,42
S01008905,1130,577,553,87,132,117,168,222,285,86,33
S01008906,848,465,383,48,81,77,168,151,224,81,18
S01008907,978,437,541,85,141,96,160,188,215,67,26
S01008908,1381,649,732,94,120,72,288,312,294,133,68
S01008909,699,359,340,38,34,28,100,111,208,122,58
S01008910,541,246,295,48,35,40,82,128,135,54,19
S01008911,1482,739,743,90,100,58,332,512,288,92,10
S01008912,791,380,411,47,76,59,91,105,229,126,58
S01008913,746,392,354,47,91,60,92,141,248,49,18
S01008914,926,439,487,37,87,43,105,144,299,128,83
S01008915,557,263,294,15,58,55,58,54,161,101,55
S01008916,1048,485,563,67,65,64,129,167,228,226,102
S01008917,785,391,394,50,85,49,120,153,209,88,31
S01008918,564,272,292,32,78,40,88,109,159,47,11
S01008919,590,304,286,44,82,51,90,106,171,38,8
S01008920,1562,839,723,87,84,56,265,415,484,135,36
S01008921,827,399,428,45,83,66,126,135,199,112,61
S01008922,950,451,499,50,79,53,162,161,229,113,103
S01008923,794,368,426,39,73,35,114,153,193,129,58
S01008924,945,458,487,43,105,89,178,122,265,120,23
S01008925,735,335,400,56,115,68,103,137,164,77,15
S01008926,580,274,306,26,33,44,79,124,144,107,23
S01008927,1089,530,559,58,90,41,171,333,301,82,13
S01008928,955,538,417,56,54,47,233,218,199,80,68
S01008929,1107,576,531,104,126,87,229,183,254,107,17
S01008930,750,340,410,55,89,79,104,102,199,84,38
S01008931,1685,780,905,154,211,143,282,322,395,132,46
S01008932,977,493,484,70,89,40,201,253,219,77,28
S01008933,659,329,330,41,72,60,99,114,180,74,19
S01008934,885,459,426,41,70,72,160,159,269,87,27
S01008935,930,452,478,43,89,71,106,140,237,136,108
S01008936,410,195,215,20,34,41,35,29,140,66,45
S01008937,955,435,520,35,82,52,111,148,257,158,112
S01008938,783,381,402,25,90,66,89,81,260,104,68
S01008939,792,393,399,36,69,67,81,81,249,119,90
S01008940,647,321,326,14,65,59,63,40,182,123,101
S01008941,1052,537,515,42,112,115,99,98,311,144,131
S01008942,794,379,415,37,82,50,79,125,238,112,71
S01008943,922,472,450,42,104,73,103,59,262,142,137
S01008944,1094,519,575,47,104,87,83,103,291,232,147
S01008945,760,365,395,34,72,77,55,54,241,168,59
S01008946,1033,445,588,39,80,59,94,89,232,230,210
S01008947,1119,534,585,54,81,82,114,117,299,206,166
S01008948,712,336,376,26,65,38,74,80,213,169,47
S01008949,935,444,491,45,69,60,135,140,271,141,74
S01008950,1029,472,557,59,96,77,135,152,293,134,83
S01008951,872,438,434,60,52,55,103,194,231,120,57
S01008952,821,382,439,56,61,43,120,187,193,93,68
S01008953,907,431,476,49,64,68,139,115,271,134,67
S01008954,933,458,475,57,80,50,100,177,246,139,84
S01008955,669,331,338,41,41,50,72,82,186,109,88
S01008956,869,400,469,43,50,49,129,149,219,181,49
S01008957,1027,513,514,42,82,88,147,156,279,149,84
S01008958,1010,496,514,48,84,43,136,210,238,171,80
S01008959,831,379,452,40,53,46,124,121,222,173,52
S01008960,1164,576,588,59,124,108,124,162,390,161,36
S01008961,674,290,384,23,45,31,95,79,198,132,71
S01008962,661,311,350,33,57,31,55,109,167,152,57
S01008963,837,407,430,33,67,47,96,99,235,178,82
S01008964,529,271,258,28,52,28,56,65,150,78,72
S01008965,834,391,443,54,67,49,77,94,226,169,98
S01008966,581,292,289,17,52,35,61,47,175,130,64
S01008967,1051,479,572,50,78,77,106,103,296,217,124
S01008968,1700,849,851,130,171,102,202,270,486,225,114
S01008969,1094,511,583,50,123,82,116,119,308,177,119
S01008970,994,491,503,41,75,50,105,123,308,192,100
S01008971,712,350,362,25,56,48,81,70,199,159,74
S01008972,785,367,418,43,58,56,78,82,235,127,106
S01008973,965,440,525,22,53,33,122,121,245,213,156
S01008974,802,383,419,32,68,59,108,122,212,117,84
S01008975,817,346,471,31,43,32,127,137,171,125,151
S01008976,536,263,273,29,47,30,49,65,168,85,63
S01008977,634,295,339,27,18,27,65,59,162,176,100
S01008978,615,312,303,31,42,40,86,105,168,93,50
S01008979,697,303,394,39,57,32,129,151,181,75,33
S01008980,786,386,400,50,52,53,122,180,194,103,32
S01008981,731,362,369,31,48,36,68,79,202,163,104
S01008982,792,370,422,36,59,39,127,187,191,117,36
S01008983,621,321,300,39,64,25,112,163,135,69,14
S01008984,511,232,279,31,45,25,95,122,107,61,25
S01008985,1141,592,549,101,109,48,182,302,234,113,52
S01008986,793,376,417,46,63,37,94,114,185,168,86
S01008987,754,377,377,26,60,32,84,88,182,175,107
S01008988,1073,551,522,36,82,42,131,208,260,151,163
S01008989,630,318,312,29,27,27,104,156,187,82,18
S01008990,1150,584,566,88,103,53,165,309,262,141,29
S01008991,912,462,450,48,75,37,132,154,305,127,34
S01008992,532,274,258,23,27,19,69,94,127,116,57
S01008993,1055,515,540,52,55,80,162,128,330,158,90
S01008994,778,382,396,36,77,66,88,87,224,131,69
S01008995,820,405,415,40,79,36,97,108,236,174,50
S01008996,950,455,495,79,108,46,90,155,279,135,58
S01008997,1337,677,660,99,149,87,140,207,408,193,54
S01008998,863,406,457,88,117,68,104,191,182,88,25
S01008999,800,373,427,32,72,34,112,109,196,150,95
S01009000,1755,860,895,136,225,96,163,290,497,249,99
S01009001,898,414,484,39,71,90,100,95,275,147,81
S01009002,2967,1448,1519,395,367,165,314,686,712,246,82
S01009003,977,445,532,62,99,66,80,130,289,185,66
S01009004,684,326,358,38,51,60,103,89,175,126,42
S01009005,913,436,477,51,71,57,138,187,223,124,62
S01009006,733,362,371,35,76,58,71,115,194,121,63
S01009007,759,357,402,40,79,59,89,141,200,101,50
S01009008,943,451,492,35,55,64,105,101,269,207,107
S01009009,459,223,236,29,41,32,57,78,110,61,51
S01009010,977,451,526,58,91,53,131,140,291,161,52
S01009011,840,396,444,39,90,70,86,109,285,127,34
S01009012,761,397,364,34,65,64,78,102,226,144,48
S01009013,854,400,454,36,57,61,88,107,240,204,61
S01009050,791,369,422,23,45,52,81,61,255,173,101
S01009051,695,355,340,47,65,57,117,96,214,67,32
S01009052,569,287,282,15,21,20,67,63,175,135,73
S01009053,595,302,293,39,61,44,123,60,165,80,23
S01009054,541,265,276,26,46,37,79,52,142,121,38
S01009055,1138,571,567,76,76,54,141,136,345,208,102
S01009056,548,283,265,29,64,65,68,58,155,80,29
S01009057,594,294,300,34,61,60,83,94,149,77,36
S01009058,775,361,414,38,51,48,110,92,222,124,90
S01009059,871,458,413,44,72,63,149,92,299,106,46
S01009060,1095,533,562,73,93,76,180,184,342,115,32
S01009061,744,351,393,39,49,53,103,87,198,152,63
S01009062,634,318,316,32,64,47,76,66,145,138,66
S01009063,751,367,384,30,69,52,94,65,190,168,83
S01009064,573,289,284,30,55,37,78,68,156,87,62
S01009065,647,337,310,48,50,36,111,68,192,88,54
S01009066,728,363,365,30,75,61,100,88,192,112,70
S01009067,946,464,482,46,86,78,151,115,311,130,29
S01009068,885,415,470,37,79,57,120,116,258,159,59
S01009069,612,307,305,22,43,27,79,52,165,178,46
S01009070,606,301,305,20,38,28,93,58,150,174,45
S01009071,511,258,253,6,26,42,73,28,168,126,42
S01009072,563,285,278,25,45,42,65,70,189,94,33
S01009073,819,362,457,49,63,57,119,89,180,120,142
S01009074,713,335,378,41,82,71,100,80,178,117,44
S01009075,573,269,304,22,37,34,86,54,169,121,50
S01009076,917,451,466,38,75,48,101,121,309,186,39
S01009077,586,294,292,21,43,21,91,75,138,157,40
S01009078,821,420,401,34,80,105,114,117,287,70,14
S01009079,870,414,456,28,78,52,104,113,199,170,126
S01009080,891,421,470,41,55,49,127,102,230,207,80
S01009081,600,298,302,18,25,30,63,61,186,162,55
S01009082,1093,520,573,61,77,75,137,135,350,184,74
S01009083,752,359,393,37,35,45,139,72,215,160,49
S01009084,933,468,465,52,97,80,140,132,266,103,63
S01009085,836,449,387,49,83,97,105,140,261,86,15
S01009086,711,363,348,39,56,44,87,91,216,117,61
S01009087,550,267,283,19,40,48,77,64,172,80,50
S01009088,1027,506,521,49,94,63,134,80,296,212,99
S01009089,985,467,518,52,118,102,107,106,348,110,42
S01009090,2465,1220,1245,181,347,222,292,477,742,148,56
S01009091,782,387,395,45,70,79,143,89,295,48,13
S01009092,1123,524,599,62,80,71,148,149,348,191,74
S01009093,735,361,374,48,68,45,114,129,177,108,46
S01009094,635,312,323,14,37,51,47,37,188,142,119
S01009095,868,437,431,33,46,33,130,83,276,191,76
S01009096,1084,541,543,53,137,98,107,137,320,117,115
S01009097,857,433,424,26,60,68,124,73,319,127,60
S01009098,499,241,258,17,40,39,49,39,157,104,54
S01009099,696,348,348,27,42,41,87,80,178,145,96
S01009100,808,376,432,43,58,57,91,98,223,152,86
S01009101,816,398,418,33,63,58,114,95,235,160,58
S01009102,820,412,408,53,106,88,125,125,196,107,20
S01009103,551,261,290,19,26,26,64,46,163,140,67
S01009104,747,355,392,30,60,62,88,84,200,155,68
S01009105,753,355,398,30,71,60,86,100,229,127,50
S01009106,556,257,299,25,33,41,82,68,172,80,55
S01009107,806,388,418,33,55,55,120,78,256,158,51
S01009108,690,338,352,27,52,40,59,94,189,154,75
S01009109,604,309,295,19,25,35,88,32,156,200,49
S01009110,576,258,318,22,38,45,64,64,152,126,65
S01009111,817,376,441,29,46,47,111,100,276,167,41
S01009112,545,280,265,6,36,26,67,40,162,138,70
S01009113,891,432,459,17,47,47,111,65,241,183,180
S01009114,735,373,362,26,48,51,129,74,271,105,31
S01009115,561,287,274,32,35,34,104,86,144,96,30
S01009116,440,202,238,9,13,17,61,41,120,129,50
S01009117,901,446,455,36,78,68,130,114,311,111,53
S01009118,588,296,292,24,65,36,104,76,192,73,18
S01009119,715,352,363,35,68,49,90,102,196,121,54
S01009120,522,249,273,29,34,31,79,72,151,93,33
S01009121,736,358,378,40,46,34,84,101,221,148,62
S01009122,2343,1160,1183,223,298,164,275,421,646,219,97
S01009123,599,308,291,35,42,50,80,66,199,102,25
S01009124,621,300,321,29,63,69,66,86,191,82,35
S01009125,738,332,406,23,49,45,69,82,183,150,137
S01009126,578,269,309,53,48,41,109,77,150,75,25
S01009127,702,330,372,44,76,57,109,96,185,104,31
S01009128,845,404,441,38,53,44,107,134,246,144,79
S01009129,515,258,257,23,44,39,87,75,148,73,26
S01009130,542,251,291,26,67,33,84,86,160,49,37
S01009131,499,253,246,21,38,24,73,66,138,96,43
S01009132,816,408,408,37,54,68,126,99,273,126,33
S01009133,756,392,364,38,77,53,108,120,224,106,30
S01009134,874,422,452,34,71,59,116,90,290,128,86
S01009135,535,286,249,14,34,22,114,90,181,63,17
S01009136,825,395,430,25,76,54,115,100,229,99,127
S01009137,805,408,397,56,91,88,96,114,304,48,8
S01009138,869,412,457,45,74,31,119,126,282,145,47
S01009139,403,205,198,18,24,14,73,79,125,56,14
S01009140,654,323,331,37,33,20,94,119,180,113,58
S01009141,853,435,418,37,41,28,151,85,274,144,93
S01009142,526,285,241,23,22,13,97,61,155,105,50
S01009143,536,282,254,22,34,28,79,68,150,90,65
S01009144,748,398,350,45,53,34,131,159,238,75,13
S01009145,934,470,464,34,56,46,116,93,266,206,117
S01009146,932,447,485,50,76,56,151,158,245,130,66
S01009147,835,416,419,52,93,56,118,139,215,102,60
S01009148,661,329,332,42,56,79,95,72,191,81,45
S01009149,748,368,380,31,46,48,92,90,238,143,60
S01009150,740,346,394,1,3,4,6,7,60,343,316
S01009151,825,381,444,25,37,44,86,104,194,169,166
S01009152,626,311,315,5,23,24,47,83,168,154,122
S01009153,500,281,219,12,20,16,84,107,141,88,32
S01009154,999,468,531,35,47,67,98,115,296,151,190
S01009155,521,266,255,6,29,46,69,55,185,89,42
S01009156,599,300,299,21,28,29,63,45,199,145,69
S01009157,899,444,455,33,84,73,137,94,253,146,79
S01009158,615,294,321,36,55,57,74,107,162,88,36
S01009159,446,221,225,24,35,37,62,43,138,73,34
S01009160,670,323,347,21,35,21,91,84,212,111,95
S01009161,659,340,319,39,49,22,134,110,160,96,49
S01009162,663,329,334,24,25,13,89,123,201,132,56
S01009163,472,228,244,21,24,26,55,55,133,85,73
S01009164,697,348,349,30,52,47,117,89,210,112,40
S01009165,689,336,353,38,53,73,116,98,176,97,38
S01009166,775,375,400,28,54,55,119,122,216,136,45
S01009167,536,270,266,28,61,59,72,71,160,59,26
S01009168,611,292,319,17,24,29,68,61,166,149,97
S01009169,752,343,409,25,42,46,65,79,139,200,156
S01009170,686,342,344,44,46,40,107,82,218,105,44
S01009171,644,329,315,41,49,46,122,66,180,115,25
S01009172,679,341,338,25,62,44,80,82,209,122,55
S01009173,732,356,376,23,58,44,77,68,230,158,74
S01009174,514,247,267,21,52,47,66,61,218,41,8
S01009175,795,389,406,30,47,55,114,83,293,151,22
S01009176,981,494,487,28,59,82,93,72,327,210,110
S01009177,786,356,430,40,83,65,112,104,184,158,40
S01009178,725,355,370,45,95,47,103,108,192,104,31
S01009179,626,316,310,35,66,44,81,91,137,137,35
S01009180,930,479,451,46,84,52,144,121,249,177,57
S01009181,872,400,472,38,83,56,120,118,253,130,74
S01009182,940,487,453,50,53,60,126,131,291,160,69
S01009183,662,331,331,26,37,37,110,77,208,139,28
S01009184,833,407,426,43,81,67,108,100,235,133,66
S01009185,955,477,478,50,95,89,136,95,281,158,51
S01009186,781,362,419,40,76,57,110,81,250,107,60
S01009187,527,243,284,16,34,47,58,31,175,115,51
S01009188,902,425,477,45,72,63,138,92,301,129,62
S01009189,747,362,385,35,76,55,109,91,200,139,42
S01009190,1466,714,752,127,151,102,157,286,423,168,52
S01009191,723,374,349,30,87,87,94,72,282,64,7
S01009192,774,444,330,29,18,48,241,79,189,103,67
S01009193,1999,959,1040,221,263,123,272,483,515,111,11
S01009194,772,360,412,18,55,44,82,44,246,195,88
S01009195,856,397,459,31,70,59,120,121,263,112,80
S01009196,678,346,332,35,57,39,84,68,211,125,59
S01009197,1141,577,564,57,117,108,129,118,378,164,70
S01009198,681,361,320,35,47,28,83,75,179,165,69
S01009199,579,279,300,18,25,46,93,65,178,106,48
S01009200,1880,894,986,135,220,140,215,310,504,227,129
S01009201,659,335,324,29,69,50,97,89,192,99,34
S01009202,515,255,260,31,42,36,75,53,169,79,30
S01009203,740,363,377,45,91,79,104,95,162,100,64
S01009204,898,413,485,55,78,71,169,107,265,118,35
S01009205,635,310,325,31,38,18,77,85,179,164,43
S01009206,866,417,449,32,62,50,98,125,275,178,46
S01009207,673,331,342,12,24,23,70,42,170,228,104
S01009208,582,269,313,16,31,22,79,34,149,168,83
S01009209,630,298,332,22,20,17,60,56,145,179,131
S01009210,505,253,252,15,22,39,33,45,184,109,58
S01009211,582,292,290,20,42,44,79,72,177,116,32
S01009212,793,387,406,35,56,54,138,86,195,148,81
S01009213,844,382,462,36,66,52,111,101,226,132,120
S01009214,1023,488,535,49,96,52,107,126,274,205,114
S01009215,925,446,479,36,63,52,145,82,287,178,82
S01009216,926,449,477,51,47,56,141,90,280,184,77
S01009217,626,300,326,45,60,49,95,78,195,76,28
S01009218,804,381,423,37,61,37,99,84,234,162,90
S01009219,563,266,297,25,31,27,57,71,185,104,63
S01009220,490,242,248,22,41,38,73,41,123,93,59
S01009221,510,244,266,17,51,47,56,77,135,85,42
S01009222,515,253,262,24,43,44,93,79,122,72,38
S01009223,525,255,270,21,45,36,64,78,139,97,45
S01009224,688,344,344,24,54,50,100,96,224,100,40
S01009225,536,263,273,24,63,30,47,60,149,108,55
S01009226,820,419,401,33,42,41,86,113,252,172,81
S01009227,551,244,307,19,28,18,59,74,151,115,87
S01009228,549,270,279,22,54,47,93,63,123,98,49
S01009229,498,245,253,13,29,38,62,46,147,103,60
S01009230,489,255,234,9,25,22,61,52,174,107,39
S01009231,901,418,483,43,50,54,124,87,260,199,84
S01009232,567,290,277,36,43,37,101,93,154,69,34
S01009233,566,267,299,38,34,39,68,60,149,112,66
S01009234,872,436,436,62,78,59,143,158,222,111,39
S01009235,826,416,410,58,61,44,147,88,263,115,50
S01009236,483,227,256,20,24,36,41,47,134,107,74
S01009237,828,410,418,28,39,43,100,93,227,157,141
S01009238,670,294,376,24,49,44,77,74,181,117,104
S01009239,677,328,349,35,52,38,84,89,199,111,69
S01009240,671,362,309,43,44,36,143,114,181,66,44
S01009241,924,447,477,52,95,84,134,129,235,114,81
S01009242,663,311,352,32,40,21,94,55,187,156,78
S01009243,889,422,467,49,82,76,116,118,226,170,52
S01009244,743,358,385,26,31,41,58,72,216,191,108
S01009245,764,386,378,23,53,40,85,63,228,190,82
S01009246,827,412,415,48,62,56,107,82,211,188,73
S01009247,985,480,505,55,89,63,139,142,279,170,48
S01009248,653,319,334,28,56,27,68,59,189,155,71
S01009249,862,406,456,57,87,69,90,121,237,139,62
S01009250,604,275,329,27,47,49,72,69,152,120,68
S01009251,498,236,262,13,30,33,60,46,132,129,55
S01009252,469,213,256,18,35,41,54,67,153,88,13
S01009253,464,200,264,13,51,17,61,47,112,99,64
S01009254,803,370,433,44,105,48,103,125,193,125,60
S01009255,644,351,293,25,34,38,91,131,196,92,37
S01009256,450,219,231,20,21,26,49,45,128,106,55
S01009257,660,346,314,26,25,36,90,94,194,136,59
S01009258,998,496,502,65,88,64,97,128,311,177,68
S01009259,885,410,475,31,73,75,78,70,283,179,96
S01009260,1154,611,543,50,100,49,129,170,362,201,93
S01009261,705,342,363,40,60,42,101,86,156,139,81
S01009262,607,305,302,37,57,34,113,88,169,71,38
S01009263,825,410,415,44,71,58,104,146,263,102,37
S01010930,930,449,481,47,70,63,94,114,326,144,72
S01010931,984,493,491,97,88,52,95,178,300,118,56
S01010932,721,336,385,53,50,32,70,106,213,141,56
S01010933,1106,512,594,79,123,85,110,153,357,149,50
S01010934,945,473,472,35,62,43,119,97,276,219,94
S01010935,634,315,319,12,38,35,59,62,168,142,118
S01010936,685,338,347,25,34,17,71,87,211,133,107
S01010937,673,312,361,29,45,40,75,58,194,185,47
S01010938,774,382,392,43,64,49,128,104,191,135,60
S01010939,459,219,240,19,33,29,60,43,120,119,36
S01010940,630,310,320,24,44,36,73,58,136,166,93
S01010941,799,407,392,38,49,55,101,71,217,178,90
S01010942,635,302,333,24,49,53,67,45,160,157,80
S01010943,611,304,307,36,52,52,83,92,156,111,29
S01010944,539,249,290,28,39,38,96,61,114,92,71
S01010945,672,301,371,44,78,67,98,94,145,111,35
S01010946,929,458,471,44,106,73,132,110,233,152,79
S01010947,513,242,271,27,35,35,68,78,131,106,33
S01010948,637,294,343,17,56,44,88,58,177,137,60
S01010949,937,424,513,29,64,53,109,85,223,207,167
S01010950,828,381,447,38,62,47,113,109,203,153,103
S01010951,577,283,294,34,61,30,76,57,171,99,49
S01010952,508,243,265,19,37,41,85,64,142,96,24
S01010953,541,245,296,25,47,38,72,66,155,103,35
S01010954,666,392,274,13,36,25,166,102,155,136,33
S01010955,1371,694,677,126,181,107,198,227,314,181,37
S01010956,1520,702,818,138,150,61,162,289,433,216,71
S01010957,551,278,273,23,45,37,61,35,164,124,62
S01010958,467,232,235,25,33,10,42,54,112,116,75
S01010959,612,276,336,42,43,44,76,90,164,101,52
S01010960,1133,566,567,43,87,106,172,146,324,184,71
S01010961,538,253,285,24,36,32,71,84,126,102,63
S01010962,537,266,271,7,20,10,30,44,136,213,77
S01010963,871,425,446,31,64,60,137,89,283,144,63
S01010964,516,246,270,29,40,33,48,61,120,104,81
S01010965,537,239,298,31,58,47,76,76,127,87,35
S01010966,709,343,366,32,54,52,101,80,186,130,74
S01010967,679,318,361,33,55,49,125,92,185,101,39
S01010968,743,375,368,28,57,40,102,80,202,136,98
S01010969,648,294,354,21,24,23,76,66,141,162,135
S01010970,1063,532,531,55,93,58,144,124,309,199,81
S01010971,1062,519,543,59,94,90,128,132,303,171,85
S01010972,794,381,413,45,69,59,137,125,199,112,48
S01010973,491,247,244,24,35,30,54,61,125,110,52
S01010974,653,308,345,23,54,50,70,76,161,152,67
S01010975,503,237,266,27,41,29,105,53,147,67,34
S01010976,542,275,267,24,42,29,59,56,131,98,103
S01010977,692,309,383,38,53,42,98,86,187,117,71
S01010978,749,329,420,57,54,46,117,104,177,127,67
S01010979,833,397,436,42,74,87,148,109,228,104,41
S01010980,727,354,373,44,62,39,122,80,183,137,60
S01010981,698,316,382,35,51,44,78,83,169,166,72
S01010982,1245,592,653,52,80,81,83,108,324,325,192
S01010983,722,314,408,23,40,24,89,67,195,196,88
S01010984,642,282,360,27,50,23,49,41,170,152,130
S01010985,621,302,319,30,58,52,96,88,160,94,43
S01010986,534,262,272,24,57,52,62,53,195,58,33
S01010987,648,315,333,18,44,77,95,39,251,95,29
S01010988,604,315,289,21,55,63,85,52,228,78,22
S01010989,1249,643,606,97,157,76,164,315,350,72,18
S01010990,809,388,421,52,70,55,119,96,190,148,79
S01010991,3241,1530,1711,361,473,222,350,692,801,246,96
S01010992,607,309,298,35,52,72,80,56,243,56,13
S01010993,565,283,282,23,28,22,88,63,172,117,52
S01010994,1550,734,816,103,120,89,190,200,449,221,178
S01010995,615,299,316,23,30,36,61,36,154,214,61
S01010996,509,233,276,20,37,38,52,43,149,134,36
S01010997,629,307,322,25,37,30,53,47,152,173,112
S01010998,707,344,363,38,44,45,79,65,214,146,76
S01010999,895,418,477,36,69,51,97,71,235,189,147
S01011000,2158,1044,1114,232,174,113,280,435,563,273,88
S01011001,630,313,317,29,52,50,79,58,152,140,70
S01011002,691,332,359,29,55,48,85,93,181,135,65
S01011003,719,336,383,43,79,61,95,87,180,128,46
S01011004,650,315,335,32,38,50,86,74,193,127,50
S01011005,690,334,356,35,52,41,97,105,172,128,60
S01011006,1968,943,1025,194,200,138,235,411,524,185,81
S01011007,677,337,340,48,69,46,119,76,167,104,48
S01011008,728,360,368,42,65,47,100,73,193,140,68
S01011009,477,233,244,19,30,27,69,67,135,109,21
S01011010,579,271,308,29,26,21,102,76,159,99,67
S01011011,838,422,416,54,53,18,141,133,207,146,86
S01011012,684,359,325,50,67,49,128,102,171,80,37
S01011013,829,372,457,47,88,63,100,101,206,147,77
S01011014,777,386,391,23,31,35,109,93,227,204,55
S01011015,402,200,202,21,26,23,58,24,90,116,44
S01011016,1705,814,891,184,229,87,206,370,506,106,17
S01011017,1464,703,761,89,159,100,176,195,431,229,85
S01011018,817,400,417,33,72,61,87,76,249,163,76
S01011019,1441,711,730,110,177,94,167,208,431,188,66
S01011020,1191,577,614,118,129,65,141,208,333,164,33
S01011021,838,385,453,44,78,70,123,92,220,128,83
S01011022,602,288,314,56,61,52,95,76,135,89,38
S01011023,793,370,423,60,70,49,90,104,189,170,61
S01011024,819,384,435,65,117,83,134,118,169,91,42
S01011025,670,320,350,52,73,48,113,80,177,99,28
S01011026,521,244,277,40,54,34,55,76,135,97,30
S01011027,921,422,499,67,141,67,130,105,211,112,88
S01011028,959,481,478,53,93,72,150,129,241,126,95
S01011029,599,299,300,42,52,46,80,87,146,95,51
S01011030,849,405,444,41,59,45,123,109,258,153,61
S01011031,956,447,509,79,87,55,140,155,241,119,80
S01011032,781,384,397,46,60,48,99,115,199,138,76
S01011033,601,285,316,29,33,43,53,61,198,140,44
S01011034,610,284,326,27,36,21,62,62,175,144,83
S01011035,612,300,312,32,52,53,89,71,165,130,20
S01011036,563,264,299,25,23,27,79,63,168,132,46
S01011037,1141,566,575,103,128,101,168,180,279,141,41
S01011038,962,433,529,51,118,105,141,108,249,145,45
S01011039,1105,540,565,78,85,45,156,212,272,177,80
S01011040,728,330,398,56,79,69,130,93,178,84,39
S01011041,731,342,389,47,87,59,89,86,170,101,92
S01011042,742,350,392,32,56,58,105,104,220,127,40
S01011043,660,318,342,39,69,53,74,71,180,114,60
S01011044,708,338,370,65,49,36,112,79,194,129,44
S01011435,1027,497,530,53,83,63,127,153,302,175,71
S01011439,890,442,448,50,59,60,128,115,246,166,66
S01011440,531,248,283,28,46,36,61,66,148,103,43
S01011441,677,348,329,37,65,52,95,71,194,119,44
S01011442,680,327,353,28,65,46,87,84,185,122,63
S01011443,594,274,320,25,36,29,92,73,162,113,64
S01011446,1218,584,634,144,125,57,171,277,276,118,50
S01011682,677,383,294,32,43,37,77,63,229,129,67
S01012244,1018,457,561,48,84,82,102,83,333,210,76
S01012245,770,360,410,28,63,60,79,55,224,165,96
S01012246,1073,536,537,61,128,102,94,115,322,173,78
S01012247,832,394,438,32,72,60,62,71,268,171,96
S01012248,725,354,371,26,43,55,94,54,242,148,63
S01012249,797,405,392,30,58,52,62,40,291,184,80
S01012250,979,501,478,63,92,61,101,98,302,203,59
S01012251,954,461,493,72,71,57,108,104,269,174,99
S01012252,661,347,314,34,40,42,73,84,202,140,46
S01012253,837,391,446,39,49,43,71,96,225,222,92
S01012254,823,394,429,40,67,50,72,90,243,166,95
S01012255,985,449,536,28,58,39,72,95,240,200,253
S01012256,976,456,520,43,120,72,81,110,268,211,71
S01012257,891,411,480,27,68,70,94,84,247,191,110
S01012258,718,354,364,23,54,79,60,44,239,143,76
S01012259,705,366,339,19,58,62,56,42,193,154,121
S01012260,969,453,516,36,95,113,92,86,304,163,80
S01012261,849,397,452,40,84,99,80,76,265,145,60
S01012262,1013,512,501,50,79,69,90,95,360,214,56
S01012263,714,366,348,25,53,36,80,85,221,143,71
S01012264,495,248,247,25,44,29,47,53,149,102,46
S01012265,753,369,384,38,68,61,100,85,200,135,66
S01012266,1122,539,583,45,95,56,100,96,325,244,161
S01012267,804,387,417,27,51,63,87,61,249,159,107
S01012268,615,317,298,30,38,46,73,54,171,167,36
S01012269,975,479,496,32,43,83,101,80,269,213,154
S01012270,752,358,394,34,72,66,88,76,226,125,65
S01012271,2058,1016,1042,165,226,154,236,300,618,277,82
S01012272,697,361,336,32,64,38,77,95,203,126,62
S01012273,891,448,443,57,76,48,100,92,231,198,89
S01012274,925,457,468,46,73,65,128,75,276,225,37
S01012275,790,373,417,29,24,48,199,169,157,129,35
S01012276,989,481,508,45,69,41,139,135,252,194,114
S01012277,1066,546,520,56,71,71,171,147,309,182,59
S01012278,651,326,325,17,27,24,131,69,181,124,78
S01012279,718,363,355,34,55,31,145,112,173,131,37
S01012280,923,449,474,52,85,73,112,99,263,187,52
S01012281,697,358,339,43,49,29,116,106,185,107,62
S01012282,1135,459,676,23,40,51,289,102,211,258,161
S01012283,911,460,451,45,91,56,116,94,240,188,81
S01012284,784,362,422,41,53,37,164,102,181,117,89
S01012285,525,255,270,22,23,27,40,37,128,165,83
S01012286,1014,492,522,52,72,60,160,119,272,211,68
S01012287,798,404,394,49,83,44,120,98,224,132,48
S01012288,642,327,315,39,69,35,100,81,161,103,54
S01012289,910,418,492,16,52,59,80,60,229,251,163
S01012290,604,275,329,18,40,33,81,64,167,127,74
S01012291,1130,592,538,55,110,92,128,112,362,186,85
S01012292,758,347,411,35,47,39,70,58,179,165,165
S01012293,471,221,250,13,27,32,52,49,106,139,53
S01012294,770,345,425,38,57,36,89,92,221,177,60
S01012295,755,362,393,30,85,58,88,90,281,92,31
S01012296,967,468,499,50,123,110,88,89,314,137,56
S01012297,684,317,367,38,56,57,53,65,215,140,60
S01012298,870,431,439,42,75,78,59,84,225,209,98
S01012299,644,316,328,30,40,44,73,57,210,145,45
S01012300,604,300,304,20,36,31,69,53,180,156,59
S01012301,874,441,433,34,51,65,79,74,271,234,66
S01012302,574,311,263,30,31,33,87,61,167,123,42
S01012303,974,500,474,45,77,76,70,63,328,230,85
S01012304,1085,561,524,46,95,86,104,93,315,230,116
S01012305,809,379,430,33,64,59,97,67,196,176,117
S01012306,587,273,314,38,44,33,64,49,127,135,97
S01012307,582,298,284,22,28,35,64,58,194,118,63
S01012308,788,414,374,38,74,62,92,68,237,151,66
S01012309,595,290,305,23,41,41,49,60,144,165,72
S01012310,1043,519,524,46,67,53,99,91,308,253,126
S01012311,501,236,265,12,30,29,42,26,157,146,59
S01012312,977,500,477,37,78,42,114,75,266,263,102
S01012313,738,354,384,34,34,30,64,57,285,175,59
S01012314,792,376,416,47,61,63,105,91,199,139,87
S01012315,686,334,352,15,42,41,63,52,153,186,134
S01012316,570,270,300,30,46,44,61,53,135,136,65
S01012317,670,346,324,43,99,58,77,65,174,93,61
S01012318,762,360,402,50,86,55,86,94,187,154,50
S01012319,689,347,342,31,41,43,86,64,202,169,53
S01012320,564,271,293,32,58,39,67,49,156,111,52
S01012321,885,413,472,60,97,67,91,101,219,163,87
S01012322,949,460,489,26,62,40,72,79,291,264,115
S01012323,832,415,417,44,39,35,68,59,228,267,92
S01012324,914,456,458,34,39,37,58,58,261,293,134
S01012325,566,271,295,20,22,22,46,44,115,152,145
S01012326,538,288,250,13,26,30,54,65,139,132,79
S01012327,783,367,416,33,64,48,71,83,180,175,129
S01012328,599,277,322,15,47,21,28,36,157,189,106
S01012329,820,389,431,25,55,52,66,67,234,226,95
S01012330,553,276,277,19,33,21,51,37,160,142,90
S01012331,693,334,359,27,71,69,63,55,228,144,36
S01012332,913,432,481,30,45,48,96,62,264,227,141
S01012333,994,482,512,29,57,63,97,61,276,281,130
S01012334,918,420,498,48,69,58,94,79,200,183,187
S01012335,927,427,500,40,68,80,113,96,253,195,82
S01012336,614,282,332,28,56,34,60,70,150,113,103
S01012337,759,374,385,28,32,28,115,81,198,166,111
S01012338,693,336,357,20,22,36,115,53,165,148,134
S01012339,594,279,315,25,22,20,84,91,113,126,113
S01012340,1082,511,571,40,77,81,109,84,244,284,163
S01012341,1073,562,511,46,105,55,114,102,331,252,68
S01012342,1053,529,524,37,73,46,96,92,256,274,179
S01012343,969,472,497,30,50,56,93,60,313,265,102
S01012344,649,317,332,23,48,34,69,63,205,146,61
S01012345,825,406,419,42,71,51,106,73,241,171,70
S01012346,874,427,447,31,63,51,79,71,242,182,155
S01012347,766,339,427,34,62,37,74,69,201,191,98
S01012348,677,338,339,26,56,48,69,46,169,161,102
S01012349,823,395,428,47,60,50,107,86,207,172,94
S01012350,736,357,379,47,69,53,83,61,189,144,90
S01012351,822,381,441,59,77,52,125,73,239,125,72
S01012352,681,321,360,44,33,33,76,54,175,142,124
S01012353,712,341,371,26,30,27,97,97,185,151,99
S01012356,702,335,367,23,42,37,57,52,198,198,95
S01012357,926,442,484,42,47,28,81,68,228,314,118
S01012358,749,366,383,30,37,32,62,54,216,219,99
S01012359,765,371,394,62,58,59,110,72,196,157,51
S01012360,812,353,459,74,131,83,107,97,175,107,38
S01012361,592,278,314,39,59,54,82,59,166,93,40
S01012362,816,393,423,64,117,84,143,99,206,77,26
S01012363,1043,520,523,35,81,50,174,111,297,207,88
S01012364,630,318,312,24,38,28,70,67,177,143,83
S01012365,788,399,389,23,55,44,78,82,217,180,109
S01012366,811,396,415,30,56,30,92,73,211,196,123
S01012367,878,423,455,49,71,48,92,88,232,200,98
S01012368,596,286,310,22,20,40,47,43,155,143,126
S01012369,798,381,417,43,48,50,88,69,227,161,112
S01012370,954,475,479,25,87,49,107,94,288,193,111
S01012371,919,443,476,44,41,31,137,98,225,164,179
S01012372,650,334,316,21,44,23,83,70,184,116,109
S01012373,905,442,463,30,69,59,93,94,250,213,97
S01012374,881,416,465,42,66,60,98,80,259,207,69
S01012375,815,395,420,41,59,64,88,104,257,132,70
S01012376,1019,503,516,21,76,82,93,71,324,252,100
S01012377,655,323,332,26,57,43,41,36,182,160,110
S01012378,568,283,285,29,21,29,39,40,169,177,64
S01012379,520,260,260,22,44,30,46,64,122,134,58
S01012380,808,386,422,42,63,56,102,72,241,164,68
S01012381,759,359,400,25,49,55,72,70,194,141,153
S01012382,911,453,458,38,57,56,87,73,227,265,108
S01012383,822,382,440,23,41,49,71,73,202,220,143
S01012384,481,212,269,15,31,27,49,48,132,119,60
S01012385,645,315,330,12,44,27,82,73,193,158,56
S01012386,1009,487,522,58,99,69,152,87,252,171,121
S01013243,682,342,340,36,48,29,117,79,184,131,58
S01013244,706,346,360,48,53,58,85,54,181,144,83
S01013245,980,491,489,38,75,77,145,96,318,157,74
S01013246,626,305,321,32,60,56,92,81,196,85,24
S01013247,782,380,402,44,59,49,102,121,210,105,92
S01013248,601,270,331,43,52,47,100,79,157,86,37
S01013249,449,240,209,13,35,31,70,41,156,78,25
S01013250,1001,525,476,55,57,79,137,118,294,198,63
S01013251,725,344,381,50,102,87,98,108,172,79,29
S01013252,592,284,308,13,47,56,70,72,169,119,46
S01013253,719,386,333,32,61,44,85,100,201,133,63
S01013254,657,329,328,38,62,46,79,107,163,102,60
S01013255,1257,811,446,41,63,51,285,222,335,195,65
S01013256,808,376,432,30,56,54,117,80,249,127,95
S01013257,709,367,342,24,34,37,96,66,193,168,91
S01013258,738,353,385,28,62,51,82,84,171,196,64
S01013259,810,369,441,50,65,58,124,120,203,121,69
S01013260,894,424,470,49,92,86,127,124,236,128,52
S01013261,767,374,393,47,70,71,117,92,211,113,46
S01013262,611,303,308,21,55,43,80,77,181,110,44
S01013263,545,277,268,11,35,44,89,41,172,109,44
S01013264,481,234,247,20,46,57,69,53,150,69,17
S01013265,679,348,331,27,46,75,124,44,264,75,24
S01013266,557,292,265,20,44,64,79,47,211,65,27
S01013267,582,265,317,25,33,44,77,45,175,106,77
S01013268,767,375,392,36,51,67,94,110,209,152,48
S01013269,1325,633,692,92,110,107,181,216,375,195,49
S01013270,845,399,446,35,80,70,126,72,305,119,38
S01013271,571,280,291,7,38,38,48,33,169,165,73
S01013272,775,405,370,40,60,66,109,88,273,115,24
S01013273,922,460,462,30,86,114,122,96,378,72,24
S01013274,733,372,361,18,40,30,104,89,204,183,65
S01013275,730,365,365,21,71,50,92,65,190,154,87
S01013276,601,305,296,26,46,38,86,48,207,116,34
S01013277,898,424,474,49,99,63,150,102,213,163,59
S01013278,841,360,481,44,73,68,126,90,211,122,107
S01013279,708,323,385,33,76,76,116,83,190,97,37
S01013280,592,303,289,27,62,57,87,77,140,99,43
S01013281,829,380,449,43,76,60,134,106,199,148,63
S01013282,765,378,387,41,87,78,126,116,211,82,24
S01013283,924,506,418,58,77,35,146,244,239,91,34
S01013284,632,304,328,25,50,26,79,100,176,142,34
S01013285,598,270,328,23,41,38,70,85,175,128,38
S01013286,620,308,312,23,33,33,91,80,179,135,46
S01013287,720,351,369,30,33,44,111,61,245,165,31
S01013288,633,303,330,19,32,33,80,62,217,123,67
S01013289,1015,494,521,39,96,72,101,88,357,180,82
S01013290,844,412,432,47,71,56,113,94,308,122,33
S01013291,712,348,364,41,63,56,131,74,233,101,13
S01013292,1091,529,562,99,78,47,138,209,282,183,55
S01013293,657,328,329,20,31,44,95,63,215,142,47
S01013294,740,352,388,40,63,58,110,84,223,122,40
S01013295,664,312,352,20,35,36,90,86,193,153,51
S01013296,698,328,370,31,55,45,98,68,196,137,68
S01013297,685,332,353,35,59,30,104,83,189,116,69
S01013298,2189,1082,1107,253,248,119,232,462,580,197,98
S01013299,1077,545,532,55,95,72,131,134,362,155,73
S01013300,717,340,377,42,50,47,95,82,201,143,57
S01013301,478,229,249,18,38,37,51,53,140,100,41
S01013302,642,301,341,30,37,32,86,90,195,129,43
S01013303,901,428,473,44,58,60,94,93,265,166,121
S01013304,923,492,431,61,93,42,149,149,275,105,49
S01013305,928,485,443,45,58,63,154,137,258,146,67
S01013306,1010,492,518,56,93,65,214,159,269,123,31
S01013307,1049,529,520,73,100,85,149,204,273,115,50
S01013308,1087,504,583,58,99,104,181,145,254,117,129
S01013309,842,407,435,71,70,75,148,154,219,75,30
S01013310,653,309,344,38,60,67,116,86,165,80,41
S01013311,819,392,427,48,79,61,135,109,216,131,40
S01013312,1034,501,533,48,80,92,171,122,292,152,77
S01013313,685,308,377,40,65,67,107,91,181,81,53
S01013314,690,317,373,32,51,46,120,92,180,106,63
S01013315,818,404,414,58,121,86,72,119,292,60,10
S01013316,617,301,316,20,53,34,49,65,147,183,66
S01013317,571,266,305,18,30,32,73,49,163,148,58
S01013318,621,316,305,32,37,58,78,78,208,97,33
S01013319,567,303,264,28,48,43,73,76,204,69,26
S01013320,983,477,506,46,102,90,141,152,344,94,14
S01013321,418,195,223,16,28,10,50,65,117,93,39
S01013322,794,407,387,39,80,62,116,78,186,149,84
S01013323,847,400,447,45,70,52,133,81,253,157,56
S01013324,605,303,302,30,64,61,101,78,146,95,30
S01013325,1058,469,589,69,114,110,199,119,274,125,48
S01013326,510,242,268,27,54,60,81,70,121,77,20
S01013327,702,344,358,44,88,60,122,97,172,91,28
S01013328,601,303,298,43,76,38,110,74,152,84,24
S01013329,586,286,300,46,60,42,66,103,134,92,43
S01013330,1009,486,523,49,81,78,185,205,293,99,19
S01013331,634,358,276,36,49,52,120,114,204,53,6
S01013332,670,322,348,29,55,67,93,61,185,128,52
S01013333,791,397,394,45,82,52,126,127,212,108,39
S01013334,733,347,386,38,73,73,130,94,191,104,30
S01013335,836,411,425,57,104,97,164,102,210,89,13
S01013336,842,405,437,57,97,97,119,112,229,99,32
S01013337,865,452,413,27,56,61,131,53,258,192,87
S01013338,568,288,280,19,59,83,77,47,236,38,9
S01013339,524,248,276,26,26,42,63,62,153,111,41
S01013340,713,373,340,20,46,36,78,65,195,198,75
S01013341,1018,528,490,33,62,70,130,121,359,190,53
S01013342,647,331,316,35,74,57,101,87,156,89,48
S01013343,662,327,335,31,68,42,87,86,197,111,40
S01013344,789,378,411,49,86,47,111,104,197,125,70
S01013345,779,406,373,46,72,70,127,120,198,118,28
S01013346,837,409,428,31,85,94,127,80,288,103,29
S01013347,664,337,327,32,40,30,75,101,222,130,34
S01013348,642,318,324,27,59,70,99,91,228,58,10
S01013349,824,441,383,43,81,31,159,229,212,50,19
S01013350,664,333,331,28,66,50,79,108,188,101,44
S01013351,706,336,370,25,57,46,73,110,201,148,46
S01013352,813,377,436,33,77,69,105,107,211,151,60
S01013353,644,327,317,43,80,57,90,84,158,103,29
S01013354,732,363,369,19,44,52,77,64,246,152,78
S01013355,615,289,326,35,43,35,110,65,175,108,44
S01013356,847,411,436,51,90,76,142,135,194,109,50
S01013357,1080,533,547,48,77,76,164,115,354,172,74
S01013358,887,446,441,45,74,53,103,130,247,132,103
S01013359,622,299,323,38,68,61,89,92,150,74,50
S01013360,687,325,362,36,63,39,96,81,171,146,55
S01013361,525,259,266,20,42,18,54,101,149,97,44
S01013362,478,229,249,30,41,30,72,70,121,73,41
S01013363,750,396,354,47,76,38,137,117,195,83,57
S01013364,910,456,454,37,94,58,106,118,299,134,64
S01013365,790,394,396,32,39,39,96,65,232,201,86
S01013366,798,396,402,27,52,66,120,88,262,132,51
S01013367,524,258,266,11,32,35,70,34,200,115,27
S01013368,774,377,397,25,52,52,108,54,224,133,126
S01013369,849,387,462,46,84,69,121,136,168,148,77
S01013370,699,341,358,32,65,53,115,82,172,105,75
S01013371,630,294,336,27,37,34,74,66,157,119,116
S01013372,1066,519,547,62,91,103,154,156,302,154,44
S01013373,908,464,444,58,54,56,153,116,256,131,84
S01013374,956,440,516,54,117,68,148,154,224,121,70
S01013375,562,290,272,36,48,29,89,67,138,94,61
S01013376,604,282,322,39,57,50,95,61,145,97,60
S01013377,729,355,374,33,60,42,102,77,177,159,79
S01013378,883,426,457,39,84,57,120,103,241,156,83
S01013379,732,357,375,29,52,34,81,76,207,188,65
S01013380,2351,1133,1218,285,268,144,325,616,556,144,13
S01013381,477,229,248,28,35,36,69,54,114,78,63
S01013382,575,307,268,18,61,60,59,89,186,74,28
S01013383,735,370,365,51,60,34,100,92,204,113,81
S01013384,756,373,383,40,82,62,92,86,196,131,67
S01013385,467,235,232,18,36,29,63,59,124,90,48
S01013386,820,401,419,27,58,56,114,83,254,163,65
S01013387,576,294,282,19,45,78,88,70,143,96,37
S01013388,763,344,419,37,65,52,82,97,168,133,129
S01013389,717,342,375,37,56,45,119,72,203,138,47
S01013390,404,211,193,17,25,27,53,52,107,89,34
S01013391,401,196,205,18,41,20,45,64,109,75,29
S01013392,815,403,412,58,111,75,61,138,290,70,12
S01013393,694,322,372,34,81,63,68,100,184,113,51
S01013394,683,344,339,40,72,59,86,96,169,114,47
S01013395,727,334,393,59,82,58,131,126,176,65,30
S01013396,748,391,357,38,92,71,85,144,260,51,7
S01013397,842,397,445,48,67,47,116,123,237,152,52
S01013398,622,314,308,28,51,78,92,66,228,65,14
S01013399,1213,582,631,71,141,109,127,169,363,123,110
S01013400,899,436,463,66,93,40,136,157,235,132,40
S01013401,3526,1710,1816,370,540,240,389,853,932,172,30
S01013402,1292,662,630,100,174,126,139,255,406,73,19
S01013403,968,487,481,58,109,105,143,169,317,54,13
S01013404,607,311,296,34,52,68,73,124,181,60,15
S01013405,656,313,343,23,39,29,82,75,185,120,103
S01013406,590,297,293,32,63,36,80,66,184,86,43
S01013407,507,236,271,40,57,34,47,78,146,61,44
S01013408,654,307,347,47,60,63,79,117,152,70,66
S01013409,1097,536,561,45,106,90,166,177,305,148,60
S01013410,708,356,352,27,75,68,118,134,188,68,30
S01013411,719,362,357,28,47,47,114,114,222,102,45
S01013412,745,369,376,44,72,24,111,99,241,112,42
S01013413,771,362,409,28,74,68,74,65,253,136,73
S01013414,968,458,510,38,59,27,147,128,209,154,206
S01013415,627,300,327,36,32,33,107,102,130,106,81
S01013416,572,299,273,30,48,35,67,74,174,97,47
S01013417,807,431,376,37,40,38,135,112,250,138,57
S01013418,629,331,298,31,62,39,84,76,190,105,42
S01013419,443,223,220,15,34,24,50,38,146,93,43
S01013420,547,267,280,23,41,29,80,73,168,85,48
S01013421,827,443,384,36,88,89,101,75,320,89,29
S01013422,708,331,377,30,59,53,81,104,209,125,47
S01013423,821,405,416,40,63,58,95,74,264,148,79
S01013424,455,205,250,12,27,18,72,46,150,94,36
S01013425,416,213,203,9,20,29,50,50,112,109,37
S01013426,770,345,425,38,55,60,118,90,203,153,53
S01013427,502,277,225,27,55,46,51,62,183,55,23
S01013428,910,473,437,43,71,73,140,161,237,138,47
S01013429,744,392,352,46,72,49,100,109,228,102,38
S01013430,759,350,409,29,61,45,94,76,249,160,45
S01013431,640,318,322,30,43,42,84,74,200,108,59
S01013432,785,396,389,38,67,67,58,90,248,150,67
S01013433,810,398,412,29,83,67,72,68,265,155,71
S01013434,572,288,284,20,39,44,59,44,211,115,40
S01013435,602,322,280,17,57,62,69,35,206,134,22
S01013436,825,412,413,40,80,88,97,75,277,117,51
S01013437,647,312,335,38,59,33,94,103,171,110,39
S01013438,613,280,333,23,71,42,58,107,172,93,47
S01013439,887,424,463,36,76,64,83,55,228,227,118
S01013440,969,480,489,30,94,63,84,68,293,233,104
S01013441,754,391,363,34,62,60,60,74,239,155,70
S01013442,702,327,375,31,60,45,76,84,194,152,60
S01013443,656,331,325,33,42,55,91,71,174,134,56
S01013444,839,387,452,22,51,40,87,86,245,189,119
S01013445,703,314,389,21,25,70,52,42,184,125,184
S01013446,684,321,363,28,59,47,71,76,189,150,64
S01013447,662,341,321,30,73,78,80,69,267,53,12
S01013448,741,351,390,20,50,40,68,65,190,179,129
S01013449,598,292,306,24,45,44,53,56,174,145,57
S01013450,549,275,274,29,57,42,53,59,163,112,34
S01013451,743,364,379,39,71,56,88,59,249,158,23
S01013452,751,369,382,29,63,59,88,78,243,151,40
S01013453,748,382,366,49,69,73,97,101,204,106,49
S01013454,732,356,376,25,60,48,82,66,244,146,61
S01013455,1525,727,798,169,176,69,165,353,369,157,67
S01013456,746,345,401,45,47,32,98,108,227,133,56
S01013457,903,443,460,55,85,71,119,112,235,162,64
S01013458,1160,592,568,117,123,65,87,212,325,163,68
S01013459,813,390,423,29,48,36,115,111,199,164,111
S01013460,760,379,381,38,65,62,101,108,200,114,72
S01013461,1111,539,572,58,117,101,175,164,340,111,45
S01013462,806,402,404,28,51,44,111,128,253,145,46
S01013463,1049,505,544,77,136,121,154,176,282,82,21
S01013464,625,294,331,19,29,27,68,66,198,143,75
S01013465,657,328,329,25,34,18,71,95,169,152,93
S01013466,294,133,161,5,21,30,46,10,91,66,25
S01013467,927,440,487,41,85,90,97,113,300,127,74
S01013468,714,340,374,29,39,31,81,77,168,137,152
S01013469,745,373,372,26,55,59,84,69,200,154,98
S01013470,640,317,323,34,61,42,104,74,182,108,35
S01013471,913,447,466,45,88,73,127,138,214,167,61
S01013472,756,364,392,38,82,72,68,92,230,85,89
S01013473,682,325,357,37,80,75,88,79,249,60,14
S01013474,632,303,329,45,78,63,86,68,191,73,28
S01013475,579,298,281,23,41,32,98,62,144,129,50
S01013476,567,271,296,15,38,30,84,58,151,115,76
S01013477,639,338,301,20,48,43,74,91,166,140,57
S01013478,816,435,381,39,69,61,119,112,243,129,44
S01013479,740,371,369,33,39,31,108,90,194,153,92
S01013480,707,353,354,32,65,41,91,96,177,119,86
S01013481,846,404,442,81,60,47,125,146,225,105,57
