rel..sa_id,rel..total_persons,rel..religion_catholic,rel..religion_other_religions,rel..religion_no_religion,rel..religion_religion_not_stated
A047001001,199,132,48,19,0
A047001002,385,244,63,61,17
A047001003,107,85,17,4,1
A047003001,139,111,11,16,1
A047004002/047004006,75,58,8,8,1
A047004003,100,80,14,6,0
A047004004,138,128,4,3,3
A047004005,288,206,58,24,0
A047005001,157,97,16,40,4
A047006001,123,88,15,18,2
A047006002,154,120,8,26,0
A047007001,140,122,4,14,0
A047007002,245,193,21,30,1
A047007003,244,215,5,22,2
A047007004,234,209,10,11,4
A047009001,387,351,10,25,1
A047009002,424,390,10,24,0
A047010001,359,304,16,38,1
A047010002,208,152,6,45,5
A047011001,230,209,10,10,1
A047011002,239,227,8,3,1
A047011003,345,284,23,36,2
A047011004,322,292,8,22,0
A047012001,216,170,16,26,4
A047012002,187,150,8,28,1
A047013001,169,129,9,30,1
A047014001,175,148,7,19,1
A047015001,166,155,2,9,0
A047015002,263,240,6,10,7
A047016001,363,301,38,22,2
A047016002,357,306,12,35,4
A047016003,241,204,9,15,13
A047016004,290,220,47,21,2
A047016005,341,274,14,42,11
A047016006,458,359,39,54,6
A047016007,312,258,27,25,2
A047016008,231,166,24,34,7
A047016009,399,270,36,40,53
A047016010,429,353,25,43,8
A047016011,244,196,19,28,1
A047016012,382,342,14,25,1
A047016013,341,307,4,29,1
A047016014,229,182,22,24,1
A047016015,237,178,28,30,1
A047016016,180,153,2,21,4
A047016017,358,315,7,30,6
A047016018,340,304,16,20,0
A047016019,244,203,17,24,0
A047016020,366,325,16,25,0
A047016021,246,202,13,31,0
A047016022,198,168,15,15,0
A047016023,243,205,17,20,1
A047016024,330,257,16,56,1
A047016025,205,164,4,29,8
A047016026,227,179,18,29,1
A047016027,220,187,14,19,0
A047016028,300,238,29,24,9
A047016029,284,255,14,15,0
A047016030,255,210,15,28,2
A047016031,273,204,30,25,14
A047016032,294,232,20,41,1
A047016033,255,233,6,16,0
A047016034,282,235,21,20,6
A047016035,313,268,12,31,2
A047016036,317,260,24,26,7
A047016037,289,241,24,22,2
A047016038,226,177,29,16,4
A047016039,218,177,21,17,3
A047016040,222,163,17,37,5
A047016041,211,146,22,32,11
A047016042,239,178,33,21,7
A047016043,386,273,59,54,0
A047016044,214,176,12,22,4
A047016045,250,196,27,22,5
A047016046,234,195,12,25,2
A047016047,295,247,14,33,1
A047016048,254,187,20,40,7
A047016049,260,218,11,30,1
A047016050,392,228,103,32,29
A047016051,365,265,46,46,8
A047016052,192,152,11,24,5
A047016053,171,98,47,26,0
A047016054,284,260,5,9,10
A047016055,238,177,48,10,3
A047016056,263,229,12,21,1
A047016057,329,291,15,18,5
A047016058,365,301,21,41,2
A047016059,309,256,16,34,3
A047016060,193,167,9,16,1
A047016061,311,259,20,30,2
A047016062,206,158,23,21,4
A047016063,170,132,17,14,7
A047016064,173,133,8,31,1
A047016065,181,155,12,14,0
A047016066,149,116,6,21,6
A047017001,385,307,24,30,24
A047017002,557,520,9,28,0
A047017003,421,315,60,40,6
A047018001,336,251,39,28,18
A047018002,205,161,23,15,6
A047018003,239,188,20,30,1
A047019001,244,202,17,23,2
A047019002,286,257,5,16,8
A047019003,184,146,11,17,10
A047021001,230,189,4,32,5
A047021002,148,139,0,9,0
A047022001,172,145,10,14,3
A047022002,308,299,3,5,1
A047022003,151,62,37,49,3
A047023001,116,70,20,25,1
A047023002,236,196,14,20,6
A047023003,217,193,11,13,0
A047023004,247,225,14,8,0
A047023005,178,140,14,20,4
A047023006,226,182,12,31,1
A047023007,227,185,18,18,6
A047023008,177,140,12,24,1
A047024001,191,148,6,35,2
A047024002,167,132,7,25,3
A047024003,246,160,36,47,3
A047024004/047024007,280,215,30,33,2
A047024005,147,88,17,42,0
A047024006,118,74,19,24,1
A047025001,98,81,11,3,3
A047026001,221,119,34,67,1
A047027001,169,111,18,38,2
A047027002,93,53,16,24,0
A047027003,374,284,55,34,1
A047027004,362,280,28,51,3
A047027005,322,261,24,37,0
A047028001,298,270,15,13,0
A047028002,321,291,19,11,0
A047028003,451,406,13,28,4
A047028004,395,348,11,35,1
A047028005,244,209,7,26,2
A047028006,247,198,7,38,4
A047030001,252,206,14,31,1
A047030002,334,299,19,11,5
A047030003,356,313,11,30,2
A047030004,275,246,11,13,5
A047031001,205,158,24,21,2
A047031002,217,184,6,24,3
A047032001,210,189,6,14,1
A047032002,211,173,14,19,5
A047032003,198,169,14,15,0
A047032004,175,144,5,25,1
A047033001,338,270,41,25,2
A047033002,283,253,12,14,4
A047033003,260,216,25,18,1
A047033004,345,288,27,29,1
A047033005,222,176,39,6,1
A047033006,252,202,35,14,1
A047033007,258,198,39,21,0
A047033008,307,218,60,22,7
A047033009,248,215,22,9,2
A047033010,302,238,31,30,3
A047033011,239,189,28,19,3
A047033012,295,265,15,11,4
A047033013,217,162,38,17,0
A047033014,303,254,16,27,6
A047033015,166,132,23,11,0
A047033016,168,135,17,13,3
A047033017,313,261,26,17,9
A047034001,273,217,40,10,6
A047034002,327,263,30,22,12
A047034003,320,249,30,36,5
A047035001,279,209,38,24,8
A047035002,251,202,21,24,4
A047035003,315,267,24,17,7
A047036001,209,157,25,22,5
A047037001,285,243,3,21,18
A047037002,372,331,16,19,6
A047037003,367,330,17,19,1
A047037004,429,407,8,14,0
A047038001,265,257,5,3,0
A047038002,203,188,7,8,0
A047038003,230,206,10,14,0
A047039001,292,266,8,18,0
A047041005/047041001/047041004/047041002/047041003/047319001,352,302,24,18,8
A047042001,215,197,7,8,3
A047042002,327,313,3,10,1
A047042003,183,169,7,5,2
A047042004,1091,870,104,114,3
A047042005,224,190,12,19,3
A047042006,174,123,24,23,4
A047042007,146,93,12,34,7
A047042008,82,67,10,5,0
A047042009,87,47,24,13,3
A047042010,165,137,3,23,2
A047042011,104,71,6,19,8
A047042012,165,131,14,18,2
A047042013,393,238,38,35,82
A047042014,364,317,18,21,8
A047042015,221,191,14,14,2
A047042016,185,143,15,23,4
A047043001,135,109,10,15,1
A047043002,341,277,20,40,4
A047045001,227,190,15,16,6
A047046001,308,290,6,11,1
A047046002,209,201,2,6,0
A047047001,211,199,5,6,1
A047049001,218,177,9,27,5
A047051001,133,108,1,24,0
A047052001/047052002,290,255,9,26,0
A047053001,60,55,3,2,0
A047053002,107,93,2,9,3
A047053003,292,228,35,23,6
A047054001,364,202,36,25,101
A047054002,266,257,2,5,2
A047054003,381,362,4,11,4
A047054004,325,293,8,22,2
A047054005,265,239,10,13,3
A047054006,336,280,20,31,5
A047054007,365,310,19,30,6
A047054008,343,281,26,34,2
A047054009,233,209,3,19,2
A047054010,242,225,5,11,1
A047054011,229,205,4,18,2
A047054012,348,293,8,42,5
A047054013,380,294,34,43,9
A047054014,216,190,5,16,5
A047054015,221,184,12,25,0
A047054016,223,167,18,32,6
A047054017,221,175,14,31,1
A047054018,366,315,17,28,6
A047054019,273,248,6,16,3
A047054020,316,258,14,40,4
A047054021,205,184,4,17,0
A047056001,213,168,24,18,3
A047056002,175,169,3,2,1
A047057001,188,169,10,6,3
A047057002,256,246,5,1,4
A047057003,343,260,40,42,1
A047057004,321,236,43,39,3
A047058001,128,99,17,11,1
A047058002,181,145,26,7,3
A047059001/047059002/047059003,127,104,13,7,3
A047059004,146,118,13,14,1
A047060001,349,282,44,20,3
A047060002,303,250,35,16,2
A047060003,176,141,12,23,0
A047060004,235,207,14,11,3
A047060005,186,164,4,14,4
A047060006,228,196,23,9,0
A047060007,173,162,4,7,0
A047060008,207,181,11,11,4
A047060009,158,146,8,2,2
A047060010,164,156,5,2,1
A047061001,124,106,4,11,3
A047063001,181,147,16,8,10
A047063002,311,276,19,10,6
A047064001,285,259,7,18,1
A047064002,229,220,2,5,2
A047064003,292,225,17,27,23
A047064004,327,271,20,16,20
A047064005,190,165,2,18,5
A047064006,179,165,4,7,3
A047064007,221,166,22,23,10
A047064008,212,187,1,15,9
A047064009,357,322,12,16,7
A047064010,389,328,16,43,2
A047064011,347,302,12,32,1
A047064012,460,400,18,36,6
A047064013,282,238,7,30,7
A047064014/047064016,243,198,23,20,2
A047064015,317,285,4,28,0
A047064017,285,197,46,39,3
A047064018,307,269,8,19,11
A047064019,479,405,25,42,7
A047064020,311,230,31,39,11
A047064021,310,281,8,11,10
A047064022,316,268,19,28,1
A047064023,235,201,17,7,10
A047064024,254,235,1,15,3
A047064025,481,351,56,52,22
A047064026,200,171,14,14,1
A047064027,186,154,11,17,4
A047065001,237,212,15,10,0
A047065002,156,124,13,16,3
A047067001,253,212,17,24,0
A047067002,197,163,12,21,1
A047068001,184,149,14,19,2
A047068002,329,269,13,38,9
A047068003,306,268,12,23,3
A047069001,320,281,4,28,7
A047070001,147,74,24,45,4
A047071001,111,58,9,41,3
A047071002,84,79,4,1,0
A047071003,244,223,5,13,3
A047071004,159,137,5,9,8
A047071004,159,137,5,9,8
A047071005,231,157,47,25,2
A047071006,469,374,30,56,9
A047071007,290,229,23,33,5
A047072001,201,142,30,28,1
A047072002,553,455,30,67,1
A047072003,297,270,13,13,1
A047072004,186,128,20,38,0
A047072005,235,161,29,35,10
A047072006,279,226,31,20,2
A047072007,203,168,13,21,1
A047072008,299,235,33,28,3
A047072009,306,229,31,42,4
A047072010,237,192,25,18,2
A047072011,427,359,30,36,2
A047072012,252,199,19,33,1
A047072013,284,257,8,18,1
A047072014,321,295,11,15,0
A047072015,390,339,23,27,1
A047072016,322,239,21,62,0
A047072017,256,219,13,23,1
A047072018,198,156,21,21,0
A047072019,201,170,17,13,1
A047072020,326,280,13,28,5
A047072021,296,249,23,24,0
A047072022,330,274,20,35,1
A047072023,379,321,26,30,2
A047072024,380,307,31,40,2
A047072025,310,247,19,42,2
A047072026,371,297,45,29,0
A047072027,277,241,12,24,0
A047072028,217,172,26,18,1
A047072029,394,300,46,46,2
A047072030,288,220,32,35,1
A047072031,185,144,13,25,3
A047072032,386,294,36,49,7
A047072033,371,275,54,38,4
A047072034,231,170,24,35,2
A047072035,237,177,27,29,4
A047072036,230,169,8,52,1
A047072037,333,224,48,58,3
A047072038,250,194,22,31,3
A047072039,315,217,33,55,10
A047072040,326,268,21,35,2
A047072041,339,267,38,31,3
A047072042,158,139,10,9,0
A047073001,380,338,24,12,6
A047073002,233,134,57,41,1
A047074001,263,176,48,33,6
A047074002,167,150,1,16,0
A047075001,171,152,9,9,1
A047075002,163,119,15,22,7
A047075003,181,139,21,11,10
A047075004,285,246,16,19,4
A047076001,209,167,9,31,2
A047076002,292,268,2,20,2
A047076003,281,259,2,15,5
A047076004,276,245,8,19,4
A047076005,376,329,6,35,6
A047076006,218,194,9,14,1
A047077001,365,298,21,40,6
A047077001,365,298,21,40,6
A047077001,365,298,21,40,6
A047077002,263,212,15,32,4
A047077003,188,135,7,45,1
A047077004,182,146,15,21,0
A047077005,283,250,8,25,0
A047077006,148,82,56,8,2
A047077007,213,188,11,11,3
A047077008,159,123,10,21,5
A047077009,233,220,6,5,2
A047077010,242,215,11,15,1
A047077011,224,185,15,23,1
A047077012,269,240,8,18,3
A047077013,347,276,39,29,3
A047077014,324,261,38,20,5
A047077015,231,174,29,19,9
A047077016,322,257,26,23,16
A047077017,277,217,35,18,7
A047077018,234,198,17,18,1
A047077019,229,184,19,26,0
A047077020,284,232,32,20,0
A047077021,422,344,21,43,14
A047077022,385,296,35,48,6
A047077023,215,153,22,25,15
A047077024,338,234,38,34,32
A047078001,381,276,68,29,8
A047079001,244,199,23,12,10
A047079002,362,302,26,24,10
A047079003,293,243,27,17,6
A047081001,264,247,2,10,5
A047081002,263,210,11,34,8
A047082001,421,314,67,37,3
A047082002/047082003,266,253,2,10,1
A047082004/047082005,288,239,25,24,0
A047082006,262,225,16,11,10
A047083001/047083002,204,185,7,10,2
A047083003,248,231,3,14,0
A047083004/047083005,185,156,10,16,3
A047084001,182,140,20,18,4
A047084002,116,82,14,18,2
A047084003,180,126,23,29,2
A047084004,328,281,19,28,0
A047085002,131,93,7,30,1
A047086001,251,202,18,30,1
A047086002,306,279,17,6,4
A047086003,377,307,27,41,2
A047086004,233,212,4,16,1
A047087001,208,177,9,18,4
A047087002,305,273,7,23,2
A047087003,318,289,10,18,1
A047087004,256,224,9,23,0
A047088001,297,247,19,27,4
A047088002,280,163,27,44,46
A047089001,208,147,37,17,7
A047090001,236,190,17,20,9
A047090002,261,246,5,6,4
A047090003,240,208,17,11,4
A047090004,157,143,9,5,0
A047090005,237,163,22,41,11
A047090006,232,194,14,15,9
A047090007,290,225,25,31,9
A047090008,241,209,17,15,0
A047090009,192,170,9,11,2
A047090010,261,234,22,5,0
A047090011,260,177,28,49,6
A047090012,333,298,19,14,2
A047090013,240,208,12,19,1
A047090014,234,188,23,14,9
A047090015,305,219,55,16,15
A047090016,246,218,10,17,1
A047090017,214,143,42,21,8
A047090018,217,167,20,23,7
A047091001,232,211,11,6,4
A047091002,185,176,3,6,0
A047091003,231,182,19,23,7
A047091004,254,202,21,23,8
A047093001,186,155,17,12,2
A047094001,268,241,15,11,1
A047094002,333,294,19,19,1
A047095001,299,263,15,18,3
A047095002,286,259,13,14,0
A047095003,247,206,16,21,4
A047095004,225,167,14,38,6
A047095005,340,301,9,9,21
A047095006,168,125,23,19,1
A047095007/047095008,186,146,12,27,1
A047096001,314,215,57,39,3
A047096002,224,184,28,12,0
A047096003,330,240,43,45,2
A047096004,245,198,13,33,1
A047096005,228,181,17,23,7
A047096006,341,255,39,42,5
A047096007,256,174,27,54,1
A047096008,194,161,11,20,2
A047096009,298,238,13,36,11
A047096010,239,180,26,31,2
A047096011,265,214,8,34,9
A047096012,109,76,10,23,0
A047096013,127,108,6,12,1
A047096014,128,111,1,15,1
A047096015,348,245,70,22,11
A047096016,246,198,13,34,1
A047096017,105,57,23,16,9
A047096018,191,155,21,13,2
A047096019,170,140,12,17,1
A047098001,228,146,21,59,2
A047098002,241,199,20,22,0
A047101001,163,136,12,15,0
A047101002,256,222,10,23,1
A047102001,226,191,5,27,3
A047103001,226,209,4,11,2
A047103002/047103005,155,143,6,6,0
A047103003,161,148,5,8,0
A047103004,285,243,13,29,0
A047104001,250,206,10,26,8
A047104002,303,262,10,23,8
A047105001,213,182,1,28,2
A047105002,176,150,15,11,0
A047105003,361,305,25,16,15
A047105004,291,263,13,11,4
A047105005,245,221,9,12,3
A047105006,188,166,9,13,0
A047105007,160,128,7,24,1
A047105008,194,149,19,18,8
A047105009,408,335,31,38,4
A047105010,192,161,10,13,8
A047105011,258,216,29,9,4
A047105012,378,316,28,24,10
A047105013,296,266,9,17,4
A047105014,271,193,30,40,8
A047105015,292,247,18,24,3
A047106001,220,181,8,27,4
A047106002,356,291,11,47,7
A047106003,327,268,20,36,3
A047106004,344,254,26,44,20
A047106005,184,126,22,34,2
A047106006,245,203,16,19,7
A047106007,409,364,22,21,2
A047106008,312,247,19,44,2
A047106009,343,261,37,43,2
A047106010,407,336,19,44,8
A047106011,211,164,21,15,11
A047106012,236,196,15,20,5
A047106013,310,248,26,21,15
A047106014,222,196,9,14,3
A047106015,317,296,8,13,0
A047106016,226,199,5,21,1
A047106017,355,306,19,26,4
A047106018,440,380,14,33,13
A047106019,387,306,19,42,20
A047106020,323,199,29,45,50
A047106021,177,151,6,18,2
A047106022,444,334,37,44,29
A047106023,285,223,27,35,0
A047106024,222,198,11,10,3
A047106025,343,269,29,32,13
A047106026/047106029,226,183,14,29,0
A047106027,212,149,16,35,12
A047106028,236,190,17,23,6
A047107001,234,197,8,23,6
A047107002,313,254,28,28,3
A047107003,292,247,8,31,6
A047107004,337,287,20,26,4
A047107005,510,431,19,55,5
A047107006,254,213,16,23,2
A047107007,179,155,7,13,4
A047107008,323,248,21,34,20
A047107009,240,202,16,21,1
A047107010/047107028,384,336,21,15,12
A047107011,255,192,20,34,9
A047107012,271,229,10,31,1
A047107013,219,197,9,10,3
A047107014,208,161,13,33,1
A047107015,167,126,18,22,1
A047107016,139,95,14,29,1
A047107017,198,119,31,40,8
A047107018,245,207,8,28,2
A047107019,165,114,10,26,15
A047107020,228,160,23,29,16
A047107021,197,140,25,28,4
A047107022,229,164,26,39,0
A047107023,264,237,7,17,3
A047107024,248,220,10,14,4
A047107025,314,280,10,21,3
A047107026,218,178,17,20,3
A047107027,312,258,19,28,7
A047107029,306,235,11,53,7
A047108001,194,155,20,17,2
A047110001,135,110,12,11,2
A047110002,208,169,11,26,2
A047110003,174,148,4,22,0
A047111001,200,153,17,24,6
A047111002,145,107,15,20,3
A047111003,191,78,39,73,1
A047111004,415,388,9,15,3
A047112001,224,170,23,25,6
A047112002,258,194,26,37,1
A047113001,193,163,16,7,7
A047113002,332,239,55,37,1
A047115002,179,97,15,56,11
A047115003,224,199,4,20,1
A047115004,176,161,3,9,3
A047115005,221,205,9,7,0
A047115006,152,139,2,10,1
A047115007,132,117,5,4,6
A047115008,480,365,39,49,27
A047115009,315,247,16,27,25
A047115010,389,297,32,57,3
A047117001,174,116,21,30,7
A047117002,226,198,4,17,7
A047117003,144,129,4,8,3
A047117004,146,133,1,9,3
A047117005,132,90,11,28,3
A047119001/047119005,183,111,26,38,8
A047119002/047119003/047119004,211,163,20,25,3
A047120001,162,140,10,10,2
A047120002,163,137,9,13,4
A047122001,75,50,11,14,0
A047124001,248,236,5,6,1
A047126001,382,328,28,26,0
A047126002/047126003/047126004/047126005,149,121,9,18,1
A047128002,254,227,11,15,1
A047129001,215,199,9,5,2
A047129002,192,162,17,13,0
A047129003,359,277,47,31,4
A047129004,243,223,3,17,0
A047129005,273,249,5,16,3
A047129006,219,180,12,23,4
A047129007,185,155,5,15,10
A047131001,316,290,10,13,3
A047132001,190,157,24,2,7
A047132002,191,170,8,10,3
A047132003,170,150,10,6,4
A047132004,254,242,4,7,1
A047132005,220,183,13,16,8
A047132006,225,161,14,49,1
A047132007,226,188,9,29,0
A047132008,207,157,18,32,0
A047132009,234,206,12,16,0
A047132010,313,250,17,45,1
A047132011,234,194,8,27,5
A047132012,307,245,31,29,2
A047132013,251,200,32,16,3
A047132014,322,272,8,40,2
A047132015,230,164,23,38,5
A047132016,253,197,32,22,2
A047132017,313,259,20,28,6
A047132018,392,327,27,36,2
A047132019,252,200,21,30,1
A047132020,278,222,22,33,1
A047132021,223,187,21,15,0
A047132022,312,241,19,51,1
A047132023,287,213,35,38,1
A047132024,312,245,34,31,2
A047132025,259,172,24,37,26
A047132026,275,227,27,21,0
A047132027,329,271,22,32,4
A047132028,147,118,6,22,1
A047132029,295,215,33,42,5
A047132030,272,222,18,32,0
A047132031,212,187,6,19,0
A047132032,234,197,16,18,3
A047132033,269,199,20,43,7
A047132034,285,245,13,26,1
A047132035,269,217,19,32,1
A047132036,296,226,46,23,1
A047132037,225,184,17,21,3
A047132038,345,242,67,33,3
A047132039,386,275,57,50,4
A047132040,233,177,19,34,3
A047132041,214,155,25,23,11
A047132042,264,221,10,30,3
A047132043,226,193,18,15,0
A047132044,183,146,6,31,0
A047132045,320,278,12,30,0
A047132046,224,167,31,25,1
A047132047,221,162,32,26,1
A047132048,196,163,14,19,0
A047132049,264,202,19,38,5
A047132050,255,204,14,32,5
A047132051,197,146,22,27,2
A047132052,299,223,21,43,12
A047132053,349,280,22,35,12
A047132054,192,150,14,22,6
A047132055,209,140,25,37,7
A047132056,237,190,32,14,1
A047132057,139,83,27,29,0
A047132058,121,80,12,29,0
A047132059,262,208,14,33,7
A047132060,258,209,16,23,10
A047132061,378,288,35,53,2
A047132062,236,192,7,35,2
A047132063,274,231,14,29,0
A047132064,213,172,17,19,5
A047132065,347,277,29,38,3
A047132066,296,234,9,51,2
A047132067,148,116,7,20,5
A047132068,188,157,6,25,0
A047132069,141,102,12,24,3
A047132070,206,161,16,29,0
A047132071,245,184,26,35,0
A047132072,401,335,22,43,1
A047132073,280,241,15,23,1
A047132074,266,216,8,38,4
A047132075,171,120,15,34,2
A047132076,302,256,10,32,4
A047132077,228,152,29,43,4
A047132078,155,112,10,27,6
A047132079,208,152,19,27,10
A047132080,248,199,18,22,9
A047132081,148,111,20,16,1
A047132082,328,261,22,43,2
A047132083,198,151,10,36,1
A047132084,216,171,16,27,2
A047133001,264,208,19,30,7
A047133002,165,138,8,19,0
A047134001,232,162,16,48,6
A047135001,193,145,15,32,1
A047135002,170,115,20,34,1
A047135003,289,249,18,20,2
A047135004,193,138,32,22,1
A047135005,167,132,16,11,8
A047137001,226,209,10,6,1
A047137002,113,84,14,11,4
A047138001,355,333,10,12,0
A047139001,185,168,8,9,0
A047139002,204,186,13,5,0
A047140001,112,102,2,7,1
A047140002,427,191,54,9,173
A047140003,281,189,61,28,3
A047140004,349,280,37,27,5
A047140005,295,219,26,46,4
A047140006,295,258,11,17,9
A047140007,331,294,18,12,7
A047140008,269,242,9,15,3
A047140009,337,277,14,37,9
A047140010,413,365,19,20,9
A047141001,331,303,5,22,1
A047142001,204,185,5,14,0
A047142002,253,229,9,14,1
A047142003,168,141,15,11,1
A047142004,250,220,2,28,0
A047142005,269,247,3,18,1
A047143001,212,195,9,8,0
A047143002,173,89,39,43,2
A047144001/047144002,344,316,10,17,1
A047145001,309,289,2,12,6
A047145002,312,269,7,35,1
A047145003,343,304,15,24,0
A047145004,348,293,17,36,2
A047145005,381,311,23,41,6
A047146001,374,289,9,34,42
A047146002,238,151,42,43,2
A047146003,203,137,22,37,7
A047146004,187,159,15,12,1
A047146005,195,154,16,22,3
A047146006,271,239,13,16,3
A047147001,194,165,9,17,3
A047147002,238,171,55,10,2
A047148001,299,233,51,12,3
A047148002/047148003,156,125,14,10,7
A047148004,193,159,15,8,11
A047148005,320,269,29,21,1
A047150001,150,102,25,21,2
A047150002,188,99,64,25,0
A047151001,147,82,42,22,1
A047151002,134,112,10,12,0
A047151003,141,95,22,22,2
A047151004,246,233,10,2,1
A047151005,197,163,11,22,1
A047151006,310,240,19,48,3
A047151007,230,172,28,28,2
A047151008,237,220,7,7,3
A047151009,290,250,20,14,6
A047151010,343,295,26,22,0
A047151011,310,229,25,40,16
A047151012,284,248,6,27,3
A047151013,392,323,17,26,26
A047151014,344,301,6,32,5
A047151015,339,284,31,19,5
A047151016,165,152,4,9,0
A047152001,160,148,6,6,0
A047152002,304,276,11,14,3
A047152003,303,269,6,25,3
A047152004,415,347,34,27,7
A047152005,288,262,4,14,8
A047152006,359,302,16,33,8
A047152007,326,290,17,19,0
A047152008,184,120,32,28,4
A047152009,185,168,5,11,1
A047152010/047152013,157,129,15,11,2
A047152011,114,90,10,11,3
A047152012,232,188,17,24,3
A047153001,279,243,12,15,9
A047153002,148,110,15,16,7
A047154001,192,149,15,24,4
A047154002,165,120,20,21,4
A047155001,315,227,38,42,8
A047156001,69,46,2,18,3
A047156002,249,187,35,20,7
A047156003,334,323,3,6,2
A047157001/047157002,356,316,21,16,3
A047158002,140,105,10,22,3
A047159001,275,193,34,45,3
A047159002,158,129,7,21,1
A047159003,226,199,3,22,2
A047159004,235,211,8,15,1
A047159005,201,144,26,29,2
A047160001,239,211,7,18,3
A047161001,226,198,8,18,2
A047161002,195,177,9,9,0
A047162001,313,247,21,43,2
A047162002,100,71,7,16,6
A047163001/047163004,318,216,19,78,5
A047163002,223,176,12,28,7
A047163003,128,94,17,17,0
A047165001,192,183,6,3,0
A047165002,350,309,15,12,14
A047168001,70,47,12,11,0
A047168002,220,197,15,8,0
A047168003,293,218,24,47,4
A047169001,209,165,9,31,4
A047169002,320,285,10,22,3
A047169003,215,179,11,21,4
A047169004,236,207,4,21,4
A047170001,277,225,17,28,7
A047170002,251,237,3,7,4
A047170003,233,212,7,14,0
A047170004,326,283,10,27,6
A047170005,275,244,14,15,2
A047171001,280,248,7,18,7
A047171002,301,264,9,27,1
A047171003,280,242,17,19,2
A047172001,223,212,1,7,3
A047173001,268,243,9,5,11
A047173001,268,243,9,5,11
A047173002,236,210,13,10,3
A047173003,276,254,10,9,3
A047173004,234,206,10,15,3
A047173005,277,258,11,8,0
A047173006,278,253,5,18,2
A047173007,281,241,14,9,17
A047173008,261,149,51,51,10
A047173009,230,174,26,24,6
A047174001,343,256,45,33,9
A047175001,295,252,18,24,1
A047175002,326,279,25,18,4
A047176001,197,150,13,28,6
A047176003,234,174,20,35,5
A047177001,313,260,23,28,2
A047177002,203,143,26,24,10
A047177003,344,291,32,21,0
A047177004,282,220,33,23,6
A047177005,243,159,32,40,12
A047177006,199,184,3,12,0
A047177007,163,139,11,10,3
A047177008,176,146,6,19,5
A047178001,257,207,30,16,4
A047178002,333,274,27,26,6
A047178003,273,241,12,18,2
A047178004,209,150,32,26,1
A047178005,225,178,21,24,2
A047178006,265,235,21,8,1
A047178007,215,186,11,15,3
A047178008,185,136,15,30,4
A047178009,156,132,4,13,7
A047178010,287,244,20,17,6
A047178011,384,345,7,26,6
A047178012,330,261,31,33,5
A047178013,306,167,77,45,17
A047178014,202,177,14,11,0
A047178015,422,375,27,15,5
A047178016,310,267,32,11,0
A047178017,195,148,33,9,5
A047178018,214,143,40,26,5
A047178019,304,195,82,18,9
A047178020,290,214,47,22,7
A047178021,193,130,46,12,5
A047179001,210,127,44,29,10
A047179003,237,133,57,32,15
A047179004,343,225,85,32,1
A047179006,350,311,6,33,0
A047179008,206,147,21,32,6
A047179009,252,235,4,11,2
A047181001,307,266,25,12,4
A047181002,210,187,17,5,1
A047182001,296,259,11,25,1
A047182003,170,146,6,14,4
A047183001,153,130,9,9,5
A047183002,176,155,7,14,0
A047183003,173,169,0,4,0
A047183004,205,161,17,26,1
A047184001,377,321,14,31,11
A047185001,217,182,8,23,4
A047185002,248,225,5,15,3
A047186001,248,215,10,22,1
A047186002,259,223,13,23,0
A047186003,291,239,28,24,0
A047186004,369,333,15,20,1
A047186005,348,309,16,23,0
A047186006,330,299,9,19,3
A047186007,312,254,37,19,2
A047186008,309,238,31,39,1
A047186009,252,223,20,7,2
A047189001,82,63,4,14,1
A047189002/047189003/047189004,139,92,29,18,0
A047190001,103,75,3,25,0
A047192001,141,128,4,9,0
A047193001,189,172,1,14,2
A047193002,172,125,6,40,1
A047193003,112,94,4,13,1
A047194001,208,132,36,39,1
A047195001,233,145,38,46,4
A047195002,392,327,22,42,1
A047197001,289,251,3,31,4
A047197002/047197004,269,237,6,20,6
A047197003/047197005,257,209,23,21,4
A047199001,310,254,13,42,1
A047199002,283,242,7,28,6
A047201001,180,135,24,19,2
A047201002,169,146,9,11,3
A047202001,209,167,19,22,1
A047202002,160,136,11,11,2
A047202003,137,107,16,13,1
A047202004,103,80,7,11,5
A047202005,100,74,8,11,7
A047203001,115,76,25,12,2
A047203002,190,177,6,5,2
A047204001,187,155,11,21,0
A047204002,317,239,35,37,6
A047205001/047205003,208,194,1,11,2
A047205002,384,312,22,50,0
A047205004,317,291,6,19,1
A047205005,313,272,14,24,3
A047206001,310,271,10,29,0
A047206002,349,311,16,14,8
A047206003,189,122,31,35,1
A047207001,176,149,12,13,2
A047208001,231,210,7,13,1
A047210001,228,175,8,42,3
A047210002,231,192,18,20,1
A047210003,235,204,14,14,3
A047210004,212,196,9,6,1
A047211001,278,259,13,4,2
A047212001,339,278,33,27,1
A047212002,217,183,8,23,3
A047215001,309,224,52,33,0
A047215002,290,226,43,17,4
A047217001,173,111,29,28,5
A047217002,226,192,2,31,1
A047217003,200,190,4,2,4
A047220001,258,223,8,22,5
A047220002,199,164,6,16,13
A047221001,233,188,6,20,19
A047221002,198,169,6,23,0
A047221003,272,249,11,9,3
A047221004,229,207,10,11,1
A047221005/047221006,260,235,9,15,1
A047221007,239,221,4,14,0
A047221008,227,205,7,14,1
A047221009,229,197,10,20,2
A047221010,311,252,22,35,2
A047221011,228,173,13,36,6
A047221012,276,213,19,40,4
A047221013,179,131,21,26,1
A047221014,175,106,43,23,3
A047221015,222,167,20,32,3
A047221016,211,146,19,42,4
A047221017,144,81,11,37,15
A047221018,239,162,24,41,12
A047221019,218,153,25,30,10
A047221020,239,150,34,29,26
A047222001,434,366,18,48,2
A047222002,349,259,22,67,1
A047222003,191,138,20,28,5
A047222004,406,323,44,36,3
A047222005,297,223,27,46,1
A047222006,234,157,20,47,10
A047222007,309,226,18,56,9
A047222008,251,160,35,43,13
A047222009,309,161,46,56,46
A047222010,252,113,48,47,44
A047222011,159,134,7,14,4
A047222012,170,127,14,19,10
A047223001/047223002,232,146,43,21,22
A047224001,284,223,12,48,1
A047224002,196,138,17,28,13
A047224003,165,96,17,15,37
A047224004,195,139,12,31,13
A047226001,181,96,36,30,19
A047227001,356,269,37,45,5
A047227002,235,222,10,1,2
A047227003,197,183,4,8,2
A047227004,225,198,7,16,4
A047227005,313,257,18,35,3
A047229001,221,192,15,11,3
A047229002,250,224,13,12,1
A047229003,263,218,11,29,5
A047229004,270,241,9,18,2
A047229005,226,196,11,17,2
A047230001,168,161,3,1,3
A047230002,219,208,4,6,1
A047231001,211,200,3,6,2
A047232001,282,244,6,25,7
A047232002,266,226,23,17,0
A047232003,360,312,18,26,4
A047233001,315,285,7,22,1
A047233002,239,212,3,22,2
A047234001,308,265,22,18,3
A047234002,394,326,48,17,3
A047235001,333,259,41,32,1
A047235002,201,144,42,12,3
A047235003,193,161,13,19,0
A047235004,150,117,11,21,1
A047235005,186,156,17,11,2
A047235006,290,253,17,17,3
A047235007,229,182,12,24,11
A047235008,347,274,35,32,6
A047235009,215,192,8,11,4
A047235010,219,190,7,17,5
A047235011,266,219,28,16,3
A047235012,194,170,7,11,6
A047235013,383,297,34,41,11
A047235014,294,248,20,23,3
A047235015,225,183,8,33,1
A047235016,230,188,13,27,2
A047235017,259,188,22,40,9
A047235018,386,298,43,41,4
A047235019,233,175,17,37,4
A047235020,329,271,21,37,0
A047235021,287,254,11,22,0
A047235022,388,328,30,28,2
A047235023,250,220,7,23,0
A047235024,257,202,36,18,1
A047235024,257,202,36,18,1
A047235025,281,249,16,13,3
A047235026,329,269,27,29,4
A047235026,329,269,27,29,4
A047235027,270,232,19,15,4
A047235028,397,317,47,30,3
A047235029,214,145,37,32,0
A047235030,349,256,50,39,4
A047235031,365,284,36,31,14
A047235032,182,166,12,4,0
A047235033,308,268,12,21,7
A047235034,354,301,12,25,16
A047236001,258,86,156,7,9
A047236002,146,118,9,14,5
A047238001,283,197,44,28,14
A047238002,387,303,44,38,2
A047239001,195,170,7,17,1
A047239002,319,248,28,43,0
A047239003,233,178,19,31,5
A047239004,332,274,28,25,5
A047239005,431,305,58,58,10
A047239006,394,320,47,24,3
A047239007,388,322,34,27,5
A047239008,356,329,8,17,2
A047239009,270,253,5,11,1
A047239010,323,298,5,16,4
A047239011,234,183,30,17,4
A047239012,257,233,12,12,0
A047239013,292,237,19,29,7
A047239014,292,239,19,32,2
A047239015,294,251,19,23,1
A047239015,294,251,19,23,1
A047240001,233,179,15,37,2
A047240002,297,228,48,16,5
A047240003,447,360,22,58,7
A047241001,236,194,22,20,0
A047241002/047241003/047241004,277,224,27,25,1
A047242001,290,226,33,30,1
A047242002,354,253,43,55,3
A047242003,313,264,22,27,0
A047243001,230,166,43,21,0
A047243002/047243004,254,222,10,21,1
A047243003,341,304,13,21,3
A047243005,270,237,12,14,7
A047243006,477,417,13,41,6
A047243007,249,230,8,8,3
A047243010,246,215,9,17,5
A047243011,305,279,4,13,9
A047243012,319,278,11,24,6
A047243013,201,135,15,15,36
A047243016,181,160,0,18,3
A047243017,131,97,6,8,20
A047243018,293,265,9,19,0
A047244001,304,264,12,20,8
A047244002,330,286,18,23,3
A047244003,234,212,10,8,4
A047244004,151,125,14,7,5
A047244005,184,165,12,6,1
A047245001,298,268,18,10,2
A047245002,306,256,23,21,6
A047245003,339,294,10,27,8
A047245004,201,171,10,17,3
A047245004,201,171,10,17,3
A047245005,164,147,5,9,3
A047245006,235,206,10,17,2
A047245007,209,183,5,18,3
A047245008,158,146,4,7,1
A047245009,240,210,13,17,0
A047245010,249,222,5,16,6
A047245011,193,167,9,16,1
A047245012,289,259,8,16,6
A047245013,356,318,15,18,5
A047245014,291,269,1,18,3
A047246001,444,307,104,20,13
A047246002,523,424,62,32,5
A047246003,233,169,29,33,2
A047246004,321,249,37,28,7
A047246005,301,207,69,15,10
A047246006,204,145,42,15,2
A047246007,324,238,40,25,21
A047246008,303,274,9,15,5
A047246009,154,146,6,2,0
A047246010,290,252,10,23,5
A047246011,294,261,16,15,2
A047246012,288,240,15,20,13
A047247001,248,232,6,10,0
A047247002,327,295,14,16,2
A047249001,107,68,26,12,1
A047249002,404,370,10,14,10
A047250001,271,250,6,11,4
A047250002,219,189,17,12,1
A047250003,240,212,14,9,5
A047250004,163,133,20,8,2
A047250005,161,137,11,13,0
A047250006,226,198,12,14,2
A047250007,187,140,16,23,8
A047250008,300,255,22,21,2
A047250009,283,246,16,18,3
A047250010,387,346,8,28,5
A047251001,254,226,10,16,2
A047251002,193,168,5,19,1
A047253001,239,213,7,13,6
A047253002,233,216,5,11,1
A047253002,233,216,5,11,1
A047253003,458,332,27,56,43
A047253004,293,257,13,18,5
A047253005,188,158,10,19,1
A047253006,379,317,3,44,15
A047253007,319,271,16,24,8
A047253008,292,251,7,28,6
A047253009,219,143,23,45,8
A047253010,154,103,15,34,2
A047253011,267,256,5,5,1
A047253012,194,175,11,6,2
A047253013,309,253,23,33,0
A047253014,303,260,17,20,6
A047253015,245,165,42,29,9
A047253016,411,355,17,24,15
A047253017,357,257,51,44,5
A047253018,327,269,17,35,6
A047253019,336,287,12,21,16
A047253020,261,206,26,24,5
A047253021,299,229,28,34,8
A047253022,178,133,13,24,8
A047253023,253,208,13,32,0
A047253024,272,225,20,21,6
A047253025,314,246,34,34,0
A047253026,246,211,12,17,6
A047253027,396,318,27,35,16
A047253028,320,259,21,36,4
A047254001,365,281,40,39,5
A047254002,323,290,8,20,5
A047254003,378,307,40,21,10
A047254004,226,153,30,27,16
A047254005,401,281,63,28,29
A047254006,377,280,43,51,3
A047254007,297,196,34,51,16
A047254008,256,196,23,30,7
A047254009,378,315,33,28,2
A047254010,312,265,23,22,2
A047254011,247,197,14,32,4
A047254012,276,190,58,19,9
A047254013,259,216,24,16,3
A047254014,176,116,21,29,10
A047254015,369,268,41,50,10
A047254016,206,169,16,17,4
A047254017,265,240,7,14,4
A047255001,133,101,7,23,2
A047256001,182,157,8,11,6
A047256002,174,153,5,14,2
A047256003,339,240,30,38,31
A047257001,269,200,28,37,4
A047257002,231,120,39,30,42
A047259001,222,197,10,13,2
A047259002,285,265,4,14,2
A047259003,245,228,5,9,3
A047260001,256,196,28,19,13
A047260002,226,204,4,17,1
A047260003,267,202,51,8,6
A047260004,211,186,5,11,9
A047261001,207,180,4,16,7
A047261002,178,157,8,12,1
A047261003,234,199,17,15,3
A047261004,311,288,8,14,1
A047262001,205,174,18,11,2
A047262002,377,339,10,22,6
A047262003,292,259,4,23,6
A047263001,228,187,20,18,3
A047263002,171,159,6,5,1
A047263003,271,233,10,24,4
A047263004,201,185,3,13,0
A047263005,187,161,6,14,6
A047263006,153,137,0,13,3
A047264001,232,191,19,21,1
A047264002,335,269,29,36,1
A047265001,302,239,31,32,0
A047265002,217,167,14,28,8
A047265003,254,221,9,20,4
A047265004,211,188,7,10,6
A047265005/047265006/047265007/047265008,229,195,11,18,5
A047266001,203,186,6,7,4
A047267001/047267003,252,216,18,18,0
A047267002,269,226,23,19,1
A047267004,281,249,5,25,2
A047267005,208,196,3,9,0
A047267006,206,176,9,21,0
A047267007,220,191,13,16,0
A047267008,301,272,15,10,4
A047268001,171,128,24,15,4
A047268002,162,128,10,23,1
A047268003,129,102,10,17,0
A047269001,191,147,17,27,0
A047270001,94,73,14,7,0
A047270002,86,74,2,10,0
A047270003,249,229,3,15,2
A047270004,223,209,6,6,2
A047270005,275,264,0,11,0
A047270006,277,267,4,6,0
A047270007,351,331,4,15,1
A047270008,75,65,7,2,1
A047270009,68,63,2,3,0
A047271001,365,332,16,17,0
A047271002,276,264,4,7,1
A047271003,265,250,8,6,1
A047271004,316,258,23,30,5
A047271005,293,237,19,32,5
A047271006,196,176,2,11,7
A047271007,234,207,7,20,0
A047271008,207,190,4,8,5
A047271009,313,258,8,39,8
A047271010,171,119,23,25,4
A047271011,393,311,17,38,27
A047271012,291,242,18,29,2
A047271013,244,177,26,33,8
A047271014,238,204,10,20,4
A047271015,301,241,19,41,0
A047271016,267,203,29,28,7
A047271017,330,252,13,64,1
A047271018,216,187,16,12,1
A047271019,327,262,26,38,1
A047271020,305,258,8,38,1
A047271021,146,108,15,21,2
A047273001,162,116,20,21,5
A047273002,328,259,33,36,0
A047273003,339,260,31,42,6
A047274001,205,130,48,26,1
A047274002,297,224,32,40,1
A047274003/047274004,216,167,22,26,1
A047275001,202,143,26,30,3
A047275002,230,190,21,17,2
A047275003,229,187,19,23,0
A047277001,297,242,9,41,5
A047277002,277,250,3,19,5
A047277003,272,264,1,7,0
A047277004,220,212,2,6,0
A047277005,392,363,11,17,1
A047277006,122,88,8,24,2
A047277007,217,169,8,33,7
A047277008,141,110,6,23,2
A047277009,268,216,30,14,8
A047277010,261,223,11,23,4
A047277011,181,120,31,29,1
A047277012,183,174,5,2,2
A047277013,371,300,22,34,15
A047277014,366,292,44,30,0
A047277015,427,332,35,38,22
A047277016,237,191,14,25,7
A047277017,290,254,13,21,2
A047277018,442,372,30,15,25
A047277019,349,291,10,43,5
A047277020,232,196,10,25,1
A047277021,279,262,11,5,1
A047277022,336,307,9,20,0
A047277023,392,361,6,25,0
A047277024,485,439,8,34,4
A047277025,284,245,9,25,5
A047277026,294,260,15,17,2
A047277027,332,299,6,25,2
A047277028,209,166,4,34,5
A047278001,313,268,14,28,3
A047278002,271,242,14,15,0
A047278003,306,268,15,23,0
A047278004,269,239,2,15,13
A047278005,329,290,11,20,8
A047278006,392,333,16,33,10
A047278007,306,277,10,18,1
A047278008,209,180,7,21,1
A047278009,217,185,15,15,2
A047279001,403,350,13,38,2
A047279002,154,115,9,26,4
A047279003,272,231,5,33,3
A047279004,179,135,12,28,4
A047279005,359,301,20,36,2
A047279006,377,319,26,31,1
A047279007,287,230,26,27,4
A047279008,234,197,18,19,0
A047279009,204,174,11,17,2
A047279010,188,163,6,16,3
A047279011,243,204,19,15,5
A047279012,233,210,8,13,2
A047279013,262,238,11,12,1
A047279014,231,206,13,11,1
A047279015,355,312,11,25,7
A047279016,286,259,3,21,3
A047280001,250,186,27,28,9
A047280002,211,170,15,23,3
A047282001,194,149,7,32,6
A047282002,386,288,45,49,4
A047282003,275,250,15,8,2
A047282004,205,163,22,11,9
A047282005/047282006,245,190,20,35,0
A047283001,237,206,10,15,6
A047284001,511,403,28,44,36
A047284002,332,276,19,28,9
A047284003,260,224,15,19,2
A047284004,240,216,7,16,1
A047285001,218,200,7,11,0
A047286001,187,174,7,5,1
A047286002,171,152,4,12,3
A047287001,109,93,8,8,0
A047287002/047287003,232,197,6,23,6
A047288001,142,109,14,19,0
A047288002,136,110,8,14,4
A047288003,373,302,27,39,5
A047289001,343,265,32,45,1
A047289002,389,331,21,35,2
A047290001,327,265,18,39,5
A047290002,277,239,10,22,6
A047293001,172,145,15,11,1
A047293002,148,95,22,31,0
A047293003,150,108,15,22,5
A047293004,250,220,18,10,2
A047293005,191,175,3,13,0
A047293006,189,170,9,7,3
A047294001,84,62,9,13,0
A047294002,93,65,7,20,1
A047294003,195,162,18,14,1
A047294004,183,160,5,15,3
A047294005,183,172,2,7,2
A047294006,191,181,10,0,0
A047294007,162,123,14,23,2
A047294008,169,138,19,10,2
A047294009,276,238,9,23,6
A047294010,182,117,37,26,2
A047294011,180,136,10,34,0
A047294012,238,167,41,28,2
A047294013,255,172,49,32,2
A047295001/047295009,188,153,10,24,1
A047295002,288,196,29,45,18
A047295003,265,187,18,39,21
A047295004,154,102,18,29,5
A047295005,145,108,14,18,5
A047295006,205,160,28,17,0
A047295007/047295008,272,214,20,30,8
A047297001,120,79,19,17,5
A047297002,134,108,12,6,8
A047298001,132,76,29,23,4
A047298002,186,126,17,43,0
A047298003,148,115,9,24,0
A047298004,106,70,8,27,1
A047298005,180,123,16,36,5
A047298006,134,87,11,32,4
A047298007,95,51,15,28,1
A047298008,204,118,33,52,1
A047298009,358,314,26,13,5
A047298010,238,194,8,34,2
A047298011,255,218,8,26,3
A047298012,273,257,10,5,1
A047298013,344,315,10,15,4
A047298014,321,253,52,7,9
A047298015,435,352,17,52,14
A047298016,182,157,4,15,6
A047300001,416,365,14,32,5
A047300002,218,204,2,12,0
A047300003,229,199,11,14,5
A047300004,393,360,5,21,7
A047301001,396,356,13,20,7
A047301002,338,283,35,8,12
A047302001,356,332,7,12,5
A047302002,264,239,5,15,5
A047303001,326,303,8,14,1
A047303002,427,387,15,18,7
A047303003,397,333,45,7,12
A047303004,465,379,61,18,7
A047303005,94,65,2,26,1
A047303006,310,218,57,26,9
A047303007,261,200,35,24,2
A047303008,160,142,10,5,3
A047303009,184,161,7,9,7
A047303010,269,231,8,26,4
A047303011,324,272,17,35,0
A047303012,277,239,12,24,2
A047303013,349,302,25,22,0
A047303014,367,276,41,46,4
A047303015,163,110,16,32,5
A047303016,184,124,29,25,6
A047303017,109,78,10,18,3
A047303018,108,61,12,28,7
A047304001,226,156,16,44,10
A047304002,217,159,6,47,5
A047304003,267,194,22,48,3
A047305001,254,196,25,32,1
A047306001,125,77,15,33,0
A047306002,154,98,22,33,1
A047306003,151,96,24,30,1
A047308001,230,153,35,38,4
A047308002,201,152,9,39,1
A047309001,190,152,8,28,2
A047309002/047309004,191,135,20,36,0
A047309003,215,163,22,26,4
A047310001,260,192,54,14,0
A047310002,292,243,33,15,1
A047310003,246,207,31,8,0
A047312001/047312003/047312004,220,188,14,13,5
A047312002/047312005,263,222,22,16,3
A047313001/047313004,307,293,7,5,2
A047313002,328,276,24,20,8
A047313003,268,212,22,32,2
A047313005,207,178,8,6,15
A047313006,310,241,26,21,22
A047313007/047313008/047313009,244,203,9,20,12
A047314001,355,266,31,56,2
A047314002,181,162,9,9,1
A047316001,107,54,19,29,5
A047317001,79,56,15,8,0
A047317002,181,152,8,19,2
A047317003,112,66,15,25,6
A047318001,119,84,11,20,4
A047318002,86,50,14,21,1
A047318003,83,37,15,27,4
A047318004,157,109,13,33,2
A047318005,204,193,2,8,1
A047320001,203,196,1,5,1
A047320002,203,174,14,8,7
A047320003,207,184,7,15,1
A047320004,187,161,7,17,2
A047320005,266,233,9,22,2
A047320006,280,259,11,9,1
A047320007,260,207,15,25,13
A047320008,233,212,4,17,0
A047320009,433,371,17,39,6
A047320010,267,214,17,25,11
A047321001,257,235,4,14,4
A047321002,279,221,13,29,16
A047322001,234,209,8,11,6
A047322002,277,226,14,27,10
A047322003,311,260,6,22,23
A047322004,427,382,11,29,5
A047322005,438,408,9,18,3
A047323001,223,207,2,9,5
A047323002,295,273,9,12,1
A047323003,215,201,0,13,1
A047323004,300,273,2,20,5
A047323005,248,235,5,6,2
A047323006,266,247,4,12,3
A047323007,190,156,12,20,2
A047323008,184,131,43,10,0
A047323009,231,205,8,18,0
A047323010,321,244,18,59,0
A047323011,402,350,22,29,1
A047323012/047323013,172,128,13,31,0
A047323014,138,121,1,14,2
A047323015,130,113,4,9,4
A047323016,288,227,21,39,1
A047323017,139,104,6,27,2
A047323018,243,200,15,21,7
A047323019,231,192,10,25,4
A047323020,341,289,18,31,3
A047323021/047323022,272,248,9,14,1
A047323021/047323022,272,248,9,14,1
A047323023,319,269,18,32,0
A047323024,247,189,32,26,0
A047323025,157,98,37,18,4
A047323026,110,78,8,24,0
A047323027,150,111,5,32,2
A047323028,263,244,3,13,3
A047323029,174,148,3,23,0
A047323030,127,87,24,16,0
A047323031,178,146,19,11,2
A047323032,206,166,19,17,4
A047323033,354,324,10,18,2
A047323034/047323035,216,203,5,8,0
A047324001,150,117,17,15,1
A047324002,113,101,2,9,1
A047324003,307,279,10,18,0
A047324004,188,159,21,4,4
A047324005,244,196,10,35,3
A047324006,212,183,10,18,1
A047324007,268,230,16,18,4
A047324008,152,138,3,10,1
A047324009,275,244,3,28,0
A047324010,170,137,12,19,2
A047324011,279,229,27,23,0
A047324012,235,200,8,26,1
A047324013,155,108,9,34,4
A047324014,182,107,23,48,4
A047324015,234,184,32,17,1
A047324016,312,281,14,4,13
A047324017,254,214,20,13,7
A047324018,275,235,14,21,5
A047324019,270,227,25,12,6
A047324020,312,268,17,21,6
A047324021,150,127,12,8,3
A047324022,277,232,25,14,6
A047324023,250,185,33,22,10
A047324024,283,237,31,12,3
A047324025,238,211,18,8,1
A047325001,293,237,23,32,1
A047325002,274,242,17,14,1
A047325003,231,214,5,10,2
A047325004,111,80,18,8,5
A047325005,164,125,14,8,17
A047325006,161,113,12,25,11
A047325007,174,156,5,13,0
A047325008,252,236,5,7,4
A047325009,404,384,7,9,4
A047325010,188,127,38,13,10
A048001001,128,69,40,10,9
A048001002,225,178,22,14,11
A048001003,315,219,56,33,7
A048001004,280,219,45,10,6
A048002001,231,176,30,21,4
A048002002,190,117,54,18,1
A048002003,159,108,33,16,2
A048002004,154,135,9,9,1
A048002005,250,217,17,11,5
A048002006,269,231,26,8,4
A048002007,131,109,15,7,0
A048003001,119,73,27,14,5
A048003002,267,188,45,28,6
A048003003,227,186,25,15,1
A048003004,227,181,8,36,2
A048003005,198,141,18,37,2
A048003006,165,115,9,41,0
A048004001,196,115,27,48,6
A048004002,276,234,8,32,2
A048004003,328,241,26,58,3
A048005001,256,209,7,38,2
A048005002,233,201,10,18,4
A048005003,270,212,28,29,1
A048005004,189,140,13,32,4
A048006001,205,169,4,26,6
A048006001,205,169,4,26,6
A048006002,275,201,18,54,2
A048006003,245,205,5,33,2
A048006004,233,195,8,30,0
A048006005,216,183,5,28,0
A048006006,250,205,13,30,2
A048006007,255,205,7,41,2
A048007001,235,198,15,14,8
A048007002,225,198,4,16,7
A048007003,202,191,1,8,2
A048007004,182,161,5,13,3
A048007005,244,232,5,6,1
A048007006,188,166,3,14,5
A048007007,192,179,7,5,1
A048007008,273,133,34,87,19
A048007009,196,104,28,42,22
A048008001,316,223,29,50,14
A048008002,360,193,48,100,19
A048008003,313,165,50,90,8
A048008004,198,133,20,42,3
A048008005,339,250,22,61,6
A048008006,228,181,12,34,1
A048008007,279,219,13,41,6
A048008008,214,165,13,33,3
A048008009,139,109,10,17,3
A048008010,168,142,15,11,0
A048008011,156,126,5,25,0
A048008012,360,311,17,13,19
A048008013,188,157,12,14,5
A048008014,196,151,20,25,0
A048008015,234,201,12,17,4
A048008016,268,210,22,34,2
A048009001,196,154,22,19,1
A048009002,211,166,18,19,8
A048009003,241,197,7,37,0
A048009004,346,292,8,44,2
A048009005,262,244,7,10,1
A048009006,285,244,6,34,1
A048009007,329,263,18,44,4
A048009008,205,179,8,14,4
A048009009,275,217,25,27,6
A048009010,188,165,7,13,3
A048009011,999,812,86,59,42
A048009012,268,218,20,29,1
A048010001,295,247,25,20,3
A048010002,257,196,16,42,3
A048010003,300,237,19,43,1
A048010004,269,193,40,35,1
A048010005,242,172,28,37,5
A048010006,260,202,38,19,1
A048011001,254,184,38,30,2
A048011002,234,165,42,24,3
A048011003,349,221,82,45,1
A048011004,264,173,56,35,0
A048012001,293,222,29,39,3
A048012002,285,244,6,33,2
A048012003,261,200,24,32,5
A048012004,228,162,43,19,4
A048012005/048012006,314,263,29,22,0
A048012005/048012006,314,263,29,22,0
A048012007,214,149,26,27,12
A048012008,210,168,9,32,1
A048012009,246,208,17,21,0
A048012010,272,237,8,25,2
A048012011,262,218,20,22,2
A048013001,288,226,16,45,1
A048013002,191,143,16,27,5
A048013003,167,137,8,19,3
A048013004,158,112,13,18,15
A048013005,174,127,19,10,18
A048014001,398,262,74,36,26
A048014002,342,183,42,97,20
A048014003,161,102,9,47,3
A048014004,239,186,17,34,2
A048015001,82,70,4,7,1
A048015002,100,83,9,7,1
A048015003,143,74,26,35,8
A048015004,160,72,24,64,0
A048015005,180,88,33,56,3
A048015006,220,89,71,52,8
A048015007,160,67,30,55,8
A048015008,158,137,8,13,0
A048015009,211,185,14,12,0
A048015009,211,185,14,12,0
A048016001,207,175,10,22,0
A048016002,226,191,8,23,4
A048016003,242,199,12,28,3
A048016004,133,68,21,41,3
A048016005,384,166,89,87,42
A048016006,133,41,25,53,14
A048017001,218,85,34,78,21
A048017002,139,55,36,23,25
A048017003,328,249,25,37,17
A048018001,254,109,58,74,13
A048018002,117,54,45,10,8
A048018003,191,114,37,32,8
A048018004,328,122,56,109,41
A048018005,202,85,34,53,30
A048018006,263,102,36,101,24
A048019001,153,100,11,37,5
A048019002,142,76,20,36,10
A048019003,272,252,5,10,5
A048019004,279,244,11,14,10
A048020001,210,169,28,9,4
A048020002,209,197,3,6,3
A048020003,316,260,22,22,12
A048020004,291,258,4,16,13
A048020005,382,211,48,87,36
A048020006,222,116,28,74,4
A048021001,229,130,23,71,5
A048021002,228,141,15,61,11
A048021003,260,175,19,61,5
A048022001,175,101,12,51,11
A048022002,196,126,11,55,4
A048022003,210,128,22,51,9
A048022004,122,67,12,35,8
A048023001,189,160,8,19,2
A048023002,294,143,81,33,37
A048023003,176,99,15,48,14
A048023004,304,244,24,25,11
A048023005,223,118,20,77,8
A048023006,211,131,22,46,12
A048023007,279,183,21,64,11
A048023008,255,148,38,65,4
A048023009,206,99,29,69,9
A048023010,233,118,30,71,14
A048023011,246,222,15,4,5
A048023012,247,230,6,10,1
A048024001,221,208,1,11,1
A048024002,244,223,3,11,7
A048024003,223,204,10,7,2
A048024004,176,158,3,12,3
A048024005,103,95,4,3,1
A048024006,220,197,7,10,6
A048024007,445,410,2,18,15
A048024008,219,208,3,6,2
A048024009,366,349,3,14,0
A048025001,287,249,18,16,4
A048025002,331,274,10,16,31
A048025003,311,284,9,9,9
A048025004,346,311,5,19,11
A048026001,198,190,2,4,2
A048026002,219,182,13,24,0
A048026003,349,313,3,21,12
A048027001,319,277,17,15,10
A048027002,211,107,27,56,21
A048027003,233,169,22,36,6
A048027004,164,130,11,11,12
A048028001,237,140,55,22,20
A048028002,235,161,35,27,12
A048028003,386,334,29,16,7
A048028004,230,200,2,21,7
A048028005,159,81,24,36,18
A048028006,189,133,6,40,10
A048028007,214,194,2,7,11
A048028008,245,223,0,5,17
A048028009,225,214,9,2,0
A048028010,244,202,6,15,21
A048029001,204,183,3,5,13
A048029002,213,172,15,19,7
A048029003,190,174,5,6,5
A048029004,172,146,10,13,3
A048029005,228,196,9,13,10
A048030001,256,225,7,22,2
A048030002,288,248,14,22,4
A048030003,322,172,22,77,51
A048030004,233,131,39,55,8
A048030004,233,131,39,55,8
A048030004,233,131,39,55,8
A048030005,177,49,33,80,15
A048030006,139,31,41,55,12
A048031001,267,138,48,77,4
A048031002,126,44,18,53,11
A048031003,227,147,15,59,6
A048032001,210,140,16,41,13
A048032002,215,124,22,63,6
A048032003,502,145,148,125,84
A048033001,293,182,27,74,10
A048033002,179,117,17,38,7
A048033003,140,97,10,29,4
A048033004,126,107,7,10,2
A048033005,365,203,49,101,12
A048033006,365,235,28,64,38
A048033007,217,122,25,62,8
A048033008,445,205,51,124,65
A048033009,219,113,71,33,2
A048033010,162,91,27,35,9
A048033011,152,52,52,44,4
A048034001,346,188,46,99,13
A048034002,292,176,22,67,27
A048034003,363,210,64,86,3
A048034004,164,134,11,18,1
A048034005,286,177,57,52,0
A048034006,175,108,23,41,3
A048034007,279,179,21,69,10
A048034008,262,173,21,51,17
A048035001,240,174,6,54,6
A048035002,259,182,21,53,3
A048035003,265,214,21,24,6
A048036001,178,171,4,1,2
A048036002,273,245,8,12,8
A048036003,277,255,12,8,2
A048037001,224,189,13,21,1
A048037002,300,257,17,23,3
A048037003,291,172,51,61,7
A048037004,234,172,14,42,6
A048037005,192,150,3,38,1
A048037006,258,192,17,38,11
A048037007,241,196,13,31,1
A048038001,202,175,16,9,2
A048038002,321,232,18,66,5
A048038003,315,217,29,64,5
A048038004,226,156,10,53,7
A048038005,362,258,18,70,16
A048039001,141,93,14,33,1
A048039002,289,268,7,13,1
A048039003,209,176,12,8,13
A048039004,271,239,16,3,13
A048039005,164,112,13,32,7
A048039006,180,157,4,16,3
A048039007,244,197,20,17,10
A048039008,193,116,21,37,19
A048039009,125,90,15,18,2
A048039010,159,139,9,9,2
A048039011,168,150,3,14,1
A048039013,142,89,37,13,3
A048039014,118,83,13,17,5
A048040001,245,235,2,7,1
A048040002,210,194,3,10,3
A048040003,247,218,16,13,0
A048040004,212,174,9,27,2
A048040005,229,186,20,15,8
A048040006,348,320,5,12,11
A048040007,277,247,11,13,6
A048041001,443,361,40,30,12
A048041002,379,344,8,14,13
A048041003,339,320,9,3,7
A048041004,250,157,38,53,2
A048041005,260,208,21,31,0
A048042001,321,295,6,9,11
A048042002,297,268,12,4,13
A048042003,248,233,7,4,4
A048042004,390,371,1,8,10
A048042005,137,118,5,9,5
A048042006,355,326,19,6,4
A048042007,270,185,19,65,1
A048042008,243,180,23,32,8
A048042009/01,174,102,23,48,1
A048042009/02,193,158,14,19,2
A048042010,289,231,5,53,0
A048042011,124,68,29,24,3
A048042012,183,118,27,34,4
A048042013,208,158,11,39,0
A048042014,268,203,17,46,2
A048042015,149,82,9,44,14
A048042016,252,215,7,30,0
A048042017,170,112,16,35,7
A048042018,244,180,10,42,12
A048043001,290,226,32,25,7
A048043002,292,213,15,63,1
A048043003,161,120,11,28,2
A048043004,226,152,11,61,2
A048043005,305,210,20,72,3
A048043006,252,204,8,37,3
A048043007,248,219,11,12,6
A048043008,270,173,41,53,3
A048043009,284,254,6,24,0
A048043010,223,165,16,38,4
A048043011,248,201,7,40,0
A048043012,367,316,24,24,3
A048043013,229,167,27,28,7
A048043014,213,154,11,48,0
A048043015,247,184,23,36,4
A048043016,350,305,15,28,2
A048043017,370,244,61,63,2
A048043018,247,192,20,34,1
A048044001,187,160,10,17,0
A048044002,319,213,27,74,5
A048044003,325,264,20,39,2
A048044004,307,240,30,25,12
A048044005,202,156,24,20,2
A048044006,404,339,28,28,9
A048044007,156,79,33,44,0
A048044008,168,82,30,54,2
A048044009,206,158,19,18,11
A048044010,260,214,17,21,8
A048044011,293,236,24,28,5
A048044012,279,244,10,18,7
A048045001,325,275,25,15,10
A048045002,198,134,41,22,1
A048045003,232,195,14,18,5
A048045004,348,269,30,29,20
A048046001,320,261,27,25,7
A048046002,408,274,69,57,8
A048046003,258,233,10,14,1
A048046004,262,203,23,22,14
A048046005,259,218,10,31,0
A048046006,257,214,23,17,3
A048046007,340,281,23,31,5
A048046008,172,144,6,18,4
A048046009,298,249,14,34,1
A048046010,307,262,7,36,2
A048046011,260,195,19,43,3
A048046012,235,163,20,50,2
A048046013,319,268,23,25,3
A048047001,305,264,11,30,0
A048047002,287,149,22,83,33
A048047003,138,59,18,25,36
A048047004,178,62,41,68,7
A048047005,237,112,34,70,21
A048047006,185,116,32,35,2
A048047007,297,246,8,28,15
A048047008,282,246,17,12,7
A048047009,184,154,9,19,2
A048048001,239,220,5,11,3
A048048002,267,243,14,9,1
A048048003,238,221,3,10,4
A048048004,231,209,9,12,1
A048048005,233,210,10,12,1
A048048006,170,139,10,17,4
A048048007,121,96,4,12,9
A048048008,163,134,8,16,5
A048048009,322,269,8,31,14
A048048010,163,135,10,18,0
A048049001,179,125,8,34,12
A048049002,145,98,4,39,4
A048049003,208,172,10,24,2
A048050001,306,240,10,42,14
A048050002,236,131,23,80,2
A048050003,215,130,22,60,3
A048050004,116,54,9,22,31
A048050005,108,56,4,25,23
A048050006,277,202,10,61,4
A048050007,130,103,3,23,1
A048051001,257,225,3,27,2
A048051002,255,200,14,31,10
A048051003,397,348,12,35,2
A048051004,251,213,9,25,4
A048051005,234,195,6,27,6
A048051006,190,164,7,11,8
A048051007,201,168,3,28,2
A048051007,201,168,3,28,2
A048051008,245,218,4,20,3
A048051009,219,184,7,23,5
A048051010,181,163,6,7,5
A048051011,323,268,12,38,5
A048051012,178,145,12,18,3
A048051013,203,165,7,13,18
A048051014,318,283,12,18,5
A048052001,287,245,15,22,5
A048052002,191,169,3,18,1
A048052003,293,268,5,10,10
A048052004,205,176,5,17,7
A048052005,257,239,6,8,4
A048052006,295,269,11,8,7
A048052007,233,200,7,10,16
A048052008,259,226,8,18,7
A048052009,390,357,8,18,7
A048052010,232,215,4,9,4
A048053001,354,299,24,25,6
A048053002,146,114,10,15,7
A048053003,324,251,24,42,7
A048053004,204,133,12,57,2
A048053005,183,144,13,25,1
A048053006,173,133,9,27,4
A048053007,204,160,8,27,9
A048054001,198,74,26,81,17
A048054002,186,80,22,77,7
A048054003,222,195,13,13,1
A048054004,155,68,26,51,10
A048054005,312,160,38,94,20
A048054006,127,85,22,19,1
A048054007,177,103,27,43,4
A048054008,116,63,19,33,1
A048054009,155,72,35,45,3
A048054010,167,71,41,47,8
A048054011,158,70,37,45,6
A048055001,154,76,24,50,4
A048055002,248,117,35,57,39
A048055003,189,93,31,33,32
A048055004,217,84,40,43,50
A048055005,176,69,41,55,11
A048056001,147,57,9,69,12
A048056002,257,80,63,85,29
A048056003,167,97,14,49,7
A048056004,275,100,60,89,26
A048056005,252,79,65,99,9
A048056006,222,75,44,79,24
A048056007,225,69,73,63,20
A048057001,203,83,45,65,10
A048057002,158,57,36,61,4
A048057003,184,68,33,61,22
A048057004,161,76,22,52,11
A048057005,167,67,21,70,9
A048057006,147,63,29,48,7
A048057007,169,60,50,38,21
A048058001,213,89,25,88,11
A048058002,192,104,25,57,6
A048058003,174,82,26,61,5
A048058004,172,74,28,64,6
A048059001,205,126,13,59,7
A048059002,207,60,63,61,23
A048059003,291,97,92,79,23
A048060001,245,95,63,66,21
A048060002,214,96,49,63,6
A048060003,191,89,23,58,21
A048060004,229,101,30,75,23
A048060005,234,104,44,79,7
A048061001,208,91,28,58,31
A048061002,153,76,20,54,3
A048061003,278,107,97,52,22
A048061004,150,48,7,31,64
A048061005,86,44,17,22,3
A048061006,126,60,42,23,1
A048061007,161,80,20,52,9
A048061008,177,106,17,48,6
A048061008,177,106,17,48,6
A048062001,197,97,31,51,18
A048062002,213,89,22,84,18
A048062003,269,138,40,77,14
A048062004,216,151,15,40,10
A048062005,232,150,20,62,0
A048062006,251,149,14,81,7
A048062007,138,74,20,35,9
A048062008,97,38,23,31,5
A048062009,173,62,25,81,5
A048062010,251,121,42,73,15
A048062011,233,132,18,77,6
A048062012,233,185,14,20,14
A048062013,254,194,28,30,2
A048062014,459,382,40,19,18
A048063001,238,199,12,26,1
A048063002,360,313,27,19,1
A048063003,325,279,26,14,6
A048063004,140,128,6,4,2
A048063005,227,173,37,6,11
A048063006,230,199,14,4,13
A048063007,196,173,8,10,5
A048064001,314,277,6,24,7
A048064002,266,240,6,10,10
A048064003,226,190,15,17,4
A048064004/048064005,242,213,6,13,10
A048064006,342,304,11,27,0
A048064007,248,210,15,21,2
A048064008,346,330,4,8,4
A048064009,400,331,26,40,3
A048065001,324,290,9,23,2
A048065002,210,177,7,18,8
A048065003,246,236,4,5,1
A048065004,184,117,18,29,20
A048065005,155,136,5,12,2
A048065006,205,104,19,70,12
A048065007,245,156,11,67,11
A048065008,269,197,10,48,14
A048065009,196,154,12,27,3
A048065010,227,178,10,36,3
A048066001,295,190,31,68,6
A048066002,186,125,20,37,4
A048066003,157,97,14,39,7
A048066004,296,117,48,96,35
A048066005,163,95,15,45,8
A048066006,207,106,48,41,12
A048066007,190,126,16,48,0
A048067001,275,239,12,23,1
A048067002,130,90,16,21,3
A048067003,249,160,39,38,12
A048068001,372,219,44,80,29
A048068002,276,232,9,26,9
A048068003,246,198,14,29,5
A048069001,227,188,16,16,7
A048069002,327,301,10,15,1
A048069003,232,193,14,20,5
A048069004,222,206,4,10,2
A048070001,273,249,4,14,6
A048070002,304,264,24,11,5
A048070003,277,250,7,18,2
A048070004,301,259,25,17,0
A048070005,323,293,14,14,2
A048070006,270,253,8,4,5
A048070007,264,222,7,29,6
A048070008,403,342,16,15,30
A048070009,210,183,7,16,4
A048070010,293,245,14,23,11
A048070011,213,186,11,13,3
A048070012,246,219,4,22,1
A048071001,242,190,11,30,11
A048071002,334,268,29,33,4
A048071003,266,163,24,76,3
A048071004,193,130,11,49,3
A048072001,255,191,14,49,1
A048072002,229,175,20,28,6
A048072003,249,195,11,42,1
A048072004,306,244,8,54,0
A048072005,264,208,21,35,0
A048072006,347,277,25,36,9
A048073001,226,175,18,31,2
A048073002,328,251,43,29,5
A048073002,328,251,43,29,5
A048073003,335,290,19,25,1
A048074001,240,188,21,28,3
A048074002,185,143,16,24,2
A127029001,298,186,40,62,10
A127030001,269,163,49,47,10
A127030002,207,169,10,24,4
A127030003,239,175,34,28,2
A127061001,319,293,6,20,0
A127061002,251,235,9,5,2
A127061003,301,280,1,13,7
A127061004,220,210,5,5,0
A227003001/227003005,106,100,2,2,2
A227003002,226,198,12,12,4
A227003003,304,256,15,31,2
A227003004,303,279,9,14,1
A227003006,279,258,8,11,2
A227007002,177,153,14,9,1
A227047001,254,208,9,23,14
A227064001,258,221,9,21,7
A227064002,204,181,5,18,0
A227064003,375,308,26,23,18
A227087002,171,151,6,12,2
