health..sa_id,health..total_persons,health..very_good_health,health..good_health,health..fair_health,health..bad_health,health..very_bad_health
S00088961,217,86,94,32,5,0
S00088963,89,58,21,8,1,1
S00089288,151,74,54,16,5,2
S00090362,138,69,55,13,0,1
S00090387,76,54,17,3,1,1
S00090399,215,135,64,12,3,1
S00090404,190,118,53,16,1,2
S00090669,95,62,19,10,4,0
S00091307,113,55,45,12,0,1
S00091308,119,73,41,5,0,0
S00091309,95,44,36,15,0,0
S00091310,132,94,33,2,2,1
S00091311,189,134,46,8,0,1
S00091312,178,95,66,12,4,1
S00091313,167,134,24,9,0,0
S00091314,83,54,20,7,2,0
S00091315,76,58,14,1,2,1
S00091316,69,36,25,4,4,0
S00091317,123,71,40,8,3,1
S00091318,96,54,33,8,0,1
S00091319,283,209,61,12,0,1
S00091320,133,106,19,6,1,1
S00091321,126,95,28,3,0,0
S00091322,165,118,35,11,1,0
S00091323,139,94,34,9,2,0
S00091324,163,113,45,5,0,0
S00091325,156,99,51,6,0,0
S00091326,128,74,40,11,3,0
S00091327,162,90,55,13,3,1
S00091328,107,55,27,20,3,2
S00091329,148,71,52,16,7,2
S00091330,130,75,36,14,5,0
S00091331,130,65,53,10,2,0
S00091332,87,52,30,4,1,0
S00091333,79,48,24,5,1,1
S00091334,108,53,39,13,3,0
S00091335,132,70,50,12,0,0
S00091336,133,56,59,16,2,0
S00091337,88,31,39,13,5,0
S00091338,60,42,11,6,1,0
S00091339,67,40,18,7,2,0
S00091340,89,58,21,6,2,2
S00091341,190,105,68,14,1,2
S00091342,116,65,36,10,3,2
S00091343,176,116,49,9,2,0
S00091344,85,50,24,10,1,0
S00091345,163,105,39,17,1,1
S00091346,106,70,27,7,0,2
S00091347,129,64,51,11,3,0
S00091348,136,89,32,13,1,1
S00091349,125,69,43,10,2,1
S00091350,135,92,33,9,1,0
S00091351,169,97,64,5,3,0
S00091352,105,63,36,4,1,1
S00091353,95,52,34,6,2,1
S00091354,104,48,46,8,2,0
S00091355,153,103,39,10,1,0
S00091356,141,97,36,8,0,0
S00091357,92,57,24,7,4,0
S00091358,155,97,45,13,0,0
S00091359,119,85,24,9,1,0
S00091360,76,47,19,8,1,1
S00091361,129,86,37,4,1,1
S00091362,120,70,39,9,1,1
S00091363,91,47,34,8,2,0
S00091364,104,68,31,3,1,1
S00091365,191,135,46,8,2,0
S00091366,166,106,42,14,3,1
S00091367,87,46,31,9,1,0
S00091368,162,110,40,10,0,2
S00091369,200,128,54,18,0,0
S00091370,165,117,39,6,3,0
S00091371,183,108,55,16,4,0
S00091372,115,88,25,2,0,0
S00091373,148,99,44,4,1,0
S00091374,105,61,33,9,2,0
S00091375,107,64,33,9,1,0
S00091377,108,71,29,6,2,0
S00091378,118,80,34,4,0,0
S00091379,179,122,54,3,0,0
S00091380,96,62,25,7,0,2
S00091381,161,120,25,10,4,2
S00091383,137,82,45,8,2,0
S00091384,107,71,24,9,3,0
S00091385,88,47,35,6,0,0
S00091386,192,128,44,19,0,1
S00091387,138,83,38,12,4,1
S00091388,161,102,48,8,3,0
S00091389,55,36,13,5,1,0
S00091390,143,94,40,7,2,0
S00091393,218,152,49,16,1,0
S00091431,126,65,42,15,4,0
S00091432,146,93,38,14,1,0
S00091433,68,42,16,9,0,1
S00091434,123,76,32,6,7,2
S00091435,170,92,60,15,3,0
S00091436,145,83,51,11,0,0
S00091443,149,90,39,13,7,0
S00091445,153,92,46,9,3,3
S00091446,159,102,39,17,0,1
S00091447,148,80,52,13,2,1
S00091448,101,46,36,10,6,3
S00091449,131,60,42,20,6,3
S00091450,151,72,64,8,7,0
S00091451,109,57,35,14,2,1
S00091452,109,55,41,9,3,1
S00091453,168,85,57,14,9,3
S00091454,132,69,38,19,5,1
S00091455,154,68,56,22,4,4
S00091456,134,78,45,10,1,0
S00091457,95,56,29,7,3,0
S00091458,132,84,39,8,0,1
S00091459,82,24,39,15,4,0
S00091460,131,73,49,9,0,0
S00091461,150,101,38,10,1,0
S00091462,123,68,43,8,2,2
S00091463,170,116,43,8,2,1
S00091464,95,45,36,10,2,2
S00091465,114,55,39,14,6,0
S00091466,147,79,43,14,9,2
S00091467,103,45,36,17,4,1
S00091468,117,51,46,15,3,2
S00091469,110,55,40,9,5,1
S00091470,123,70,37,13,2,1
S00091471,136,62,40,26,5,3
S00091472,124,43,48,20,8,5
S00091473,155,60,76,16,2,1
S00091474,122,72,39,9,2,0
S00091475,154,73,64,14,3,0
S00091476,134,61,60,12,1,0
S00091477,115,53,44,14,2,2
S00091478,115,49,42,14,8,2
S00091479,80,34,35,9,2,0
S00091480,151,78,44,24,3,2
S00091481,57,27,14,13,0,3
S00091482,167,73,63,26,4,1
S00091483,121,68,47,6,0,0
S00091484,108,72,29,5,1,1
S00091485,162,106,48,8,0,0
S00091486,163,120,28,14,1,0
S00091487,105,42,41,18,3,1
S00091488,96,45,43,6,1,1
S00091489,119,79,26,9,4,1
S00091490,106,48,39,11,7,1
S00091491,142,80,48,12,1,1
S00091492,150,78,50,17,3,2
S00091493,194,128,51,13,1,1
S00091494,207,119,70,10,8,0
S00091495,181,116,52,10,3,0
S00091496,112,56,39,17,0,0
S00091497,193,111,52,25,2,3
S00091498,105,53,41,5,2,4
S00091499,110,65,31,13,1,0
S00091500,128,55,45,22,5,1
S00091501,117,65,35,11,4,2
S00091502,51,22,21,6,2,0
S00091503,119,73,28,14,2,2
S00091504,136,62,54,17,3,0
S00091505,106,66,30,8,1,1
S00091506,153,96,36,18,3,0
S00091507,60,38,13,9,0,0
S00091508,111,46,35,22,7,1
S00091509,104,66,24,9,3,2
S00091510,139,82,42,11,3,1
S00091511,100,44,41,12,1,2
S00091512,162,89,49,22,2,0
S00091513,120,64,36,17,1,2
S00091514,72,16,25,25,4,2
S00091515,96,55,29,11,1,0
S00091516,115,35,39,29,10,2
S00091517,68,18,26,14,9,1
S00091518,92,54,31,6,1,0
S00091519,58,39,16,1,2,0
S00091520,84,42,20,17,3,2
S00091521,130,73,45,11,1,0
S00091522,80,36,25,17,2,0
S00091523,89,42,35,10,2,0
S00091524,119,69,33,12,4,1
S00091525,108,53,42,9,3,1
S00091526,97,50,31,14,1,1
S00091527,100,57,37,4,2,0
S00091528,76,39,24,10,1,2
S00091529,85,33,35,14,3,0
S00091530,234,160,58,14,1,1
S00091531,117,76,32,8,1,0
S00091532,119,78,38,3,0,0
S00091533,187,93,65,24,4,1
S00091534,153,91,48,9,4,1
S00091535,119,75,38,6,0,0
S00091536,130,78,41,9,2,0
S00091537,140,75,52,7,5,1
S00091538,82,41,31,9,0,1
S00091539,87,47,25,12,3,0
S00091548,74,47,22,4,0,1
S00091568,124,51,41,24,5,3
S00091575,107,74,23,6,3,1
S00091576,141,100,36,5,0,0
S00091577,101,42,47,7,5,0
S00091578,59,29,20,10,0,0
S00091579,106,60,37,7,2,0
S00091580,135,70,41,18,6,0
S00091581,180,118,47,12,3,0
S00091582,162,103,45,11,3,0
S00091583,120,59,42,15,3,1
S00091584,116,60,40,13,3,0
S00091585,76,40,28,6,2,0
S00091586,74,32,35,7,0,0
S00091587,226,155,64,4,3,0
S00091588,161,94,58,8,1,0
S00091589,87,57,16,12,2,0
S00091590,193,87,77,18,8,3
S00091591,222,150,53,14,4,1
S00091592,189,140,43,5,1,0
S00091593,227,134,72,16,4,1
S00091594,128,81,37,8,1,1
S00091595,84,47,28,9,0,0
S00091596,93,58,22,10,2,1
S00091597,67,30,29,6,0,2
S00091598,232,129,84,14,5,0
S00092224,71,26,22,19,3,1
S00092225,101,33,35,22,8,3
S00092226,187,122,54,9,2,0
S00092227,153,100,32,19,1,1
S00092228,141,47,50,37,7,0
S00092229,122,88,25,7,2,0
S00092230,109,61,37,8,1,2
S00092231,134,88,32,11,2,1
S00092232,83,57,12,10,2,2
S00092398,191,122,42,18,7,2
S00092399,149,91,41,15,1,1
S00092400,195,133,45,16,1,0
S00092401,160,103,46,8,2,1
S00092402,143,92,38,12,1,0
S00092403,183,143,36,4,0,0
S00092404,76,37,29,6,3,1
S00092405,106,68,26,11,1,0
S00092406,149,128,18,3,0,0
S00092407,213,155,54,4,0,0
S00092408,134,79,40,14,1,0
S00092409,140,95,34,6,3,2
S00092412,113,73,32,6,1,1
S00092413,128,72,48,7,1,0
S00092417,79,47,24,8,0,0
S00092419,76,44,24,7,0,1
S00092420,142,80,45,12,3,2
S00092421,65,48,14,3,0,0
S00092422,111,66,38,4,3,0
S00092423,142,94,35,8,5,0
S00092424,63,39,19,5,0,0
S00092429,105,50,36,16,2,1
S00092430,112,53,34,19,5,1
S00092431,133,78,39,14,2,0
S00092432,117,76,34,7,0,0
S00092433,121,62,41,16,1,1
S00092434,217,145,54,15,1,2
S00092435,65,22,29,8,5,1
S00092438,65,40,17,8,0,0
S00092439,128,52,51,21,3,1
S00092440,72,31,33,8,0,0
S00092441,222,153,58,10,1,0
S00092443,108,62,30,11,5,0
S00092444,106,64,28,10,1,3
S00092445,57,31,22,3,1,0
S00092451,128,61,38,26,1,2
S00092452,116,61,46,7,1,1
S00092453,124,56,54,10,2,2
S00092454,86,44,35,6,0,1
S00092455,123,60,39,19,5,0
S00092456,86,38,37,8,3,0
S00092457,92,60,27,5,0,0
S00092458,180,96,57,20,3,4
S00092459,179,103,60,13,3,0
S00092460,96,60,26,8,2,0
S00092473,95,51,31,11,2,0
S00092474,167,106,47,10,2,2
S00092561,93,56,26,10,1,0
S00092562,184,108,64,8,4,0
S00092563,164,108,43,12,0,1
S00092564,91,61,23,4,3,0
S00092565,167,116,42,6,2,1
S00092566,106,33,56,13,2,2
S00092567,166,125,37,3,1,0
S00092568,125,91,24,7,3,0
S00092569,201,157,40,4,0,0
S00092570,153,109,30,11,0,3
S00092571,95,44,40,8,2,1
S00092572,81,52,22,5,2,0
S00092573,196,119,67,9,1,0
S00092574,137,74,42,18,2,1
S00092575,163,110,36,16,1,0
S00092576,102,65,22,9,6,0
S00092585,172,112,46,10,1,3
S00092586,164,116,34,10,3,1
S00092587,129,65,46,15,3,0
S00092588,133,72,43,13,4,1
S00092592,177,72,69,32,4,0
S00092593,113,62,33,15,3,0
S00092594,121,59,49,10,2,1
S00092595,103,53,42,5,2,1
S00092596,252,112,76,40,20,4
S00092597,109,46,44,12,5,2
S00092598,115,60,37,10,7,1
S00092599,129,64,40,19,5,1
S00092600,109,58,39,10,1,1
S00092601,106,59,36,9,2,0
S00092602,131,90,31,4,5,1
S00092603,152,97,42,12,1,0
S00092604,176,115,44,11,5,1
S00092605,106,65,27,9,3,2
S00092606,107,68,29,10,0,0
S00092607,93,38,37,14,4,0
S00092608,106,61,33,9,2,1
S00092609,171,101,54,14,2,0
S00092610,199,124,64,10,1,0
S00092611,130,61,43,22,3,1
S00092612,167,112,47,6,2,0
S00092613,83,38,29,10,4,2
S00092614,93,49,27,10,5,2
S00092615,72,26,30,11,5,0
S00092616,141,63,60,13,5,0
S00092617,95,69,21,4,0,1
S00092618,159,109,38,8,4,0
S00092619,177,117,49,9,2,0
S00092620,156,41,38,48,26,3
S00092621,218,163,38,14,3,0
S00092622,70,26,21,20,3,0
S00092623,95,50,34,9,1,1
S00092624,155,118,33,3,1,0
S00092625,170,116,44,10,0,0
S00092626,80,32,33,12,3,0
S00092627,107,52,34,12,6,3
S00092628,67,50,12,5,0,0
S00092629,205,120,65,15,4,1
S00092630,66,38,22,5,0,1
S00092631,191,113,62,14,1,1
S00092632,111,82,21,8,0,0
S00092652,69,46,20,1,2,0
S00092653,130,60,55,12,3,0
S00092654,124,71,39,10,2,2
S00092655,134,76,43,9,4,2
S00092656,112,71,36,2,2,1
S00092657,185,105,45,29,3,3
S00092658,89,57,28,3,1,0
S00092659,182,106,61,13,2,0
S00092660,101,60,28,10,3,0
S00092661,117,56,46,12,3,0
S00092662,78,39,30,7,1,1
S00092663,112,58,44,9,1,0
S00092979,73,30,27,12,4,0
S00092980,140,43,60,24,10,3
S00092981,64,27,24,10,1,2
S00092982,105,74,23,2,4,2
S00092983,182,118,42,15,4,3
S00092984,163,106,34,17,4,2
S00092985,148,95,39,10,2,2
S00092986,180,147,27,5,1,0
S00092987,140,99,37,3,1,0
S00092988,165,129,29,7,0,0
S00092989,192,120,52,12,7,1
S00092990,186,140,34,7,3,2
S00092991,191,109,61,15,6,0
S00092992,154,83,58,12,1,0
S00092993,106,64,30,7,4,1
S00092994,151,90,45,14,2,0
S00093001,139,63,48,19,5,4
S00093002,176,98,40,24,10,4
S00093008,132,74,43,13,2,0
S00093009,55,28,14,8,4,1
S00093010,96,53,30,7,4,2
S00093011,96,42,34,9,10,1
S00093012,112,59,37,10,6,0
S00093013,138,73,51,11,3,0
S00093014,82,32,36,8,5,1
S00093015,65,32,25,5,2,1
S00093016,118,70,35,9,1,3
S00093017,129,69,47,10,3,0
S00093018,113,78,29,3,2,1
S00093019,159,105,38,13,2,1
S00093020,78,38,25,14,0,1
S00093021,95,52,34,7,2,0
S00093025,109,59,34,10,4,2
S00093027,118,65,38,11,3,1
S00093028,120,80,28,8,4,0
S00093034,103,61,30,10,1,1
S00093035,106,74,26,5,1,0
S00093038,63,33,25,5,0,0
S00093045,172,93,44,27,8,0
S00093046,159,93,50,13,3,0
S00093047,128,61,44,15,6,2
S00093048,80,35,34,7,3,1
S00093049,80,47,22,10,1,0
S00093050,71,45,19,7,0,0
S00093051,79,54,19,5,0,1
S00093052,90,62,18,9,1,0
S00093053,115,76,31,4,3,1
S00093054,78,36,31,10,1,0
S00093055,106,70,25,10,1,0
S00093056,66,42,18,3,2,1
S00093057,91,58,26,6,1,0
S00093058,137,59,57,18,3,0
S00093059,147,71,50,17,8,1
S00093060,122,79,22,17,3,1
S00093061,99,59,25,11,3,1
S00093062,127,67,38,19,3,0
S00093063,126,71,48,6,1,0
S00093064,147,86,44,11,4,2
S00093065,189,109,62,13,4,1
S00093066,125,76,29,15,4,1
S00093067,67,50,14,3,0,0
S00093068,127,72,43,8,4,0
S00093069,80,55,20,4,1,0
S00093070,131,61,54,11,4,1
S00093071,121,84,30,6,0,1
S00093072,109,65,33,7,4,0
S00093073,123,72,37,8,4,2
S00093074,116,68,37,9,2,0
S00093075,99,61,33,5,0,0
S00093076,145,77,52,13,2,1
S00093077,151,111,26,8,5,1
S00093078,87,39,29,15,3,1
S00093079,61,32,16,8,5,0
S00093080,182,139,30,7,6,0
S00093081,145,94,39,7,4,1
S00093082,176,130,39,4,2,1
S00093083,199,125,54,14,6,0
S00093084,98,55,30,12,1,0
S00093085,118,75,35,4,3,1
S00093086,55,30,19,6,0,0
S00093087,119,64,36,13,4,2
S00093088,176,101,35,35,1,4
S00093089,122,50,46,21,4,1
S00093090,91,39,23,20,9,0
S00093091,115,67,29,10,6,3
S00093092,156,93,44,15,3,1
S00093093,114,82,19,11,2,0
S00093094,92,32,29,20,7,4
S00093099,144,96,35,12,1,0
S00093100,157,106,45,4,2,0
S00093101,183,117,53,10,2,1
S00093102,193,138,35,14,5,1
S00093103,142,78,39,19,4,2
S00093104,114,75,29,6,4,0
S00093105,198,116,56,20,4,2
S00093106,117,81,27,9,0,0
S00093107,125,78,32,11,3,1
S00093108,92,53,23,7,8,1
S00093109,121,65,37,11,6,2
S00093110,115,68,38,8,1,0
S00093111,104,63,28,10,1,2
S00093112,88,55,25,6,2,0
S00093113,100,77,19,3,1,0
S00093114,172,136,29,5,2,0
S00093115,91,42,34,7,7,1
S00093116,207,148,52,5,1,1
S00093117,184,144,33,7,0,0
S00093118,135,47,50,20,15,3
S00093119,132,71,45,9,6,1
S00093120,110,64,30,11,5,0
S00093121,117,60,43,11,3,0
S00093122,81,23,31,16,7,4
S00093123,116,44,54,14,3,1
S00093124,88,34,36,14,4,0
S00093125,100,48,38,11,3,0
S00093126,108,46,43,13,3,3
S00093127,99,42,43,11,2,1
S00093128,121,58,43,18,1,1
S00093129,185,110,61,10,3,1
S00093130,122,59,40,13,6,4
S00093131,115,53,42,14,6,0
S00093132,84,42,25,10,6,1
S00093133,116,61,38,13,3,1
S00093134,138,74,45,15,2,2
S00093135,146,78,46,17,4,1
S00093136,88,45,29,11,2,1
S00093137,92,47,29,12,3,1
S00093138,111,63,31,11,4,2
S00093139,109,54,34,18,2,1
S00093140,138,73,48,14,3,0
S00093141,107,53,35,12,6,1
S00093142,162,104,38,18,1,1
S00093143,118,70,35,11,1,1
S00093144,111,67,33,7,3,1
S00093145,169,77,53,31,5,3
S00093146,186,139,31,12,3,1
S00093147,108,54,35,16,3,0
S00093148,68,23,24,16,4,1
S00093149,109,57,34,14,3,1
S00093150,80,25,46,7,2,0
S00093151,110,50,27,23,9,1
S00093152,61,8,22,26,5,0
S00093153,149,99,38,7,5,0
S00093154,111,50,38,14,7,2
S00093155,101,51,42,7,1,0
S00093156,177,109,47,14,5,2
S00093157,117,55,36,20,4,2
S00093158,124,57,42,18,6,1
S00093159,80,27,15,24,9,5
S00093160,97,60,24,7,4,2
S00093161,137,86,41,7,1,2
S00093162,161,113,34,11,2,1
S00093163,103,35,37,18,8,5
S00093164,144,79,44,13,5,3
S00093165,104,65,30,8,1,0
S00093166,142,72,47,16,7,0
S00093167,119,50,38,15,16,0
S00093168,80,42,21,12,4,1
S00093169,80,40,28,6,6,0
S00093170,75,41,17,14,3,0
S00093171,76,19,20,22,12,3
S00093172,136,74,47,11,3,1
S00093173,106,67,22,13,2,2
S00093174,169,118,40,10,1,0
S00093175,82,56,22,3,1,0
S00093176,102,54,32,11,3,2
S00093177,88,43,26,10,5,4
S00093178,155,99,44,9,1,2
S00093179,125,52,46,21,4,2
S00093180,167,69,43,40,5,10
S00093181,146,94,40,8,3,1
S00093182,195,118,66,10,1,0
S00093183,110,52,46,10,1,1
S00093184,169,104,45,15,4,1
S00093185,99,58,26,10,3,2
S00093186,154,88,51,11,2,2
S00093187,161,100,48,10,3,0
S00093188,111,63,33,13,2,0
S00093189,106,53,38,14,1,0
S00093190,161,89,56,15,1,0
S00093191,91,50,29,8,3,1
S00093192,123,85,32,4,2,0
S00093193,141,85,31,20,4,1
S00093194,137,75,37,20,5,0
S00093195,96,62,23,7,3,1
S00093196,133,57,50,18,8,0
S00093197,76,40,24,9,3,0
S00093198,141,69,52,17,2,1
S00093199,147,68,60,15,3,1
S00093200,57,28,18,8,3,0
S00093201,117,70,33,12,2,0
S00093202,122,68,41,10,3,0
S00093203,85,38,27,14,5,1
S00093204,121,69,44,7,1,0
S00093205,95,46,31,13,3,2
S00093206,94,34,36,20,3,1
S00093207,93,49,24,13,6,1
S00093208,109,58,37,12,1,1
S00093209,114,81,30,3,0,0
S00093210,166,110,47,7,2,0
S00093211,104,66,27,8,2,1
S00093212,86,38,35,11,2,0
S00093213,88,39,32,10,5,2
S00093214,107,54,41,11,1,0
S00093215,97,41,41,11,2,2
S00093216,79,40,22,10,5,2
S00093217,68,44,14,9,1,0
S00093218,117,63,29,21,4,0
S00093219,98,39,28,25,4,2
S00093220,88,38,21,16,7,6
S00093221,69,24,27,13,5,0
S00093222,97,37,33,15,10,2
S00093223,112,51,47,11,3,0
S00093224,124,56,45,16,6,1
S00093225,103,62,29,7,4,1
S00093226,148,76,50,16,3,3
S00093227,84,21,42,17,3,1
S00093228,104,37,50,14,3,0
S00093229,170,91,55,17,7,0
S00093230,144,74,51,15,4,0
S00093231,88,38,31,13,5,1
S00093232,85,39,31,11,3,1
S00093233,116,67,34,10,3,2
S00093234,101,48,33,11,6,3
S00093235,109,57,39,11,0,2
S00093236,151,92,46,10,2,1
S00093237,145,68,52,15,8,2
S00093238,95,42,35,14,4,0
S00093239,135,62,47,16,4,6
S00093240,85,49,22,8,5,1
S00093241,78,31,19,15,9,4
S00093242,93,45,30,11,5,2
S00093243,104,65,27,6,6,0
S00093244,116,68,36,8,2,2
S00093245,101,52,32,10,6,1
S00093246,121,58,43,16,4,0
S00093247,128,72,39,14,3,0
S00093248,82,43,25,6,6,2
S00093249,120,66,41,8,5,0
S00093250,113,54,41,14,3,1
S00093251,176,111,46,18,1,0
S00093252,114,49,40,18,7,0
S00093253,99,45,37,14,3,0
S00093254,108,44,25,25,7,7
S00093255,109,60,36,9,4,0
S00093256,113,55,32,15,8,3
S00093257,106,41,42,14,6,3
S00093258,95,59,29,4,3,0
S00093259,105,43,28,23,10,1
S00093260,89,31,25,19,13,1
S00093261,57,28,19,9,1,0
S00093262,117,64,32,19,1,1
S00093263,67,27,21,13,2,4
S00093264,81,34,25,15,6,1
S00093265,136,70,45,13,4,4
S00093266,97,54,32,5,4,2
S00093267,77,39,30,4,3,1
S00093268,93,43,32,15,3,0
S00093269,74,39,19,11,3,2
S00093270,104,53,29,10,7,5
S00093271,53,23,15,8,7,0
S00093272,97,45,37,13,1,1
S00093273,104,48,31,15,8,2
S00093274,104,44,34,19,6,1
S00093275,79,33,24,13,6,3
S00093276,125,76,39,8,0,2
S00093277,68,24,20,18,2,4
S00093278,54,13,15,15,9,2
S00093279,118,42,43,25,6,2
S00093280,64,9,21,23,10,1
S00093281,110,52,40,12,4,2
S00093282,100,42,29,19,8,2
S00093283,100,30,34,19,10,7
S00093284,89,51,22,14,0,2
S00093285,104,47,43,9,4,1
S00093286,94,55,25,10,2,2
S00093287,94,32,36,16,8,2
S00093288,77,46,22,9,0,0
S00093289,89,43,31,13,1,1
S00093290,127,74,36,10,6,1
S00093291,99,62,24,7,4,2
S00093292,108,44,49,14,1,0
S00093293,107,60,30,11,5,1
S00093294,93,49,25,12,5,2
S00093295,154,88,43,13,8,2
S00093296,99,47,32,10,7,3
S00093297,130,71,40,11,6,2
S00093298,166,62,61,28,11,4
S00093299,148,78,45,15,6,4
S00093300,126,57,49,15,2,3
S00093301,106,53,37,12,3,1
S00093302,143,72,47,13,8,3
S00093303,183,79,77,19,6,2
S00093304,72,42,18,8,2,2
S00093305,97,58,24,7,6,2
S00093306,142,63,52,15,9,3
S00093307,126,53,41,22,6,4
S00093308,119,56,53,6,4,0
S00093309,97,58,27,9,3,0
S00093310,151,85,54,11,1,0
S00093311,124,76,28,16,3,1
S00093312,105,54,37,8,5,1
S00093313,107,52,27,17,10,1
S00093314,128,77,48,3,0,0
S00093315,120,67,36,12,2,3
S00093316,109,54,43,10,2,0
S00093317,98,47,38,9,4,0
S00093318,86,38,30,15,2,1
S00093319,85,24,35,20,6,0
S00093320,123,64,41,13,4,1
S00093321,95,48,28,13,6,0
S00093322,121,73,36,8,1,3
S00093323,131,69,42,17,3,0
S00093324,109,57,29,14,7,2
S00093325,94,33,30,23,8,0
S00093326,115,65,36,11,3,0
S00093327,106,48,38,16,0,4
S00093328,132,52,61,10,6,3
S00093329,125,59,45,16,3,2
S00093330,111,56,41,13,1,0
S00093331,93,40,42,8,2,1
S00093332,156,69,55,23,6,3
S00093333,125,72,38,9,4,2
S00093334,221,115,74,27,3,2
S00093335,164,90,54,9,9,2
S00093336,121,60,41,14,4,2
S00093337,98,44,39,11,4,0
S00093338,77,31,28,12,5,1
S00093339,152,86,45,14,5,2
S00093340,80,32,27,12,8,1
S00093341,59,25,25,5,3,1
S00093342,157,78,51,17,9,2
S00093343,65,19,24,17,3,2
S00093344,158,100,38,14,5,1
S00093345,104,68,23,10,3,0
S00093346,94,49,31,13,1,0
S00093347,58,28,16,11,3,0
S00093348,73,31,25,14,2,1
S00093349,158,70,53,27,5,3
S00093350,121,44,40,25,9,3
S00093351,100,38,33,19,8,2
S00093352,84,42,33,6,3,0
S00093353,121,59,37,17,4,4
S00093354,89,32,31,19,7,0
S00093355,134,69,40,13,9,3
S00093356,83,36,34,10,1,2
S00093357,109,57,35,9,8,0
S00093358,103,58,37,7,1,0
S00093359,89,46,26,13,3,1
S00093360,93,40,37,13,3,0
S00093361,103,47,26,22,5,3
S00093362,138,59,54,17,8,0
S00093363,92,52,25,12,3,0
S00093364,65,27,23,11,2,2
S00093365,100,49,32,12,4,3
S00093366,150,64,59,18,5,4
S00093367,57,38,11,7,1,0
S00093368,107,75,18,10,2,2
S00093369,63,21,25,12,5,0
S00093370,118,57,36,16,8,1
S00093371,90,45,24,12,8,1
S00093372,112,49,48,9,3,3
S00093373,53,27,19,3,4,0
S00093374,200,150,42,7,1,0
S00093375,142,77,44,18,3,0
S00093376,215,114,70,22,4,5
S00093377,184,94,57,26,4,3
S00093378,85,41,26,13,4,1
S00093379,70,31,22,14,2,1
S00093380,101,54,35,8,3,1
S00093381,110,38,39,26,6,1
S00093382,104,54,37,6,5,2
S00093383,77,39,24,10,2,2
S00093384,117,60,39,14,3,1
S00093385,118,51,35,24,6,2
S00093386,104,46,40,16,1,1
S00093387,78,40,29,5,3,1
S00093388,135,65,45,17,6,2
S00093389,84,32,34,13,4,1
S00093390,88,47,36,4,1,0
S00093391,157,71,63,21,0,2
S00093392,153,50,54,35,11,3
S00093393,111,54,28,17,10,2
S00093394,108,46,40,15,4,3
S00093395,133,66,50,11,6,0
S00093396,96,56,25,12,3,0
S00093397,157,73,63,12,4,5
S00093398,109,56,34,12,5,2
S00093399,110,57,34,16,1,2
S00093400,87,47,20,14,4,2
S00093401,61,31,17,11,1,1
S00093402,119,66,34,17,0,2
S00093403,177,77,59,25,13,3
S00093404,136,75,33,21,7,0
S00093405,149,68,59,17,5,0
S00093406,127,69,35,18,3,2
S00093407,87,40,28,12,5,2
S00093408,57,30,19,7,1,0
S00093409,124,68,36,12,6,2
S00093410,185,87,60,31,7,0
S00093411,79,49,20,10,0,0
S00093412,95,40,27,16,9,3
S00093413,90,53,21,11,4,1
S00093414,83,37,28,12,5,1
S00093415,129,65,38,16,7,3
S00093416,121,61,36,17,7,0
S00093417,70,37,20,9,4,0
S00093418,53,28,16,6,2,1
S00093419,108,49,40,11,8,0
S00093420,221,128,69,21,2,1
S00093421,151,72,57,13,6,3
S00093422,121,75,33,9,4,0
S00093423,109,48,44,14,3,0
S00093424,118,49,45,14,7,3
S00093425,100,30,29,27,12,2
S00093431,159,80,54,19,5,1
S00093432,70,40,26,3,1,0
S00093433,145,75,44,20,5,1
S00093528,101,38,36,21,6,0
S00093529,156,98,43,11,2,2
S00093530,113,56,41,8,6,2
S00093531,108,54,26,22,5,1
S00093532,96,32,41,18,3,2
S00093533,147,77,47,18,5,0
S00093573,82,30,18,24,8,2
S00093574,94,53,25,14,2,0
S00093575,121,53,45,15,5,3
S00093576,81,48,23,8,1,1
S00093577,99,46,39,11,3,0
S00093578,72,50,16,4,2,0
S00093579,81,50,19,8,4,0
S00093580,135,72,45,15,2,1
S00093581,88,44,36,6,1,1
S00093582,126,76,31,17,0,2
S00093583,86,52,24,8,1,1
S00093584,59,35,18,4,2,0
S00093585,75,35,31,4,3,2
S00093586,108,49,40,13,6,0
S00093587,122,73,30,12,6,1
S00093588,94,30,40,17,4,3
S00093589,74,40,24,10,0,0
S00093590,108,53,37,14,4,0
S00093591,133,53,50,21,8,1
S00093592,104,54,35,14,0,1
S00093593,74,24,20,26,4,0
S00093594,148,85,47,6,7,3
S00093595,147,72,59,10,3,3
S00093596,118,61,34,16,7,0
S00093597,125,71,36,14,4,0
S00093598,139,81,38,15,5,0
S00093599,104,21,33,31,14,5
S00093600,65,31,28,6,0,0
S00093601,80,46,27,4,3,0
S00093602,100,40,40,13,4,3
S00093603,68,39,20,9,0,0
S00093604,85,34,28,15,5,3
S00093605,98,31,55,8,3,1
S00093606,63,29,20,10,1,3
S00093607,113,75,31,7,0,0
S00093608,189,70,71,35,11,2
S00093609,78,39,24,12,3,0
S00093610,106,61,30,10,4,1
S00093611,148,79,42,20,4,3
S00093612,111,63,31,9,7,1
S00093613,123,61,44,14,3,1
S00093614,108,57,36,13,1,1
S00093615,109,47,29,28,4,1
S00093616,106,49,42,9,4,2
S00093617,84,34,35,11,4,0
S00093618,102,48,41,8,4,1
S00093619,95,57,25,10,2,1
S00093620,104,48,35,18,3,0
S00093621,129,59,47,11,11,1
S00093622,72,31,18,21,1,1
S00093623,86,27,29,18,11,1
S00093624,67,20,26,15,5,1
S00093625,84,32,30,13,6,3
S00093626,110,44,37,23,6,0
S00093627,83,39,24,15,4,1
S00093628,73,35,21,10,6,1
S00093629,94,42,35,12,4,1
S00093630,143,76,46,17,4,0
S00093631,85,44,31,7,3,0
S00093632,157,70,48,26,10,3
S00093633,164,82,55,20,6,1
S00093634,144,68,51,18,6,1
S00093635,101,49,38,11,1,2
S00093636,128,65,40,17,4,2
S00093637,87,30,25,21,10,1
S00093638,129,71,47,7,4,0
S00093639,115,67,30,15,2,1
S00093640,108,50,41,12,5,0
S00093641,95,47,33,13,2,0
S00093642,104,25,50,24,3,2
S00093643,90,52,30,7,1,0
S00093644,116,79,23,10,4,0
S00093645,153,95,51,5,2,0
S00093646,66,23,32,9,0,2
S00093647,123,48,43,20,9,3
S00093648,133,79,47,5,2,0
S00093649,158,78,52,22,5,1
S00093650,133,59,59,11,3,1
S00093651,156,87,50,15,3,1
S00093652,113,59,38,14,1,1
S00093653,96,58,27,6,4,1
S00093654,126,42,52,26,6,0
S00093655,127,50,51,22,4,0
S00093656,97,34,42,16,3,2
S00093657,170,99,58,10,3,0
S00093658,72,19,34,9,8,2
S00093659,68,31,25,5,5,2
S00093660,86,39,32,9,3,3
S00093661,114,63,32,14,2,3
S00093662,91,48,36,4,1,2
S00093663,200,97,71,24,6,2
S00093664,89,34,34,14,6,1
S00093665,122,57,51,11,3,0
S00093666,106,55,35,13,3,0
S00093667,61,24,24,10,3,0
S00093668,68,28,26,8,6,0
S00093669,84,40,27,12,5,0
S00093670,135,69,47,14,3,2
S00093671,126,72,38,14,2,0
S00093672,116,48,44,18,5,1
S00093673,153,73,61,15,3,1
S00093674,93,46,36,9,2,0
S00093675,99,57,22,16,4,0
S00093676,112,56,35,18,2,1
S00093677,119,58,43,15,3,0
S00093678,134,56,49,23,5,1
S00093679,68,20,20,22,5,1
S00093680,128,71,41,14,2,0
S00093681,139,54,53,25,6,1
S00093682,122,50,40,27,5,0
S00093683,105,63,33,7,2,0
S00093684,127,58,46,16,4,3
S00093685,124,61,41,12,5,5
S00093686,88,46,31,10,0,1
S00093687,105,53,36,12,3,1
S00093688,60,11,24,23,1,1
S00093689,98,49,36,9,3,1
S00093690,139,66,62,8,3,0
S00093691,205,109,73,17,3,3
S00093692,137,65,46,23,3,0
S00093693,92,43,35,12,2,0
S00093694,130,76,36,14,1,3
S00093695,87,31,44,7,4,1
S00093696,147,84,52,11,0,0
S00093697,107,60,34,10,3,0
S00093698,117,48,40,22,5,2
S00093699,108,44,40,20,2,2
S00093700,126,57,54,12,3,0
S00093701,73,36,25,11,1,0
S00093702,76,33,29,9,4,1
S00093703,91,37,37,15,2,0
S00093704,67,36,23,8,0,0
S00093705,183,94,52,25,9,3
S00093706,101,44,36,18,3,0
S00093707,56,19,25,7,5,0
S00093708,95,33,34,20,5,3
S00093709,67,20,28,15,4,0
S00093710,158,84,58,14,2,0
S00093711,100,56,30,7,5,2
S00093712,75,23,30,16,3,3
S00093713,111,60,40,9,2,0
S00093714,174,96,63,12,3,0
S00093715,146,77,41,19,7,2
S00093716,129,56,51,18,3,1
S00093717,93,55,20,15,2,1
S00093718,115,44,38,26,4,3
S00093719,50,21,20,9,0,0
S00093720,82,43,21,11,5,2
S00093721,114,68,34,9,2,1
S00093722,143,83,40,18,2,0
S00093723,95,40,30,22,1,2
S00093724,88,56,22,6,3,1
S00093725,125,49,48,25,3,0
S00093726,103,29,42,19,8,5
S00093727,109,43,36,21,7,2
S00093728,172,69,50,39,12,2
S00093729,124,57,49,14,2,2
S00093730,109,62,33,11,2,1
S00093731,109,69,29,8,2,1
S00093732,97,47,35,11,4,0
S00093733,93,47,28,14,1,3
S00093735,100,60,23,12,5,0
S00093741,177,109,51,13,2,2
S00093742,151,70,56,19,6,0
S00093743,76,51,21,3,1,0
S00093744,130,66,49,13,2,0
S00093745,109,53,37,16,3,0
S00093746,61,23,27,10,1,0
S00093747,157,73,53,22,6,3
S00093748,128,72,45,6,3,2
S00093749,62,42,15,5,0,0
S00093750,52,24,21,5,2,0
S00093751,110,86,20,4,0,0
S00093752,99,44,37,14,4,0
S00093754,99,74,19,5,1,0
S00093755,133,94,28,6,3,2
S00093756,143,96,35,10,1,1
S00093757,163,101,47,11,1,3
S00093758,280,171,49,35,17,8
S00093759,134,101,28,5,0,0
S00093760,233,172,53,6,1,1
S00093761,123,75,25,18,5,0
S00093762,104,44,36,20,4,0
S00093763,175,101,41,26,5,2
S00093764,101,57,29,11,3,1
S00093765,148,103,34,9,2,0
S00093766,80,45,24,4,7,0
S00093767,110,54,30,19,7,0
S00093769,179,117,51,8,3,0
S00093770,169,84,58,18,6,3
S00093771,130,42,62,21,4,1
S00093772,110,42,40,17,6,5
S00093773,62,33,17,10,1,1
S00093774,157,98,42,11,5,1
S00093775,101,42,37,16,4,2
S00093777,79,39,23,10,4,3
S00093778,78,37,35,5,1,0
S00093779,102,48,37,11,3,3
S00093780,85,39,26,16,2,2
S00093781,56,16,30,8,1,1
S00093782,123,66,43,13,1,0
S00093783,110,51,34,18,7,0
S00093784,114,63,33,15,2,1
S00093785,97,48,32,9,8,0
S00093786,116,58,37,14,4,3
S00093787,190,123,50,14,1,2
S00093798,58,34,18,4,2,0
S00093799,73,34,20,13,4,2
S00093804,155,93,34,20,6,2
S00093805,75,32,20,13,10,0
S00093806,108,52,43,11,2,0
S00093807,106,65,32,7,2,0
S00093808,72,35,30,5,1,1
S00093809,65,22,29,11,3,0
S00093810,69,42,20,7,0,0
S00093811,109,67,27,10,5,0
S00093812,79,40,26,8,5,0
S00093813,66,36,20,6,3,1
S00093815,83,51,20,11,1,0
S00093816,176,96,63,13,4,0
S00093817,75,33,31,10,0,1
S00093818,134,65,44,19,3,3
S00093819,95,30,38,18,5,4
S00093820,154,91,40,20,3,0
S00093821,76,28,33,12,3,0
S00093822,242,133,83,19,6,1
S00093827,84,43,26,12,2,1
S00093828,123,75,32,12,3,1
S00093829,99,44,36,11,7,1
S00093830,71,32,20,13,5,1
S00093831,121,79,21,18,3,0
S00093832,98,63,26,3,6,0
S00093833,163,104,46,7,4,2
S00093834,115,67,32,13,2,1
S00093835,113,70,29,6,4,4
S00093836,110,66,31,11,2,0
S00093838,71,37,27,5,2,0
S00093840,141,82,48,8,3,0
S00093841,77,47,13,9,6,2
S00093842,184,141,39,2,2,0
S00093843,71,42,21,6,2,0
S00093844,150,116,24,7,3,0
S00093845,154,54,62,23,8,7
S00093846,68,28,30,6,4,0
S00093847,109,58,40,7,2,2
S00093848,149,89,42,14,4,0
S00093849,103,55,31,10,6,1
S00093850,122,68,41,13,0,0
S00093851,151,83,52,13,3,0
S00093852,140,77,51,10,2,0
S00093853,95,50,38,5,2,0
S00093854,99,52,35,11,1,0
S00093855,127,67,44,11,4,1
S00093857,73,33,27,8,4,1
S00093858,158,88,54,12,2,2
S00093859,215,159,51,5,0,0
S00093860,64,38,22,2,1,1
S00093861,154,93,48,11,2,0
S00093862,127,78,37,10,1,1
S00093863,63,40,15,7,0,1
S00093864,182,107,56,15,4,0
S00093865,164,106,35,18,4,1
S00093866,123,87,23,9,4,0
S00093867,88,58,24,3,1,2
S00093868,197,129,50,13,3,2
S00093869,80,51,21,6,2,0
S00093870,133,93,23,12,4,1
S00093871,138,89,38,10,1,0
S00093872,121,64,45,9,3,0
S00093873,146,99,35,8,2,2
S00093874,75,36,21,12,5,1
S00093875,114,63,36,10,2,3
S00093876,124,61,45,15,2,1
S00093877,131,66,42,20,3,0
S00093878,95,51,28,12,4,0
S00093879,117,82,26,5,4,0
S00093880,120,64,38,15,3,0
S00093881,73,43,23,6,1,0
S00093882,51,34,12,2,2,1
S00093883,189,109,59,16,5,0
S00093884,68,29,28,10,1,0
S00093885,173,90,67,10,4,2
S00093886,143,63,45,30,5,0
S00093887,125,82,39,3,1,0
S00093888,151,88,46,11,6,0
S00093889,104,52,37,11,4,0
S00093890,57,32,19,4,1,1
S00093891,140,73,47,17,3,0
S00093892,102,57,30,10,1,4
S00093893,81,47,22,11,0,1
S00093894,119,42,42,19,10,6
S00093895,99,46,33,10,8,2
S00093896,68,22,29,12,3,2
S00093897,119,57,39,20,2,1
S00093898,232,106,52,36,30,8
S00093899,129,69,36,16,8,0
S00093900,87,49,25,9,3,1
S00093901,127,60,48,13,5,1
S00093902,59,31,15,6,6,1
S00093903,257,92,114,36,12,3
S00093904,188,150,31,5,2,0
S00093905,126,69,40,15,2,0
S00093906,77,43,27,5,1,1
S00093907,78,19,35,17,5,2
S00093908,83,27,36,11,7,2
S00093909,131,73,40,15,2,1
S00093910,172,92,65,10,3,2
S00093911,74,43,17,10,4,0
S00093912,126,64,49,10,3,0
S00093913,111,51,46,13,0,1
S00093914,57,16,16,14,5,6
S00093915,112,70,33,7,2,0
S00093916,63,10,22,22,7,2
S00093917,167,102,44,15,3,3
S00093918,83,49,27,5,0,2
S00093919,144,74,53,13,3,1
S00093920,140,74,43,21,2,0
S00093946,70,22,33,12,3,0
S00093947,133,51,45,23,10,4
S00093948,113,38,40,20,10,5
S00093949,74,27,32,7,7,1
S00093950,101,40,35,14,11,1
S00093951,83,31,37,10,4,1
S00093952,154,39,55,31,21,8
S00093953,86,54,26,6,0,0
S00093954,82,37,30,13,2,0
S00093955,171,82,61,12,14,2
S00093956,143,75,51,16,1,0
S00093957,127,69,45,10,3,0
S00093958,64,20,22,14,6,2
S00093959,108,42,42,16,7,1
S00093960,57,24,22,7,4,0
S00093961,136,85,37,12,1,1
S00093962,133,55,49,25,2,2
S00093963,180,83,58,28,7,4
S00093964,59,20,25,11,2,1
S00093965,185,122,38,18,6,1
S00093966,83,47,25,8,2,1
S00093967,92,46,36,8,2,0
S00093968,191,78,42,41,29,1
S00093969,113,58,34,17,4,0
S00093970,119,64,37,14,4,0
S00093971,98,35,33,20,9,1
S00093972,168,75,58,25,7,3
S00093973,127,71,37,12,6,1
S00093974,132,64,51,12,4,1
S00093975,66,43,16,5,1,1
S00093976,74,25,33,13,0,3
S00093977,113,70,33,5,5,0
S00093978,156,112,39,4,1,0
S00093979,137,77,47,11,2,0
S00093980,74,53,17,4,0,0
S00093981,138,77,48,12,1,0
S00093982,102,61,31,7,3,0
S00093983,168,100,55,8,4,1
S00093984,143,80,50,8,4,1
S00093985,227,93,72,46,12,4
S00093986,148,95,46,4,3,0
S00093987,119,65,39,11,3,1
S00093988,169,119,40,8,1,1
S00093989,86,70,13,2,1,0
S00093990,87,61,22,3,1,0
S00093991,229,172,47,8,1,1
S00098439,87,55,24,7,1,0
S00098440,196,120,65,6,3,2
S00098441,165,94,61,10,0,0
S00098442,79,42,23,11,1,2
S00098443,172,104,53,13,1,1
S00098444,131,62,44,17,7,1
S00098445,139,51,46,35,3,4
S00098446,110,55,46,7,2,0
S00098447,161,61,45,44,9,2
S00098448,104,40,41,17,3,3
S00098449,103,52,30,16,4,1
S00098450,163,72,70,14,7,0
S00098451,123,82,34,6,1,0
S00098452,95,70,14,3,8,0
S00098453,107,74,25,6,2,0
S00098454,137,97,34,3,1,2
S00098455,91,53,30,6,2,0
S00098456,74,48,20,4,2,0
S00098457,155,91,48,13,3,0
S00098458,107,66,33,4,3,1
S00098459,105,68,25,6,6,0
S00098460,93,58,28,5,2,0
S00098461,168,103,56,7,2,0
S00098462,106,55,22,21,7,1
S00098463,145,98,42,4,1,0
S00098464,86,50,29,6,1,0
S00098465,65,37,22,5,1,0
S00098466,64,35,23,3,2,1
S00098467,72,37,19,12,4,0
S00098468,86,42,35,7,2,0
S00098469,61,38,17,5,0,1
S00098470,124,76,38,7,2,1
S00098471,56,26,23,3,4,0
S00098472,112,53,41,15,3,0
S00098473,121,64,46,5,6,0
S00098474,158,103,47,6,2,0
S00098475,86,34,31,18,1,2
S00098476,155,84,45,16,8,2
S00098477,84,49,26,8,1,0
S00098478,63,34,22,4,2,1
S00098479,108,33,45,18,10,2
S00098480,206,137,50,11,7,1
S00098481,65,35,17,11,2,0
S00098482,238,173,49,13,3,0
S00098483,88,49,27,5,4,3
S00098484,138,91,30,8,5,4
S00098485,525,301,195,24,4,1
S00098486,59,11,23,18,6,1
S00098487,67,22,17,20,6,2
S00098488,137,67,45,17,6,2
S00098489,114,53,36,14,8,3
S00098490,132,76,40,11,4,1
S00098491,113,68,33,8,3,1
S00098492,89,58,26,5,0,0
S00098493,93,54,32,4,3,0
S00098494,124,84,28,10,2,0
S00098495,150,85,47,13,4,1
S00098496,99,50,36,11,1,1
S00098497,132,79,42,9,1,1
S00098498,56,44,6,2,3,1
S00098499,125,78,35,10,2,0
S00098500,155,84,59,8,3,1
S00098501,148,77,41,17,12,1
S00098502,117,65,33,13,5,1
S00098503,80,59,18,0,1,2
S00098504,146,95,34,14,2,1
S00098505,380,256,102,19,1,2
S00098506,158,116,29,10,2,1
S00098507,103,57,34,7,4,1
S00098508,144,100,34,9,1,0
S00098509,134,79,41,10,4,0
S00098510,63,44,11,5,2,1
S00098511,74,47,21,3,2,1
S00098512,91,42,27,14,7,1
S00098513,56,42,12,2,0,0
S00098514,82,36,24,11,11,0
S00098515,68,29,24,8,7,0
S00098516,60,23,21,9,5,2
S00098517,60,19,20,14,4,3
S00098518,66,52,14,0,0,0
S00098519,86,46,20,15,4,1
S00098520,105,56,35,12,2,0
S00098521,91,33,27,21,7,3
S00098522,121,71,29,14,4,3
S00098523,139,95,32,5,6,1
S00098524,133,97,30,6,0,0
S00098525,108,65,31,6,4,2
S00098526,136,73,41,14,5,3
S00098527,72,35,29,6,1,1
S00098528,51,27,18,3,2,1
S00098529,60,30,22,1,7,0
S00098530,92,74,17,1,0,0
S00098531,77,59,15,2,1,0
S00098532,168,109,40,9,7,3
S00098533,116,74,31,9,1,1
S00098534,120,69,45,4,2,0
S00098535,86,63,16,6,1,0
S00098536,100,41,40,15,4,0
S00098537,116,75,25,13,3,0
S00098538,125,85,30,9,1,0
S00098539,132,83,43,4,1,1
S00098540,115,73,28,10,4,0
S00098541,100,56,31,12,1,0
S00098542,67,46,16,5,0,0
S00098543,117,80,25,9,3,0
S00098544,56,6,18,22,8,2
S00098545,72,13,25,25,6,3
S00098546,113,71,30,11,1,0
S00098547,149,81,46,19,3,0
S00098548,130,62,41,22,5,0
S00098549,227,144,64,16,2,1
S00098550,52,26,18,6,0,2
S00098551,105,55,33,10,5,2
S00098552,187,82,60,23,15,7
S00098553,141,57,34,32,9,9
S00098554,119,55,45,16,3,0
S00098555,86,39,25,18,2,2
S00098556,136,78,35,14,6,3
S00098557,63,15,20,15,10,3
S00098558,92,31,34,14,13,0
S00098559,104,47,35,15,5,2
S00098560,141,77,48,12,4,0
S00098561,136,76,40,16,3,1
S00098562,94,46,31,13,3,1
S00098563,95,59,28,4,2,2
S00098564,111,64,25,14,5,3
S00098565,118,69,26,14,7,2
S00098566,69,33,22,10,4,0
S00098567,123,64,44,8,6,1
S00098568,126,62,47,14,3,0
S00098569,90,49,24,14,3,0
S00098570,95,47,36,10,2,0
S00098571,122,75,33,8,4,2
S00098572,113,71,36,5,1,0
S00098573,95,70,14,6,3,2
S00098574,110,62,30,11,6,1
S00098575,89,47,29,11,1,1
S00098576,82,11,28,23,15,5
S00098577,107,46,50,8,2,1
S00098578,80,20,22,25,11,2
S00098579,123,72,37,10,4,0
S00098580,159,60,49,43,4,3
S00098581,60,30,22,5,3,0
S00098582,92,52,25,9,3,3
S00098583,109,50,32,16,8,3
S00098584,100,57,25,11,4,3
S00098585,90,40,28,10,11,1
S00098586,66,28,29,5,2,2
S00098587,122,62,40,14,5,1
S00098588,75,29,19,20,6,1
S00098589,76,15,28,18,8,7
S00098590,96,35,34,18,7,2
S00098591,73,22,26,14,9,2
S00098592,116,43,46,19,6,2
S00098593,117,72,26,14,3,2
S00098594,103,64,29,8,2,0
S00098595,50,18,26,4,2,0
S00098596,117,54,42,17,4,0
S00098597,65,41,22,1,1,0
S00098598,64,43,16,2,3,0
S00098599,115,69,38,3,5,0
S00098600,102,61,28,4,7,2
S00098601,95,55,34,2,3,1
S00098602,117,65,38,8,6,0
S00098603,146,77,53,8,7,1
S00098604,120,67,30,9,11,3
S00098605,198,136,43,17,2,0
S00098606,102,65,17,14,6,0
S00098607,95,54,16,18,6,1
S00098608,178,129,31,13,1,4
S00098609,159,84,39,21,11,4
S00098610,83,52,15,10,5,1
S00098611,106,59,28,10,7,2
S00098612,105,52,28,13,8,4
S00098613,81,19,17,24,12,9
S00098614,58,36,12,7,2,1
S00098615,205,98,78,21,6,2
S00098616,145,76,41,13,11,4
S00098617,76,17,27,21,6,5
S00098618,69,24,25,13,7,0
S00098619,78,25,31,10,10,2
S00098620,135,44,51,23,14,3
S00098621,114,62,28,12,10,2
S00098622,52,21,21,4,5,1
S00098623,82,40,28,8,5,1
S00098624,98,51,27,10,7,3
S00098625,64,32,21,5,4,2
S00098626,121,45,46,24,5,1
S00098627,133,79,27,14,7,6
S00098628,106,68,29,7,0,2
S00098629,50,11,18,14,6,1
S00098630,76,11,25,28,11,1
S00098631,96,28,49,13,6,0
S00098632,122,54,45,16,6,1
S00098633,141,67,53,14,6,1
S00098634,150,55,57,24,8,6
S00098635,158,72,59,20,4,3
S00098636,137,43,29,38,23,4
S00098637,52,26,22,3,1,0
S00098638,123,76,23,10,12,2
S00098639,124,44,49,17,10,4
S00098640,162,66,45,27,15,9
S00098641,139,47,47,25,15,5
S00098642,138,92,29,13,4,0
S00098643,67,20,22,18,5,2
S00098644,111,55,35,15,6,0
S00098645,91,37,29,21,2,2
S00098646,110,64,27,13,5,1
S00098647,86,45,19,12,9,1
S00098648,76,20,34,14,7,1
S00098649,83,37,24,13,9,0
S00098650,166,93,53,17,3,0
S00098651,136,82,46,6,2,0
S00098652,114,66,39,6,3,0
S00098653,64,38,22,1,3,0
S00098654,143,82,47,10,4,0
S00098655,81,45,28,3,5,0
S00098656,157,92,47,12,6,0
S00098657,95,53,27,7,4,4
S00098658,91,53,29,9,0,0
S00098659,55,24,14,12,3,2
S00098660,72,40,18,9,4,1
S00098661,143,72,44,20,7,0
S00098662,130,58,49,15,7,1
S00098663,122,62,46,8,2,4
S00098664,66,27,22,8,8,1
S00098665,87,52,21,7,3,4
S00098666,74,35,20,14,3,2
S00098667,147,80,48,12,4,3
S00098668,128,71,31,16,8,2
S00098669,96,48,30,10,4,4
S00098670,88,32,33,18,3,2
S00098671,85,31,30,16,7,1
S00098672,110,47,37,16,8,2
S00098673,100,52,38,2,8,0
S00098674,79,43,17,10,3,6
S00098675,87,44,33,8,2,0
S00098676,56,23,17,12,3,1
S00098677,143,78,42,17,6,0
S00098678,148,82,46,15,5,0
S00098679,91,45,28,15,2,1
S00098680,103,29,45,17,9,3
S00098681,103,54,33,11,5,0
S00098682,294,133,95,42,21,3
S00098683,103,32,43,21,4,3
S00098684,119,43,41,20,10,5
S00098685,129,52,40,21,15,1
S00098686,101,43,40,8,9,1
S00098687,61,21,27,6,6,1
S00098688,90,32,39,11,6,2
S00098689,62,25,21,11,3,2
S00098690,92,41,36,9,4,2
S00098691,105,47,45,10,2,1
S00098692,55,19,21,13,2,0
S00098693,140,63,43,22,11,1
S00098694,111,49,42,16,4,0
S00098695,141,66,50,13,11,1
S00098696,150,72,57,17,4,0
S00098697,152,85,36,21,10,0
S00098698,72,38,23,10,1,0
S00098699,97,49,33,8,7,0
S00098700,129,72,35,16,6,0
S00098701,161,91,41,15,10,4
S00098702,126,64,39,17,5,1
S00098703,103,54,30,11,7,1
S00098704,93,43,39,5,3,3
S00098705,80,37,26,12,4,1
S00098706,116,61,33,17,2,3
S00098707,60,16,18,14,9,3
S00098708,184,95,50,25,12,2
S00098709,108,63,23,9,9,4
S00098710,65,26,19,13,6,1
S00098711,113,40,42,17,8,6
S00098712,105,56,34,8,5,2
S00098713,153,75,46,19,12,1
S00098714,190,105,53,16,10,6
S00098715,169,91,53,16,5,4
S00098716,98,59,27,9,3,0
S00098717,63,36,21,5,1,0
S00098718,137,52,50,24,7,4
S00098719,137,55,52,18,12,0
S00098720,67,19,20,19,8,1
S00098721,77,22,28,12,12,3
S00098722,141,47,48,29,9,8
S00098723,50,6,21,16,5,2
S00098724,92,47,24,18,3,0
S00098725,108,48,40,14,6,0
S00098726,123,57,40,15,8,3
S00098727,53,22,11,13,5,2
S00098728,143,71,45,18,8,1
S00098729,145,68,52,16,5,4
S00098730,96,46,25,17,4,4
S00098731,80,42,25,8,3,2
S00098732,99,49,23,15,8,4
S00098733,90,32,34,18,5,1
S00098734,116,59,34,12,10,1
S00098735,84,55,20,5,3,1
S00098736,248,153,53,34,8,0
S00098737,184,113,48,15,8,0
S00098738,101,43,33,17,6,2
S00098739,132,59,48,15,9,1
S00098740,85,41,25,13,4,2
S00098741,59,32,16,7,2,2
S00098742,70,35,19,10,5,1
S00098743,117,58,28,15,11,5
S00098744,65,24,28,12,0,1
S00098745,88,11,28,29,16,4
S00098746,77,19,34,15,7,2
S00098747,61,10,20,18,12,1
S00098748,52,6,15,22,8,1
S00098749,75,28,22,19,4,2
S00098750,72,27,23,11,11,0
S00098751,75,32,22,13,5,3
S00098752,104,25,48,19,11,1
S00098753,88,33,31,15,7,2
S00098754,69,17,23,15,8,6
S00098755,77,47,21,6,3,0
S00098756,88,26,33,21,6,2
S00098757,133,63,40,15,9,6
S00098758,77,17,40,10,5,5
S00098759,131,73,44,11,3,0
S00098760,180,101,55,17,4,3
S00098761,103,60,25,11,6,1
S00098762,145,87,43,11,4,0
S00098763,106,55,27,12,10,2
S00098764,95,68,23,2,2,0
S00098765,74,30,27,13,3,1
S00098766,92,53,27,9,3,0
S00098767,99,49,31,10,8,1
S00098768,75,27,38,5,2,3
S00098769,108,58,35,10,2,3
S00098770,92,49,23,12,6,2
S00098771,61,14,23,12,10,2
S00098772,77,29,23,17,7,1
S00098773,106,46,33,16,8,3
S00098774,109,53,36,11,8,1
S00098775,88,36,25,19,7,1
S00098776,99,35,37,16,9,2
S00098777,63,18,16,20,8,1
S00098778,70,42,19,5,4,0
S00098779,99,75,21,2,1,0
S00098780,118,90,25,2,0,1
S00098781,138,78,48,8,2,2
S00098782,146,116,22,5,3,0
S00098783,151,90,40,16,3,2
S00098784,75,46,25,1,2,1
S00098785,104,49,36,17,2,0
S00098786,93,55,28,8,2,0
S00098787,87,32,30,15,6,4
S00098788,68,16,25,15,9,3
S00098789,59,23,11,11,7,7
S00098790,118,41,36,27,12,2
S00098791,124,50,46,20,6,2
S00098792,118,31,45,25,15,2
S00098793,157,81,50,19,4,3
S00098794,147,67,55,15,6,4
S00098795,84,52,28,4,0,0
S00098796,80,43,22,14,1,0
S00098797,132,38,40,35,11,8
S00098798,73,35,27,7,3,1
S00098799,81,27,32,13,8,1
S00098800,79,20,25,20,11,3
S00098801,97,52,34,9,2,0
S00098802,82,37,28,10,6,1
S00098803,105,41,27,26,8,3
S00098804,111,64,31,12,3,1
S00098805,68,36,19,6,7,0
S00098806,79,39,25,10,4,1
S00098807,54,17,20,10,6,1
S00098808,72,24,17,25,5,1
S00098809,74,41,20,8,4,1
S00098810,58,26,11,14,6,1
S00098811,106,35,46,16,7,2
S00098812,89,27,20,27,13,2
S00098813,67,20,19,18,8,2
S00098814,122,70,26,14,12,0
S00098815,100,31,37,16,10,6
S00098816,100,60,26,12,2,0
S00098817,91,29,25,21,8,8
S00098818,145,60,52,26,3,4
S00098819,59,33,19,6,1,0
S00098820,68,32,22,9,3,2
S00098821,65,34,25,5,0,1
S00098822,91,24,27,24,12,4
S00098823,92,21,37,19,12,3
S00098824,62,15,17,16,10,4
S00098825,91,36,31,19,4,1
S00098826,115,41,46,17,8,3
S00098827,134,52,39,27,11,5
S00098828,168,103,42,13,4,6
S00098829,75,13,24,21,10,7
S00098830,72,32,27,7,6,0
S00098831,108,54,30,13,8,3
S00098832,84,43,33,8,0,0
S00098833,64,26,20,14,4,0
S00098834,55,8,20,18,6,3
S00098835,58,24,21,9,3,1
S00098836,64,24,16,20,3,1
S00098837,66,26,31,7,2,0
S00098838,105,47,40,16,0,2
S00098839,71,21,24,16,5,5
S00098840,91,31,30,22,5,3
S00098841,97,33,38,20,5,1
S00098842,118,75,31,9,3,0
S00098843,127,80,27,18,2,0
S00098844,164,90,57,15,2,0
S00098845,71,28,24,14,3,2
S00098846,75,29,12,22,8,4
S00098847,103,32,26,28,9,8
S00098848,99,45,28,17,6,3
S00098849,98,33,36,17,11,1
S00098850,81,28,23,19,10,1
S00098851,76,37,30,5,3,1
S00098852,52,22,22,5,2,1
S00098853,118,48,46,19,3,2
S00098854,76,27,22,17,8,2
S00098855,87,31,37,11,7,1
S00098856,54,16,17,13,7,1
S00098857,112,44,35,19,11,3
S00098858,80,37,33,8,1,1
S00098859,114,56,31,14,8,5
S00098860,92,20,22,35,8,7
S00098861,123,67,32,20,2,2
S00098862,103,54,37,9,3,0
S00098863,118,56,40,18,2,2
S00098864,102,57,29,13,3,0
S00098865,81,40,25,12,2,2
S00098866,100,43,35,19,3,0
S00098867,146,70,51,20,3,2
S00098868,166,87,60,14,4,1
S00098869,119,69,36,11,3,0
S00098870,55,15,28,8,3,1
S00098871,59,33,18,7,1,0
S00098872,114,74,24,14,1,1
S00098873,105,56,31,13,4,1
S00098874,109,61,36,9,3,0
S00098875,134,93,32,8,1,0
S00098876,93,45,29,8,10,1
S00098877,89,42,32,12,2,1
S00098878,128,65,46,13,4,0
S00098879,126,75,28,19,3,1
S00098880,111,64,34,8,4,1
S00098881,111,47,42,12,6,4
S00098882,109,57,35,10,7,0
S00098883,91,52,28,8,2,1
S00098884,122,67,45,7,0,3
S00098885,116,46,42,25,3,0
S00098886,88,22,32,25,6,3
S00098887,88,6,30,38,9,5
S00098888,115,54,47,12,0,2
S00098889,122,73,29,17,2,1
S00098890,112,58,33,16,4,1
S00098891,128,64,42,13,6,3
S00098892,95,31,41,12,10,1
S00098893,164,113,40,6,3,2
S00098894,107,46,37,18,5,1
S00098895,143,68,42,24,7,2
S00098896,128,61,41,18,6,2
S00098897,95,50,28,14,3,0
S00098898,84,42,26,11,3,2
S00098899,166,97,39,19,6,5
S00098900,125,63,32,21,6,3
S00098901,65,28,20,9,7,1
S00098902,99,48,29,15,7,0
S00098903,111,39,41,22,7,2
S00098904,106,37,44,22,2,1
S00098905,89,45,33,6,5,0
S00098906,136,79,35,16,5,1
S00098907,92,34,30,20,6,2
S00098908,123,66,34,15,8,0
S00098909,158,84,49,21,3,1
S00098910,123,65,35,14,7,2
S00098911,118,60,34,16,8,0
S00098912,86,48,26,8,3,1
S00098913,155,73,39,24,12,7
S00098914,109,52,32,18,5,2
S00098915,140,93,37,6,2,2
S00098916,134,81,31,17,4,1
S00098917,53,25,18,7,3,0
S00098918,83,46,25,11,1,0
S00098919,84,43,27,8,6,0
S00098920,149,80,37,22,8,2
S00098921,69,21,18,18,10,2
S00098922,89,56,24,6,3,0
S00098923,126,55,41,22,7,1
S00098924,108,53,29,16,8,2
S00098925,91,45,28,11,5,2
S00098926,107,65,32,8,1,1
S00098927,68,40,19,8,1,0
S00098928,120,59,41,12,7,1
S00098929,84,38,35,8,3,0
S00098930,101,41,33,18,8,1
S00098931,115,44,39,17,8,7
S00098932,89,34,38,15,1,1
S00098933,144,64,55,17,5,3
S00098934,121,57,44,13,4,3
S00098935,88,45,30,11,0,2
S00098936,117,66,36,11,3,1
S00098937,128,88,30,6,3,1
S00098938,103,49,36,12,4,2
S00098939,112,50,42,14,3,3
S00098940,116,57,31,20,7,1
S00098941,115,57,36,17,4,1
S00098942,85,45,25,11,3,1
S00098943,168,81,66,10,10,1
S00098944,167,62,73,25,3,4
S00098945,151,71,57,17,5,1
S00098946,82,48,23,8,2,1
S00098947,139,64,54,13,7,1
S00098948,101,48,30,14,5,4
S00098949,131,48,35,27,7,14
S00098950,64,27,18,13,4,2
S00098951,141,86,36,11,7,1
S00098952,92,51,23,14,3,1
S00098953,104,41,37,16,7,3
S00098954,146,62,49,22,10,3
S00098955,101,52,33,8,7,1
S00098956,119,67,39,8,4,1
S00098957,103,59,21,19,3,1
S00098958,277,155,75,41,6,0
S00098959,120,52,39,15,10,4
S00098960,99,44,25,15,12,3
S00098961,139,44,67,21,6,1
S00098962,131,69,37,20,5,0
S00098963,164,73,61,21,6,3
S00098964,128,52,47,17,10,2
S00098965,105,48,37,14,4,2
S00098966,105,60,28,13,4,0
S00098967,163,91,56,13,1,2
S00098968,123,68,34,12,5,4
S00098969,122,59,41,16,5,1
S00098970,125,64,31,22,8,0
S00098971,118,46,43,21,6,2
S00098972,140,67,43,16,7,7
S00098973,102,49,35,10,6,2
S00098974,174,88,56,20,10,0
S00098975,197,102,63,25,5,2
S00098976,94,39,31,13,8,3
S00098977,171,93,43,20,10,5
S00098978,75,37,21,12,4,1
S00098979,135,61,41,21,10,2
S00098980,85,29,26,14,12,4
S00098981,74,33,19,10,7,5
S00098982,60,19,22,13,3,3
S00098983,96,15,42,21,16,2
S00098984,118,55,44,13,6,0
S00098985,125,43,45,22,10,5
S00098986,63,32,20,7,3,1
S00098987,96,39,30,18,9,0
S00098988,129,57,43,16,10,3
S00098989,110,42,50,10,7,1
S00098990,196,112,68,11,4,1
S00098991,90,34,23,19,8,6
S00098992,168,87,41,22,14,4
S00098993,67,36,21,8,2,0
S00098994,73,39,22,5,5,2
S00098995,56,25,25,4,1,1
S00098996,90,42,31,14,3,0
S00098997,73,39,21,5,3,5
S00098998,97,50,26,13,6,2
S00098999,102,61,29,9,3,0
S00099000,115,49,48,13,5,0
S00099001,122,76,34,10,2,0
S00099002,71,25,29,13,2,2
S00099003,66,38,17,7,4,0
S00099004,62,34,18,8,1,1
S00099005,97,54,27,10,5,1
S00099006,106,54,25,17,6,4
S00099007,104,42,43,13,5,1
S00099008,136,74,51,7,2,2
S00099009,90,40,35,13,2,0
S00099010,75,38,27,8,2,0
S00099011,82,42,23,12,5,0
S00099012,61,30,15,14,2,0
S00099013,62,25,16,15,6,0
S00099014,81,37,27,12,4,1
S00099015,72,46,16,6,2,2
S00099016,74,29,21,15,5,4
S00099017,170,121,30,15,4,0
S00099018,147,68,52,15,9,3
S00099019,77,51,11,6,4,5
S00099020,50,20,15,9,4,2
S00099021,136,77,36,12,5,6
S00099022,65,31,22,11,1,0
S00099023,102,57,37,7,1,0
S00099024,77,45,20,7,3,2
S00099025,106,41,28,22,12,3
S00099026,95,51,32,11,1,0
S00099027,95,46,34,10,4,1
S00099028,96,32,40,18,6,0
S00099029,78,38,18,16,5,1
S00099030,89,28,37,17,4,3
S00099031,83,44,23,12,4,0
S00099032,238,137,78,18,4,1
S00099033,72,36,31,5,0,0
S00099034,100,53,34,11,2,0
S00099035,99,60,30,6,3,0
S00099036,127,70,47,7,2,1
S00099037,172,111,47,13,1,0
S00099038,99,58,24,12,3,2
S00099039,148,85,47,13,2,1
S00099040,159,105,43,8,2,1
S00099041,94,57,29,7,1,0
S00099042,173,100,51,16,6,0
S00099043,143,90,33,12,7,1
S00099044,106,66,27,7,6,0
S00099045,136,62,50,21,3,0
S00099046,121,68,38,12,3,0
S00099047,124,67,42,15,0,0
S00099048,139,82,31,19,5,2
S00099049,97,55,31,9,2,0
S00099050,115,60,34,15,5,1
S00099051,146,88,43,13,2,0
S00099052,112,50,37,23,2,0
S00099053,107,64,37,4,1,1
S00099054,123,68,38,14,3,0
S00099055,128,56,47,16,5,4
S00099056,73,34,27,7,4,1
S00099057,80,29,20,19,7,5
S00099058,85,14,31,30,9,1
S00099059,112,34,32,30,14,2
S00099060,85,36,30,16,3,0
S00099061,70,31,18,13,7,1
S00099062,92,38,27,13,11,3
S00099063,81,27,36,13,3,2
S00099064,59,24,14,14,5,2
S00099065,118,60,33,19,4,2
S00099066,61,11,25,18,6,1
S00099067,91,43,22,17,7,2
S00099068,105,67,31,5,1,1
S00099069,106,48,31,18,7,2
S00099070,91,46,28,12,3,2
S00099071,84,22,21,26,11,4
S00099072,107,31,28,32,6,10
S00099073,105,65,27,10,2,1
S00099074,134,60,41,27,6,0
S00099075,70,44,19,4,2,1
S00099076,111,55,39,10,6,1
S00099077,155,77,46,23,8,1
S00099078,103,63,26,8,4,2
S00099079,141,70,41,23,6,1
S00099080,113,55,41,12,4,1
S00099081,88,40,27,15,6,0
S00099082,77,38,25,12,1,1
S00099083,100,41,39,12,5,3
S00099084,65,21,27,12,3,2
S00099085,89,42,24,18,3,2
S00099086,73,28,22,14,7,2
S00099087,66,26,22,12,4,2
S00099088,105,58,24,14,8,1
S00099089,86,16,29,26,11,4
S00099090,114,50,36,18,6,4
S00099091,71,24,23,9,14,1
S00099092,146,78,38,23,6,1
S00099093,81,28,29,16,4,4
S00099094,109,28,25,29,22,5
S00099095,113,69,29,13,2,0
S00099096,56,29,15,8,1,3
S00099097,99,58,21,17,3,0
S00099098,61,5,13,24,12,7
S00099099,75,18,24,25,6,2
S00099100,159,87,45,17,10,0
S00099101,75,36,25,9,5,0
S00099102,169,53,52,46,14,4
S00099103,92,37,26,19,8,2
S00099104,125,63,42,15,3,2
S00099105,107,45,26,23,13,0
S00099106,98,33,30,23,11,1
S00099107,96,54,29,7,6,0
S00099108,174,66,55,31,18,4
S00099109,170,72,46,30,20,2
S00099110,135,67,21,29,14,4
S00099111,156,113,32,9,1,1
S00099112,100,51,26,13,4,6
S00099113,146,74,45,17,3,7
S00099114,133,64,37,21,8,3
S00099115,136,74,40,14,4,4
S00099116,130,55,42,15,12,6
S00099117,240,137,52,35,12,4
S00099118,136,68,33,22,9,4
S00099119,113,67,34,11,1,0
S00099120,117,56,33,22,3,3
S00099121,78,33,29,11,3,2
S00099122,87,47,23,11,6,0
S00099123,83,17,33,23,7,3
S00099124,91,29,24,19,13,6
S00099125,103,61,22,10,9,1
S00099126,60,25,18,11,3,3
S00099127,105,39,40,13,11,2
S00099128,64,27,27,7,1,2
S00099129,111,51,41,11,4,4
S00099130,161,47,34,45,27,8
S00099131,92,29,31,21,10,1
S00099132,67,32,22,12,1,0
S00099133,109,49,40,12,5,3
S00099134,85,24,25,23,13,0
S00099135,109,52,43,9,5,0
S00099136,57,25,19,6,6,1
S00099137,114,55,42,11,4,2
S00099138,87,34,28,15,7,3
S00099139,93,29,39,13,12,0
S00099140,80,29,37,9,2,3
S00099141,138,56,45,24,11,2
S00099142,85,41,25,15,3,1
S00099143,90,34,33,19,2,2
S00099144,123,46,56,15,3,3
S00099145,158,79,43,22,13,1
S00099146,119,48,39,19,11,2
S00099147,95,35,23,19,13,5
S00099148,87,39,31,13,4,0
S00099149,110,38,49,17,2,4
S00099150,161,77,48,25,7,4
S00099151,70,39,16,5,9,1
S00099152,102,44,35,13,8,2
S00099153,158,71,46,28,11,2
S00099154,88,44,29,11,4,0
S00099155,106,44,18,25,17,2
S00099156,154,77,38,19,11,9
S00099157,139,68,35,20,13,3
S00099158,134,60,51,11,9,3
S00099159,92,48,27,10,5,2
S00099160,66,38,9,13,4,2
S00099161,120,68,31,16,5,0
S00099162,99,44,35,10,9,1
S00099163,100,38,35,18,8,1
S00099164,182,100,48,25,7,2
S00099165,115,42,36,25,10,2
S00099166,161,83,42,25,9,2
S00099167,161,69,52,26,10,4
S00099168,185,96,57,22,5,5
S00099169,108,53,35,16,4,0
S00099170,113,20,38,36,15,4
S00099171,72,15,15,27,14,1
S00099172,53,23,10,15,5,0
S00099173,140,48,58,26,5,3
S00099174,54,10,19,16,9,0
S00099175,86,44,23,10,5,4
S00099176,123,62,28,23,6,4
S00099177,120,74,30,11,5,0
S00099178,103,54,27,17,3,2
S00099179,108,53,33,9,9,4
S00099180,89,35,24,18,8,4
S00099181,150,69,52,18,10,1
S00099182,79,20,36,15,7,1
S00099183,58,19,21,12,6,0
S00099184,121,54,27,26,6,8
S00099185,71,19,26,17,7,2
S00099186,91,47,23,11,9,1
S00099187,75,22,26,19,7,1
S00099188,122,45,35,24,14,4
S00099189,80,29,31,11,6,3
S00099190,79,38,31,9,1,0
S00099191,64,32,18,9,5,0
S00099192,137,63,45,21,6,2
S00099193,66,25,29,6,6,0
S00099194,75,26,31,9,6,3
S00099195,67,39,19,6,3,0
S00099196,66,20,17,15,11,3
S00099197,113,60,34,14,5,0
S00099198,74,43,20,9,2,0
S00099199,87,31,29,21,5,1
S00099200,69,24,20,17,7,1
S00099201,92,40,21,18,8,5
S00099202,86,54,22,9,1,0
S00099203,94,46,35,10,1,2
S00099204,102,71,17,9,5,0
S00099205,121,49,35,24,9,4
S00099206,102,51,32,17,2,0
S00099207,97,40,32,18,6,1
S00099208,130,75,42,6,6,1
S00099209,128,40,37,31,15,5
S00099210,149,61,54,24,6,4
S00099211,79,43,20,11,4,1
S00099212,56,14,17,14,8,3
S00099213,99,43,34,16,4,2
S00099214,168,108,42,10,5,3
S00099215,90,44,34,9,3,0
S00099216,116,58,30,19,5,4
S00099217,145,70,45,17,11,2
S00099218,129,58,42,16,11,2
S00099219,85,36,31,12,2,4
S00099220,102,47,40,9,4,2
S00099221,88,23,30,24,5,6
S00099222,156,88,46,17,4,1
S00099223,78,19,22,28,7,2
S00099224,98,31,48,12,5,2
S00099225,128,50,56,15,5,2
S00099226,87,26,26,24,10,1
S00099227,182,97,50,20,11,4
S00099228,135,74,34,18,8,1
S00099229,171,89,47,23,12,0
S00099230,144,76,35,24,7,2
S00099231,154,69,52,20,9,4
S00099232,173,79,59,23,8,4
S00099233,84,39,29,9,4,3
S00099234,154,79,35,22,15,3
S00099235,83,34,34,8,6,1
S00099236,137,65,44,21,4,3
S00099237,103,57,32,11,2,1
S00099238,113,50,36,20,4,3
S00099239,114,52,43,16,1,2
S00099240,109,48,49,9,3,0
S00099241,100,55,27,17,1,0
S00099242,197,113,50,24,9,1
S00099243,140,65,40,24,7,4
S00099244,115,60,35,13,4,3
S00099245,115,65,30,15,3,2
S00099246,128,75,34,14,4,1
S00099247,221,123,66,22,8,2
S00099248,119,69,31,15,3,1
S00099249,146,68,56,16,5,1
S00099250,91,31,29,19,9,3
S00099251,92,41,35,12,4,0
S00099252,80,38,22,12,4,4
S00099253,105,37,46,14,5,3
S00099254,123,28,37,39,15,4
S00099255,83,17,25,21,16,4
S00099256,163,61,54,32,11,5
S00099257,175,109,47,12,6,1
S00099258,141,80,33,19,6,3
S00099259,105,63,26,7,8,1
S00099260,135,81,36,11,5,2
S00099261,96,53,24,12,4,3
S00099262,141,56,50,23,9,3
S00099263,128,73,42,6,6,1
S00099264,93,52,26,10,5,0
S00099265,132,80,42,6,4,0
S00099266,88,56,23,9,0,0
S00099267,143,90,40,11,1,1
S00099268,151,63,59,20,9,0
S00099269,139,80,40,11,3,5
S00099270,130,66,45,15,2,2
S00099271,83,46,28,7,1,1
S00099272,157,101,39,14,2,1
S00099273,78,39,24,13,1,1
S00099274,133,68,50,12,2,1
S00099275,78,41,30,6,0,1
S00099276,98,67,26,5,0,0
S00099277,182,103,55,16,4,4
S00099278,120,61,38,13,5,3
S00099279,115,58,39,13,5,0
S00099280,157,78,46,21,10,2
S00099281,189,101,66,18,3,1
S00099282,138,76,41,18,3,0
S00099283,181,99,62,15,5,0
S00099284,133,70,38,20,4,1
S00099285,94,11,36,32,12,3
S00099286,135,74,42,13,3,3
S00099287,153,101,42,9,1,0
S00099288,73,22,21,23,6,1
S00099289,116,74,29,12,1,0
S00099290,77,36,22,15,3,1
S00099291,56,24,19,5,5,3
S00099292,120,56,39,23,2,0
S00099293,68,26,22,14,4,2
S00099294,102,27,35,28,7,5
S00099295,56,26,16,9,4,1
S00099296,95,48,34,8,3,2
S00099297,57,26,20,5,3,3
S00099298,91,28,32,22,8,1
S00099299,67,34,21,10,2,0
S00099300,106,53,37,11,3,2
S00099301,80,53,21,4,1,1
S00099302,128,76,31,10,8,3
S00099303,77,30,30,12,5,0
S00099304,79,31,31,10,3,4
S00099305,129,49,40,31,7,2
S00099306,68,38,21,7,1,1
S00099307,89,46,21,12,7,3
S00099308,86,42,31,8,4,1
S00099309,74,36,24,10,2,2
S00099310,105,52,34,13,4,2
S00099311,79,33,32,9,3,2
S00099312,124,70,37,11,5,1
S00099313,156,103,33,14,3,3
S00099314,124,76,38,8,2,0
S00099315,147,75,48,17,1,6
S00099316,114,69,37,7,1,0
S00099317,116,64,38,10,3,1
S00099318,105,53,35,12,4,1
S00099319,114,58,33,20,3,0
S00099320,148,93,40,10,5,0
S00099321,173,97,62,11,3,0
S00099322,138,86,39,12,0,1
S00099323,124,85,27,10,1,1
S00099324,125,71,45,7,1,1
S00099325,99,50,29,13,6,1
S00099326,75,28,32,13,0,2
S00099327,54,15,15,15,7,2
S00099328,88,25,41,17,5,0
S00099329,134,56,48,24,4,2
S00099330,84,36,26,10,7,5
S00099331,61,27,16,14,2,2
S00099332,85,58,19,7,1,0
S00099333,77,46,24,5,2,0
S00099334,97,58,24,11,3,1
S00099335,85,40,29,8,6,2
S00099336,83,50,30,2,1,0
S00099337,84,36,31,13,4,0
S00099338,117,59,39,9,9,1
S00099339,140,81,45,12,2,0
S00099340,128,89,34,4,1,0
S00099341,103,48,35,16,2,2
S00099342,98,53,36,9,0,0
S00099343,93,49,28,12,3,1
S00099344,95,54,29,8,3,1
S00099345,154,85,42,22,2,3
S00099346,56,30,18,7,1,0
S00099347,134,86,33,11,4,0
S00099348,114,61,40,10,2,1
S00099349,116,72,32,10,2,0
S00099350,117,61,38,12,6,0
S00099351,125,77,33,12,1,2
S00099352,111,44,45,17,3,2
S00099353,102,49,38,10,3,2
S00099354,87,51,24,9,2,1
S00099355,171,100,52,14,5,0
S00099356,156,87,45,21,2,1
S00099357,102,55,29,10,7,1
S00099358,59,25,22,10,1,1
S00099359,130,65,55,9,1,0
S00099360,116,65,34,12,3,2
S00099361,69,36,24,4,4,1
S00099362,150,85,43,14,4,4
S00099363,114,70,27,13,2,2
S00099364,70,23,26,13,7,1
S00099365,99,45,31,18,4,1
S00099366,64,18,27,15,2,2
S00099367,61,10,18,23,8,2
S00099368,119,66,41,9,1,2
S00099369,154,85,48,15,4,2
S00099370,118,74,32,8,4,0
S00099371,100,67,23,8,2,0
S00099372,131,79,35,12,4,1
S00099373,203,133,51,14,5,0
S00099374,139,70,47,19,3,0
S00099375,110,61,37,8,3,1
S00099376,159,90,47,17,5,0
S00099377,94,61,27,6,0,0
S00099378,116,74,26,12,3,1
S00099379,120,72,30,12,4,2
S00099380,135,82,40,10,3,0
S00099381,114,57,40,14,3,0
S00099382,127,71,38,11,5,2
S00099383,110,57,38,9,3,3
S00099384,99,53,35,9,2,0
S00099385,113,67,31,10,4,1
S00099386,147,83,46,15,2,1
S00099387,138,87,38,11,1,1
S00099388,131,84,32,11,2,2
S00099389,76,36,18,14,6,2
S00099390,147,86,46,13,2,0
S00099391,70,31,27,7,3,2
S00099392,105,47,26,16,11,5
S00099393,66,14,32,13,4,3
S00099394,106,64,25,12,4,1
S00099395,102,42,23,21,12,4
S00099396,85,36,30,12,6,1
S00099397,116,72,32,8,4,0
S00099398,221,152,48,15,5,1
S00099399,76,51,20,5,0,0
S00099400,145,54,46,21,14,10
S00099401,90,42,30,14,2,2
S00099402,96,47,18,13,12,6
S00099403,55,24,13,12,5,1
S00099404,108,37,40,17,14,0
S00099405,107,50,42,12,3,0
S00099406,127,82,30,13,2,0
S00099407,91,44,24,17,5,1
S00099408,103,62,20,14,5,2
S00099409,166,94,54,12,6,0
S00099410,70,40,23,7,0,0
S00099411,105,66,35,3,1,0
S00099412,71,32,26,9,2,2
S00099413,100,54,29,8,5,4
S00099414,56,37,13,5,1,0
S00099415,96,63,24,7,2,0
S00099416,79,55,19,3,2,0
S00099417,76,43,21,9,1,2
S00099418,169,127,31,10,1,0
S00099419,218,137,55,21,4,1
S00099420,77,41,26,4,5,1
S00099421,208,139,55,10,2,2
S00099422,156,105,39,11,1,0
S00099423,176,119,45,12,0,0
S00099424,94,33,29,25,4,3
S00099425,201,144,44,11,2,0
S00099426,68,28,26,8,4,2
S00099427,94,49,26,16,2,1
S00099428,88,41,32,11,3,1
S00099429,65,42,15,6,2,0
S00099430,89,53,27,5,2,2
S00099431,90,66,20,2,2,0
S00099432,52,29,16,3,4,0
S00099433,139,70,41,23,3,2
S00099434,82,33,23,17,8,1
S00099435,90,50,23,13,3,1
S00099436,78,19,30,21,6,2
S00099437,53,34,14,4,0,1
S00099438,69,38,26,4,0,1
S00099439,75,31,29,10,5,0
S00099440,115,57,43,11,3,1
S00099441,65,20,26,11,5,3
S00099442,94,54,21,10,6,3
S00099443,103,45,28,24,4,2
S00099444,137,69,42,17,7,2
S00099445,105,74,18,11,2,0
S00099446,61,31,17,7,3,3
S00099447,101,47,26,17,8,3
S00099448,61,26,26,5,3,1
S00099449,165,90,48,19,6,2
S00099450,73,38,23,8,3,1
S00099451,68,43,19,6,0,0
S00099452,91,28,38,15,8,2
S00099453,56,27,16,8,5,0
S00099454,64,28,24,8,3,1
S00099455,92,46,27,13,4,2
S00099456,50,5,22,8,11,4
S00099457,77,40,30,6,1,0
S00099458,175,83,45,17,24,6
S00099459,96,56,29,3,8,0
S00099460,64,14,11,21,14,4
S00099461,146,50,31,50,13,2
S00099462,55,32,18,3,2,0
S00099463,52,19,20,9,4,0
S00099464,89,35,34,11,9,0
S00099465,111,43,39,24,4,1
S00099466,65,22,32,3,4,4
S00099467,184,76,56,37,14,1
S00099468,212,139,62,9,1,1
S00099469,104,75,26,2,1,0
S00099470,59,36,15,7,1,0
S00099471,59,47,10,2,0,0
S00099472,179,127,41,9,2,0
S00099473,198,142,45,6,3,2
S00099474,144,101,33,9,1,0
S00099475,117,62,35,10,9,1
S00099476,56,24,21,8,2,1
S00099477,90,28,40,19,2,1
S00099478,91,32,28,24,5,2
S00099479,99,49,33,15,1,1
S00099480,98,45,26,16,8,3
S00099481,56,39,10,6,1,0
S00099482,81,35,27,16,1,2
S00099483,83,41,27,11,1,3
S00099484,98,50,26,14,5,3
S00099485,82,40,30,8,4,0
S00099486,131,51,36,29,11,4
S00099487,135,71,38,18,6,2
S00099488,99,42,40,14,2,1
S00099489,151,89,48,9,3,2
S00099490,163,103,39,12,6,3
S00099491,50,15,11,16,5,3
S00099492,88,48,24,13,1,2
S00099493,96,48,29,9,9,1
S00099494,81,34,26,17,3,1
S00099495,66,45,10,7,4,0
S00099496,92,52,27,7,6,0
S00099497,159,90,58,9,2,0
S00099498,125,94,26,5,0,0
S00099499,125,58,43,18,2,4
S00099500,63,23,23,7,8,2
S00099501,72,50,13,9,0,0
S00099502,127,80,37,8,2,0
S00099503,120,73,35,10,2,0
S00099504,130,48,50,15,12,5
S00099505,496,360,109,22,3,2
S00099506,69,30,28,9,2,0
S00099507,115,68,21,17,8,1
S00099508,54,26,15,7,3,3
S00099509,205,108,68,22,7,0
S00099510,82,35,27,14,4,2
S00099511,101,46,30,17,7,1
S00099512,59,26,16,10,6,1
S00099513,112,33,28,31,18,2
S00099514,80,38,14,18,8,2
S00099515,58,30,21,5,2,0
S00099516,117,67,36,10,2,2
S00099517,56,18,16,12,7,3
S00099518,59,12,21,12,10,4
S00099519,100,50,37,10,3,0
S00099520,56,16,17,18,3,2
S00099521,89,53,19,15,2,0
S00099522,89,42,35,9,2,1
S00099523,73,36,28,7,1,1
S00099524,116,63,38,11,4,0
S00099525,103,52,36,6,6,3
S00099526,88,38,35,12,2,1
S00099527,96,66,27,2,0,1
S00099528,227,187,34,4,2,0
S00099529,151,106,30,12,2,1
S00099530,170,140,21,6,3,0
S00099531,218,158,47,12,0,1
S00099532,207,155,40,8,3,1
S00099533,161,123,33,4,0,1
S00099534,145,107,32,4,2,0
S00099535,70,45,19,5,1,0
S00099536,107,36,22,23,16,10
S00099537,223,157,52,10,4,0
S00099538,92,44,23,19,3,3
S00099539,117,68,42,6,0,1
S00099540,62,32,11,11,7,1
S00099541,100,50,35,7,7,1
S00099542,143,86,49,8,0,0
S00099543,117,65,41,8,2,1
S00099544,92,53,31,4,4,0
S00099545,96,55,38,3,0,0
S00099546,147,75,31,30,9,2
S00099547,141,83,53,5,0,0
S00099548,115,48,48,17,1,1
S00099549,95,52,27,10,5,1
S00099550,145,85,45,13,2,0
S00099551,157,89,46,11,7,4
S00099552,121,66,50,5,0,0
S00099553,125,95,26,2,1,1
S00099554,98,75,21,2,0,0
S00099555,137,96,35,5,0,1
S00099556,86,62,20,3,1,0
S00099557,69,50,15,3,1,0
S00099558,127,85,33,7,2,0
S00099559,111,69,33,8,1,0
S00099560,109,71,30,5,3,0
S00099561,68,30,15,13,9,1
S00099562,75,44,20,7,2,2
S00099563,104,65,35,4,0,0
S00099564,91,40,38,8,2,3
S00099565,82,55,17,4,4,2
S00099566,63,40,18,4,1,0
S00099567,487,327,134,24,2,0
S00099568,136,87,45,4,0,0
S00099569,549,403,125,17,0,4
S00099570,100,65,30,4,1,0
S00099571,109,67,33,4,4,1
S00099572,152,109,36,5,2,0
S00099573,84,64,15,5,0,0
S00099574,74,39,17,14,3,1
S00099575,143,99,34,9,1,0
S00099576,130,92,32,5,0,1
S00099577,64,45,15,3,1,0
S00099578,114,69,32,9,2,2
S00099579,112,86,21,3,2,0
S00099580,120,72,32,11,5,0
S00099581,126,76,40,5,4,1
S00099582,75,57,15,1,2,0
S00099583,54,27,16,6,5,0
S00099584,80,29,29,16,5,1
S00099585,137,89,40,7,1,0
S00099586,117,72,38,7,0,0
S00099587,145,111,26,7,1,0
S00099588,185,139,35,9,1,1
S00099589,140,32,29,67,9,3
S00099590,109,34,34,24,16,1
S00099591,59,31,19,5,4,0
S00099592,91,45,26,11,9,0
S00099593,143,74,38,17,8,6
S00099594,80,50,22,6,2,0
S00099595,68,17,19,19,10,3
S00099596,64,8,9,25,13,9
S00099597,72,22,17,20,11,2
S00099598,115,32,47,25,10,1
S00099599,78,35,17,16,7,3
S00099600,67,34,18,9,4,2
S00099601,112,52,36,16,7,1
S00099602,79,33,27,14,4,1
S00099603,86,50,23,9,3,1
S00099604,56,10,14,19,9,4
S00099605,75,27,31,9,7,1
S00099606,85,28,18,32,4,3
S00099607,67,35,20,10,2,0
S00099608,150,72,49,17,8,4
S00099609,125,58,30,23,14,0
S00099610,88,56,21,8,2,1
S00099611,76,26,25,15,6,4
S00099612,65,21,13,16,9,6
S00099613,121,52,42,18,6,3
S00099614,82,27,30,12,11,2
S00099615,51,19,16,10,3,3
S00099616,67,23,18,22,4,0
S00099617,86,34,36,10,4,2
S00099618,61,22,15,15,7,2
S00099619,163,71,57,25,9,1
S00099620,120,46,27,29,13,5
S00099621,79,39,24,8,6,2
S00099622,133,79,35,11,2,6
S00099623,91,69,17,3,2,0
S00099624,59,32,14,7,3,3
S00099625,91,48,31,8,3,1
S00099626,70,34,26,7,3,0
S00099627,59,24,30,2,3,0
S00099628,166,98,47,17,3,1
S00099629,110,52,27,23,7,1
S00099630,59,22,17,13,3,4
S00099631,80,37,23,15,5,0
S00099632,52,29,19,3,1,0
S00099633,80,47,19,11,3,0
S00099634,112,57,22,20,6,7
S00099635,56,24,16,7,6,3
S00099636,91,44,32,10,2,3
S00099637,59,14,23,10,8,4
S00099638,66,21,22,14,6,3
S00099639,66,26,25,13,2,0
S00099640,98,28,26,27,12,5
S00099641,119,34,33,28,21,3
S00099642,141,73,45,16,4,3
S00099643,55,28,20,3,2,2
S00099644,108,64,31,11,2,0
S00099645,105,62,30,9,3,1
S00099646,94,48,33,9,3,1
S00099647,87,50,25,5,7,0
S00099648,74,53,17,4,0,0
S00099649,133,72,40,15,5,1
S00099650,123,69,38,9,7,0
S00099651,136,79,37,10,9,1
S00099652,92,39,26,18,9,0
S00099653,83,47,24,12,0,0
S00099654,130,52,47,14,14,3
S00099655,85,38,26,16,5,0
S00099656,114,62,30,15,3,4
S00099657,78,45,28,5,0,0
S00099658,78,47,21,9,1,0
S00099659,101,63,28,8,2,0
S00099660,115,67,29,10,6,3
S00099661,97,53,35,7,1,1
S00099662,98,65,21,8,4,0
S00099663,83,46,30,3,1,3
S00099664,94,53,31,8,2,0
S00099665,114,50,40,20,2,2
S00099666,58,16,22,14,3,3
S00099667,79,22,31,19,6,1
S00099668,87,51,17,7,7,5
S00099669,139,92,38,7,2,0
S00099670,127,77,34,13,3,0
S00099671,125,83,31,6,5,0
S00099672,82,37,35,6,2,2
S00099673,102,51,24,16,7,4
S00099674,113,45,49,10,7,2
S00099675,127,90,30,6,1,0
S00099676,131,94,26,8,3,0
S00099677,71,45,13,7,2,4
S00099678,54,28,13,12,0,1
S00099679,105,54,32,15,3,1
S00099680,70,40,18,3,7,2
S00099681,137,95,29,11,2,0
S00099682,169,106,42,14,6,1
S00099683,111,83,21,6,0,1
S00099684,166,117,38,7,3,1
S00099685,82,55,19,7,1,0
S00099686,106,60,30,12,3,1
S00099687,148,86,42,10,7,3
S00099688,75,40,29,4,1,1
S00099689,206,124,52,19,8,3
S00099690,166,105,51,8,0,2
S00099691,123,64,23,24,6,6
S00099692,120,57,43,11,7,2
S00099693,119,78,21,12,7,1
S00099694,74,28,19,11,10,6
S00099695,180,110,42,17,3,8
S00099696,102,46,32,15,6,3
S00099697,103,53,23,17,9,1
S00099698,157,95,41,15,4,2
S00099699,147,101,26,14,2,4
S00099700,141,89,44,6,1,1
S00099701,93,45,31,12,5,0
S00099702,126,68,43,7,7,1
S00099703,149,90,48,7,4,0
S00099704,95,50,33,11,0,1
S00099705,91,53,22,14,1,1
S00099706,159,100,40,16,2,1
S00099707,62,28,19,10,5,0
S00099708,130,60,45,23,0,2
S00099709,129,59,41,23,4,2
S00099710,70,19,26,19,4,2
S00099711,108,64,25,15,2,2
S00099712,100,56,31,11,2,0
S00099713,53,19,23,7,4,0
S00099714,92,38,35,17,1,1
S00099715,60,33,18,4,4,1
S00099716,79,51,23,5,0,0
S00099717,88,51,29,8,0,0
S00099718,71,25,26,15,4,1
S00099719,100,62,25,10,2,1
S00099720,73,40,22,10,1,0
S00099721,74,21,21,18,11,3
S00099722,151,96,42,12,0,1
S00099723,64,38,18,5,3,0
S00099724,113,71,33,5,3,1
S00099725,92,61,21,9,1,0
S00099726,60,25,21,8,4,2
S00099727,116,45,41,22,6,2
S00099728,155,103,35,12,4,1
S00099729,80,45,22,9,3,1
S00099730,67,45,15,5,2,0
S00099731,109,69,33,7,0,0
S00099732,161,84,58,10,7,2
S00099733,69,40,20,5,4,0
S00099734,120,67,36,11,3,3
S00099735,62,31,19,10,1,1
S00099736,190,121,50,14,0,5
S00099737,120,63,38,13,5,1
S00099738,80,26,39,11,3,1
S00099739,126,70,39,15,2,0
S00099740,129,38,39,31,17,4
S00099741,122,77,31,13,1,0
S00099742,128,98,27,1,2,0
S00099743,185,149,33,2,1,0
S00099744,152,117,30,2,2,1
S00099745,152,120,27,4,1,0
S00099746,165,111,35,13,4,2
S00099747,177,54,30,44,34,15
S00099748,122,87,26,9,0,0
S00099749,163,131,29,3,0,0
S00099750,133,82,41,9,1,0
S00099751,136,81,45,4,5,1
S00099752,108,77,21,7,2,1
S00099753,91,43,39,5,3,1
S00099754,73,47,23,2,1,0
S00099755,213,122,62,19,9,1
S00099756,95,57,29,4,5,0
S00099757,214,119,50,28,14,3
S00099758,59,20,20,13,6,0
S00099759,179,69,63,28,10,9
S00099760,119,43,32,19,19,6
S00099761,69,24,26,13,2,4
S00099762,64,29,25,8,0,2
S00099763,118,50,48,14,6,0
S00099764,137,52,47,29,7,2
S00099765,126,48,47,27,3,1
S00099766,97,34,35,18,9,1
S00099767,126,77,33,13,3,0
S00099768,123,78,36,6,3,0
S00099769,139,85,43,9,2,0
S00099770,134,75,41,13,4,1
S00099771,99,34,40,15,8,2
S00099772,67,18,15,16,15,3
S00099773,94,23,29,25,14,3
S00099774,57,31,21,4,1,0
S00099775,115,66,33,11,5,0
S00099776,84,44,33,4,1,2
S00099777,130,75,34,10,6,5
S00099778,155,72,44,23,9,7
S00099779,221,164,48,9,0,0
S00099780,93,50,27,11,3,2
S00099781,201,151,36,9,5,0
S00099782,1124,725,335,57,6,1
S00126101,163,90,51,16,6,0
S00126102,128,74,39,12,2,1
S00126160,147,95,43,7,2,0
S00126167,153,94,43,13,3,0
S00126174,112,65,35,9,3,0
S00126175,184,98,61,22,2,1
S00126176,171,94,56,16,2,3
S00126177,159,115,35,7,2,0
S00126178,177,134,25,14,3,1
S00126179,75,45,19,6,5,0
S00126180,103,60,34,6,3,0
S00126181,63,28,26,7,2,0
S00126182,131,90,32,6,3,0
S00126183,91,51,30,8,2,0
S00126184,99,46,34,18,1,0
S00126185,96,30,45,17,4,0
S00126186,137,102,29,4,1,1
S00126187,172,108,55,5,4,0
S00126188,111,50,41,17,3,0
S00126189,194,137,53,3,1,0
S00126190,169,100,56,11,2,0
S00126275,88,47,30,8,2,1
S00126277,89,55,25,4,3,2
S00126278,102,56,32,13,1,0
S00126282,116,69,35,7,3,2
S00126283,93,49,28,13,2,1
S00126284,85,58,23,4,0,0
S00126285,134,88,35,11,0,0
S00126286,116,84,29,3,0,0
S00126287,190,145,39,5,1,0
S00126288,66,27,31,3,3,2
S00126776,71,46,20,3,2,0
S00126777,76,35,24,13,2,2
S00126778,73,36,22,12,3,0
S00126779,97,58,31,8,0,0
S00126780,99,58,34,5,1,1
S00126781,181,133,37,9,2,0
S00126782,148,74,57,10,7,0
S00126783,119,60,44,14,1,0
S00126784,69,23,25,17,1,3
S00126785,157,94,46,12,4,1
S00126786,124,57,42,15,8,2
S00126787,113,49,38,22,3,1
S00126788,91,45,25,15,5,1
S00126789,127,75,33,15,4,0
S00126840,176,97,56,19,3,1
S00126841,120,68,46,3,3,0
S00126842,115,71,32,7,3,2
S00126843,164,84,61,13,4,2
S00126844,155,115,26,9,2,3
S00126845,119,67,36,13,2,1
S00126846,86,38,28,15,4,1
S00126847,82,36,34,6,5,1
S00126848,88,49,31,8,0,0
S00126849,133,73,45,14,1,0
S00126850,114,70,29,12,2,1
S00126851,102,66,22,11,2,1
S00126852,103,71,26,4,1,1
S00126853,116,74,31,10,0,1
S00126854,71,38,18,10,3,2
S00126855,64,39,18,6,0,1
S00126856,127,88,32,5,1,1
S00126857,124,83,31,4,4,2
S00126858,56,27,19,8,2,0
S00126859,126,60,41,18,4,3
S00126860,136,66,40,23,7,0
S00126861,81,28,27,21,3,2
S00126862,118,54,32,21,8,3
S00126863,107,64,34,8,1,0
S00126864,188,113,55,15,4,1
S00126865,85,40,32,10,0,3
S00126866,82,56,16,6,4,0
S00127038,133,70,46,11,5,1
S00127039,270,211,42,15,2,0
S00127040,99,57,32,7,2,1
S00127061,187,110,60,12,4,1
S00127065,90,49,31,8,1,1
S00127137,169,99,50,14,4,2
S00127145,168,75,60,23,9,1
S00127146,80,29,36,12,3,0
S00127151,164,125,32,4,0,3
S00127152,282,132,95,42,10,3
S00127325,111,65,33,10,2,1
S00127326,73,49,20,4,0,0
S00127329,92,46,28,13,4,1
S00127330,101,45,33,15,5,3
