ethn..geo_code,ethn..total_persons,ethn..ethnic_group_white,ethn..ethnic_group_chinese,ethn..ethnic_group_irish_traveller,ethn..ethnic_group_indian,ethn..ethnic_group_pakistani,ethn..ethnic_group_bangladeshi,ethn..ethnic_group_other_asian,ethn..ethnic_group_black_caribbean,ethn..ethnic_group_black_african,ethn..ethnic_group_black_other,ethn..ethnic_group_mixed,ethn..ethnic_group_other,ethn..white_or_white_british_or_white_irish,ethn..black_or_black_british_or_black_irish,ethn..asian_or_asian_british_or_asian_irish,ethn..mixed_multiple_ethnicity,ethn..other_ethnicity
N00000001,1113,1020,1,1,0,4,0,7,12,25,21,15,7,1021,58,12,15,7
N00000002,351,349,0,0,0,0,0,1,0,0,0,0,1,349,0,1,0,1
N00000003,237,237,0,0,0,0,0,0,0,0,0,0,0,237,0,0,0,0
N00000004,616,615,0,0,0,0,0,0,0,0,1,0,0,615,1,0,0,0
N00000005,374,373,0,0,0,0,0,1,0,0,0,0,0,373,0,1,0,0
N00000006,251,244,0,0,0,0,0,0,0,3,2,2,0,244,5,0,2,0
N00000007,245,243,0,0,0,0,0,2,0,0,0,0,0,243,0,2,0,0
N00000008,288,285,2,0,0,0,0,1,0,0,0,0,0,285,0,3,0,0
N00000009,727,712,0,0,5,4,0,0,0,0,2,4,0,712,2,9,4,0
N00000010,242,241,0,0,1,0,0,0,0,0,0,0,0,241,0,1,0,0
N00000011,293,287,1,0,2,0,0,0,0,0,0,1,2,287,0,3,1,2
N00000012,264,262,1,0,0,0,0,0,0,0,0,0,1,262,0,1,0,1
N00000013,268,267,0,0,0,0,0,0,1,0,0,0,0,267,1,0,0,0
N00000014,460,454,1,0,1,0,0,0,0,0,0,3,1,454,0,2,3,1
N00000015,226,225,0,0,0,0,0,0,0,0,0,1,0,225,0,0,1,0
N00000016,223,219,1,1,0,1,0,0,0,0,0,0,1,220,0,2,0,1
N00000017,340,332,0,0,0,0,0,0,0,1,0,4,3,332,1,0,4,3
N00000018,229,227,0,0,0,0,0,2,0,0,0,0,0,227,0,2,0,0
N00000019,261,253,0,0,0,4,0,3,0,0,0,1,0,253,0,7,1,0
N00000020,236,234,0,0,0,0,0,0,0,0,0,2,0,234,0,0,2,0
N00000021,269,265,0,0,0,0,0,0,1,0,0,3,0,265,1,0,3,0
N00000022,269,267,1,0,0,0,0,1,0,0,0,0,0,267,0,2,0,0
N00000023,218,216,0,0,0,0,0,1,0,0,0,1,0,216,0,1,1,0
N00000024,533,530,0,0,0,3,0,0,0,0,0,0,0,530,0,3,0,0
N00000025,460,460,0,0,0,0,0,0,0,0,0,0,0,460,0,0,0,0
N00000026,466,462,0,0,0,0,0,0,0,0,0,4,0,462,0,0,4,0
N00000027,540,535,0,0,0,0,0,1,0,0,0,3,1,535,0,1,3,1
N00000028,236,234,0,0,0,0,0,0,0,1,0,1,0,234,1,0,1,0
N00000029,403,396,3,0,0,2,0,0,0,0,0,2,0,396,0,5,2,0
N00000030,375,372,0,0,0,0,0,0,0,1,2,0,0,372,3,0,0,0
N00000031,707,706,0,0,0,0,0,0,0,0,0,0,1,706,0,0,0,1
N00000032,386,386,0,0,0,0,0,0,0,0,0,0,0,386,0,0,0,0
N00000033,498,492,0,1,0,0,0,0,0,5,0,0,0,493,5,0,0,0
N00000034,474,470,0,0,0,0,0,0,0,0,1,3,0,470,1,0,3,0
N00000035,291,288,0,0,3,0,0,0,0,0,0,0,0,288,0,3,0,0
N00000036,345,338,0,0,0,0,0,3,1,3,0,0,0,338,4,3,0,0
N00000037,285,285,0,0,0,0,0,0,0,0,0,0,0,285,0,0,0,0
N00000038,406,402,0,0,0,0,0,3,0,0,0,1,0,402,0,3,1,0
N00000039,1262,1234,0,0,8,0,0,1,0,1,0,14,4,1234,1,9,14,4
N00000040,265,265,0,0,0,0,0,0,0,0,0,0,0,265,0,0,0,0
N00000041,462,462,0,0,0,0,0,0,0,0,0,0,0,462,0,0,0,0
N00000042,410,409,0,0,0,0,0,0,0,0,0,1,0,409,0,0,1,0
N00000043,1245,1223,0,1,0,1,0,0,0,10,0,10,0,1224,10,1,10,0
N00000044,312,312,0,0,0,0,0,0,0,0,0,0,0,312,0,0,0,0
N00000045,515,513,0,0,0,0,0,0,0,0,0,2,0,513,0,0,2,0
N00000046,394,394,0,0,0,0,0,0,0,0,0,0,0,394,0,0,0,0
N00000047,374,372,0,0,0,0,0,0,0,0,0,1,1,372,0,0,1,1
N00000048,304,300,1,0,1,0,0,0,0,0,0,2,0,300,0,2,2,0
N00000049,254,252,1,0,0,0,0,0,0,0,0,1,0,252,0,1,1,0
N00000050,299,299,0,0,0,0,0,0,0,0,0,0,0,299,0,0,0,0
N00000051,313,306,0,0,1,0,0,5,0,0,0,1,0,306,0,6,1,0
N00000052,309,306,1,0,0,0,0,0,0,0,0,2,0,306,0,1,2,0
N00000053,261,254,3,0,0,0,2,1,0,0,0,1,0,254,0,6,1,0
N00000054,266,263,1,0,0,0,0,0,0,0,0,1,1,263,0,1,1,1
N00000055,266,262,1,0,3,0,0,0,0,0,0,0,0,262,0,4,0,0
N00000056,283,283,0,0,0,0,0,0,0,0,0,0,0,283,0,0,0,0
N00000057,279,275,2,0,1,0,0,0,0,0,1,0,0,275,1,3,0,0
N00000058,266,246,5,0,12,0,0,0,0,0,0,3,0,246,0,17,3,0
N00000059,226,218,7,0,0,0,0,0,0,0,0,1,0,218,0,7,1,0
N00000060,394,377,0,0,10,6,0,0,0,0,0,1,0,377,0,16,1,0
N00000061,273,254,5,0,10,0,0,0,0,0,0,4,0,254,0,15,4,0
N00000062,351,342,3,0,0,4,0,0,0,0,0,1,1,342,0,7,1,1
N00000063,431,405,16,0,4,0,0,2,0,0,0,4,0,405,0,22,4,0
N00000064,279,269,4,0,0,0,1,1,0,3,0,1,0,269,3,6,1,0
N00000065,389,376,3,0,6,0,0,0,0,0,0,4,0,376,0,9,4,0
N00000066,264,255,3,0,3,0,0,0,0,3,0,0,0,255,3,6,0,0
N00000067,316,312,0,0,0,0,0,0,0,1,1,2,0,312,2,0,2,0
N00000068,371,357,14,0,0,0,0,0,0,0,0,0,0,357,0,14,0,0
N00000069,334,333,1,0,0,0,0,0,0,0,0,0,0,333,0,1,0,0
N00000070,243,242,0,0,0,0,0,0,0,0,0,1,0,242,0,0,1,0
N00000071,283,278,3,0,0,0,0,0,0,1,0,1,0,278,1,3,1,0
N00000072,1753,1713,6,6,10,3,0,5,0,1,1,7,1,1719,2,24,7,1
N00000073,521,508,1,0,7,1,0,0,0,2,0,2,0,508,2,9,2,0
N00000074,1047,981,9,0,23,0,0,31,0,0,0,3,0,981,0,63,3,0
N00000075,410,406,0,0,0,1,0,0,0,0,0,1,2,406,0,1,1,2
N00000076,344,335,5,0,0,4,0,0,0,0,0,0,0,335,0,9,0,0
N00000077,275,272,1,0,0,0,0,0,0,0,0,1,1,272,0,1,1,1
N00000078,488,439,6,6,19,0,0,12,0,0,0,6,0,445,0,37,6,0
N00000079,564,562,0,0,0,0,0,0,0,0,0,2,0,562,0,0,2,0
N00000080,424,423,1,0,0,0,0,0,0,0,0,0,0,423,0,1,0,0
N00000081,339,338,1,0,0,0,0,0,0,0,0,0,0,338,0,1,0,0
N00000082,342,342,0,0,0,0,0,0,0,0,0,0,0,342,0,0,0,0
N00000083,650,648,0,0,0,0,0,0,0,1,0,1,0,648,1,0,1,0
N00000084,456,455,0,0,0,0,0,0,0,0,0,1,0,455,0,0,1,0
N00000085,437,430,5,0,0,0,0,1,0,0,0,1,0,430,0,6,1,0
N00000086,395,392,2,0,0,0,0,0,0,0,0,1,0,392,0,2,1,0
N00000087,913,909,1,1,0,0,0,0,0,0,0,2,0,910,0,1,2,0
N00000088,216,211,0,0,1,0,0,0,1,0,0,3,0,211,1,1,3,0
N00000089,478,473,1,0,0,0,0,0,0,0,0,4,0,473,0,1,4,0
N00000090,392,389,0,1,0,0,0,0,0,1,0,1,0,390,1,0,1,0
N00000091,476,471,4,0,0,0,0,0,0,0,0,1,0,471,0,4,1,0
N00000092,504,503,0,0,1,0,0,0,0,0,0,0,0,503,0,1,0,0
N00000093,421,416,0,0,0,0,0,0,0,5,0,0,0,416,5,0,0,0
N00000094,492,489,0,0,3,0,0,0,0,0,0,0,0,489,0,3,0,0
N00000095,468,466,0,0,2,0,0,0,0,0,0,0,0,466,0,2,0,0
N00000096,464,464,0,0,0,0,0,0,0,0,0,0,0,464,0,0,0,0
N00000097,850,827,5,0,12,0,0,0,1,4,0,1,0,827,5,17,1,0
N00000098,1192,1053,6,0,90,0,0,31,1,1,0,10,0,1053,2,127,10,0
N00000099,258,252,0,0,4,0,0,2,0,0,0,0,0,252,0,6,0,0
N00000100,341,326,3,0,6,0,0,3,1,0,0,2,0,326,1,12,2,0
N00000101,282,264,3,0,10,0,0,1,0,0,0,4,0,264,0,14,4,0
N00000102,318,301,0,0,13,0,0,1,0,1,0,2,0,301,1,14,2,0
N00000103,623,603,1,0,11,0,0,0,0,0,0,6,2,603,0,12,6,2
N00000104,322,295,0,0,10,3,0,6,0,1,0,7,0,295,1,19,7,0
N00000105,327,317,1,0,0,0,0,4,1,4,0,0,0,317,5,5,0,0
N00000106,198,186,2,0,4,0,0,1,0,0,0,5,0,186,0,7,5,0
N00000107,269,268,0,0,0,0,0,0,0,0,0,0,1,268,0,0,0,1
N00000108,243,240,0,0,0,0,0,3,0,0,0,0,0,240,0,3,0,0
N00000109,512,502,3,0,0,1,0,0,1,5,0,0,0,502,6,4,0,0
N00000110,258,252,2,0,2,0,0,0,0,0,0,2,0,252,0,4,2,0
N00000111,356,344,3,0,8,0,0,0,0,0,0,1,0,344,0,11,1,0
N00000112,402,393,0,0,5,0,0,0,0,0,0,4,0,393,0,5,4,0
N00000113,309,299,3,0,7,0,0,0,0,0,0,0,0,299,0,10,0,0
N00000114,318,310,0,0,6,0,0,0,0,0,1,1,0,310,1,6,1,0
N00000115,302,290,0,0,4,1,0,0,0,2,0,5,0,290,2,5,5,0
N00000116,287,282,0,0,4,0,0,0,0,0,0,1,0,282,0,4,1,0
N00000117,168,168,0,0,0,0,0,0,0,0,0,0,0,168,0,0,0,0
N00000118,333,314,6,0,13,0,0,0,0,0,0,0,0,314,0,19,0,0
N00000119,289,285,0,1,0,0,0,3,0,0,0,0,0,286,0,3,0,0
N00000120,323,323,0,0,0,0,0,0,0,0,0,0,0,323,0,0,0,0
N00000121,293,290,0,0,0,0,0,0,0,0,0,2,1,290,0,0,2,1
N00000122,481,469,2,0,1,3,0,1,0,0,0,5,0,469,0,7,5,0
N00000123,351,344,0,1,1,0,0,1,0,0,0,4,0,345,0,2,4,0
N00000124,369,365,0,0,0,0,0,4,0,0,0,0,0,365,0,4,0,0
N00000125,464,463,0,0,0,0,0,0,0,0,0,1,0,463,0,0,1,0
N00000126,481,481,0,0,0,0,0,0,0,0,0,0,0,481,0,0,0,0
N00000127,405,400,0,0,1,0,0,0,1,0,0,3,0,400,1,1,3,0
N00000128,991,982,0,0,8,0,0,0,0,0,0,0,1,982,0,8,0,1
N00000129,346,337,0,0,9,0,0,0,0,0,0,0,0,337,0,9,0,0
N00000477,721,709,2,0,8,0,0,1,0,0,0,1,0,709,0,11,1,0
N00000478,294,279,4,0,5,0,0,1,0,1,0,1,3,279,1,10,1,3
N00000479,280,271,0,2,0,1,0,6,0,0,0,0,0,273,0,7,0,0
N00000480,335,331,0,0,3,0,0,0,0,0,0,1,0,331,0,3,1,0
N00000481,469,464,0,0,4,0,0,1,0,0,0,0,0,464,0,5,0,0
N00000482,225,223,0,0,0,0,0,2,0,0,0,0,0,223,0,2,0,0
N00000483,285,277,0,0,0,0,0,8,0,0,0,0,0,277,0,8,0,0
N00000484,330,318,4,0,0,0,0,0,0,0,0,1,7,318,0,4,1,7
N00000485,241,236,0,0,1,0,0,0,0,0,0,4,0,236,0,1,4,0
N00000486,372,367,2,0,0,0,0,0,0,0,0,3,0,367,0,2,3,0
N00000487,290,290,0,0,0,0,0,0,0,0,0,0,0,290,0,0,0,0
N00000488,409,405,0,0,0,0,0,1,0,0,0,3,0,405,0,1,3,0
N00000489,282,282,0,0,0,0,0,0,0,0,0,0,0,282,0,0,0,0
N00000490,515,514,1,0,0,0,0,0,0,0,0,0,0,514,0,1,0,0
N00000491,525,525,0,0,0,0,0,0,0,0,0,0,0,525,0,0,0,0
N00000492,414,410,1,0,0,1,0,0,0,0,0,1,1,410,0,2,1,1
N00000493,331,327,0,1,0,0,0,1,0,0,1,1,0,328,1,1,1,0
N00000494,825,815,1,0,1,0,0,6,0,0,0,2,0,815,0,8,2,0
N00000495,336,334,0,0,0,2,0,0,0,0,0,0,0,334,0,2,0,0
N00000496,837,820,7,0,3,2,0,3,0,0,0,2,0,820,0,15,2,0
N00000497,837,821,2,0,1,5,0,4,0,0,0,4,0,821,0,12,4,0
N00000498,337,332,0,0,5,0,0,0,0,0,0,0,0,332,0,5,0,0
N00000499,296,294,0,0,1,0,0,0,0,0,0,0,1,294,0,1,0,1
N00000500,503,503,0,0,0,0,0,0,0,0,0,0,0,503,0,0,0,0
N00000501,300,298,0,0,0,0,0,0,0,0,0,1,1,298,0,0,1,1
N00000502,196,196,0,0,0,0,0,0,0,0,0,0,0,196,0,0,0,0
N00000503,395,392,0,0,0,0,0,0,0,0,0,1,2,392,0,0,1,2
N00000504,236,235,0,0,0,0,1,0,0,0,0,0,0,235,0,1,0,0
N00000505,225,224,0,0,0,0,0,0,0,0,0,0,1,224,0,0,0,1
N00000506,282,279,0,0,0,0,0,0,0,2,0,1,0,279,2,0,1,0
N00000507,269,264,0,0,0,5,0,0,0,0,0,0,0,264,0,5,0,0
N00000508,316,307,0,0,0,4,0,0,0,4,0,0,1,307,4,4,0,1
N00000509,357,349,0,0,0,1,0,0,0,7,0,0,0,349,7,1,0,0
N00000510,290,287,0,0,1,2,0,0,0,0,0,0,0,287,0,3,0,0
N00000511,520,520,0,0,0,0,0,0,0,0,0,0,0,520,0,0,0,0
N00000512,430,423,7,0,0,0,0,0,0,0,0,0,0,423,0,7,0,0
N00000513,327,323,3,0,0,0,0,0,0,0,0,0,1,323,0,3,0,1
N00000514,357,354,2,0,0,0,0,0,0,0,0,1,0,354,0,2,1,0
N00000515,345,345,0,0,0,0,0,0,0,0,0,0,0,345,0,0,0,0
N00000516,215,212,0,0,0,0,0,1,0,0,0,1,1,212,0,1,1,1
N00000517,394,388,6,0,0,0,0,0,0,0,0,0,0,388,0,6,0,0
N00000518,311,307,0,0,0,0,0,1,0,0,0,3,0,307,0,1,3,0
N00000519,260,260,0,0,0,0,0,0,0,0,0,0,0,260,0,0,0,0
N00000520,612,605,0,1,1,0,0,0,0,0,0,1,4,606,0,1,1,4
N00000521,413,410,1,0,0,0,0,0,0,0,0,2,0,410,0,1,2,0
N00000522,451,450,1,0,0,0,0,0,0,0,0,0,0,450,0,1,0,0
N00000523,397,396,1,0,0,0,0,0,0,0,0,0,0,396,0,1,0,0
N00000524,488,487,0,0,0,0,0,0,0,0,0,1,0,487,0,0,1,0
N00000525,431,430,0,0,0,0,0,0,0,0,0,1,0,430,0,0,1,0
N00000526,260,252,4,0,0,0,0,4,0,0,0,0,0,252,0,8,0,0
N00000527,344,340,3,0,0,0,0,0,0,0,0,0,1,340,0,3,0,1
N00000528,247,238,3,2,2,0,0,0,0,0,0,0,2,240,0,5,0,2
N00000529,238,227,0,0,0,0,0,7,0,0,0,0,4,227,0,7,0,4
N00000530,292,292,0,0,0,0,0,0,0,0,0,0,0,292,0,0,0,0
N00000531,317,308,4,0,5,0,0,0,0,0,0,0,0,308,0,9,0,0
N00000532,214,203,0,0,8,0,0,0,0,0,0,0,3,203,0,8,0,3
N00000533,214,208,2,0,3,0,0,1,0,0,0,0,0,208,0,6,0,0
N00000534,490,489,0,0,0,0,0,0,0,0,0,1,0,489,0,0,1,0
N00000535,519,517,0,0,0,0,0,0,0,1,0,1,0,517,1,0,1,0
N00000536,392,392,0,0,0,0,0,0,0,0,0,0,0,392,0,0,0,0
N00000537,413,410,3,0,0,0,0,0,0,0,0,0,0,410,0,3,0,0
N00000538,395,394,0,0,0,0,0,0,0,0,1,0,0,394,1,0,0,0
N00000539,381,381,0,0,0,0,0,0,0,0,0,0,0,381,0,0,0,0
N00000540,291,290,1,0,0,0,0,0,0,0,0,0,0,290,0,1,0,0
N00000541,407,407,0,0,0,0,0,0,0,0,0,0,0,407,0,0,0,0
N00000542,265,265,0,0,0,0,0,0,0,0,0,0,0,265,0,0,0,0
N00000543,389,389,0,0,0,0,0,0,0,0,0,0,0,389,0,0,0,0
N00000544,273,273,0,0,0,0,0,0,0,0,0,0,0,273,0,0,0,0
N00000545,288,284,0,0,4,0,0,0,0,0,0,0,0,284,0,4,0,0
N00000546,280,280,0,0,0,0,0,0,0,0,0,0,0,280,0,0,0,0
N00000547,327,323,0,0,3,1,0,0,0,0,0,0,0,323,0,4,0,0
N00000548,285,285,0,0,0,0,0,0,0,0,0,0,0,285,0,0,0,0
N00000549,215,209,0,6,0,0,0,0,0,0,0,0,0,215,0,0,0,0
N00000550,429,424,0,0,0,5,0,0,0,0,0,0,0,424,0,5,0,0
N00000551,269,258,1,8,0,0,0,0,0,1,0,1,0,266,1,1,1,0
N00000552,254,254,0,0,0,0,0,0,0,0,0,0,0,254,0,0,0,0
N00000553,347,340,0,2,0,0,0,5,0,0,0,0,0,342,0,5,0,0
N00000554,250,241,0,9,0,0,0,0,0,0,0,0,0,250,0,0,0,0
N00000555,251,237,0,12,0,0,0,0,0,0,0,2,0,249,0,0,2,0
N00000556,348,341,2,2,0,0,0,2,0,0,0,1,0,343,0,4,1,0
N00000557,552,552,0,0,0,0,0,0,0,0,0,0,0,552,0,0,0,0
N00000558,466,466,0,0,0,0,0,0,0,0,0,0,0,466,0,0,0,0
N00000559,322,322,0,0,0,0,0,0,0,0,0,0,0,322,0,0,0,0
N00000560,413,412,0,0,0,0,0,0,0,0,0,0,1,412,0,0,0,1
N00000561,493,490,1,0,0,0,0,0,0,0,0,2,0,490,0,1,2,0
N00000562,364,364,0,0,0,0,0,0,0,0,0,0,0,364,0,0,0,0
N00000563,923,883,3,21,4,2,0,4,0,2,0,3,1,904,2,13,3,1
N00000564,323,310,0,2,5,0,0,5,0,0,0,1,0,312,0,10,1,0
N00000565,218,216,0,0,0,0,0,1,0,0,1,0,0,216,1,1,0,0
N00000566,320,313,1,6,0,0,0,0,0,0,0,0,0,319,0,1,0,0
N00000567,517,512,1,0,1,0,0,1,0,0,0,2,0,512,0,3,2,0
N00000568,369,369,0,0,0,0,0,0,0,0,0,0,0,369,0,0,0,0
N00000569,380,373,0,0,0,0,0,1,1,0,0,5,0,373,1,1,5,0
N00000570,337,335,0,0,0,0,0,0,0,0,0,2,0,335,0,0,2,0
N00000571,303,297,5,0,1,0,0,0,0,0,0,0,0,297,0,6,0,0
N00000572,572,561,11,0,0,0,0,0,0,0,0,0,0,561,0,11,0,0
N00000573,364,356,5,0,1,0,0,0,0,1,0,1,0,356,1,6,1,0
N00000574,435,415,2,0,4,5,0,4,0,1,0,3,1,415,1,15,3,1
N00000575,462,462,0,0,0,0,0,0,0,0,0,0,0,462,0,0,0,0
N00000576,344,344,0,0,0,0,0,0,0,0,0,0,0,344,0,0,0,0
N00000577,434,432,0,0,0,0,0,0,0,0,0,2,0,432,0,0,2,0
N00000578,718,713,0,0,0,1,0,1,0,0,0,2,1,713,0,2,2,1
N00000579,480,479,0,0,0,0,0,0,0,0,0,1,0,479,0,0,1,0
N00000580,474,474,0,0,0,0,0,0,0,0,0,0,0,474,0,0,0,0
N00000581,539,539,0,0,0,0,0,0,0,0,0,0,0,539,0,0,0,0
N00000582,401,400,0,0,0,0,0,0,0,0,0,0,1,400,0,0,0,1
N00000583,305,302,1,0,0,0,0,2,0,0,0,0,0,302,0,3,0,0
N00000584,493,490,1,1,0,0,0,0,0,0,0,0,1,491,0,1,0,1
N00000585,477,475,1,0,0,0,0,0,0,0,0,1,0,475,0,1,1,0
N00000586,446,446,0,0,0,0,0,0,0,0,0,0,0,446,0,0,0,0
N00000587,465,455,0,0,3,0,5,1,0,0,0,1,0,455,0,9,1,0
N00000588,394,394,0,0,0,0,0,0,0,0,0,0,0,394,0,0,0,0
N00000589,639,637,0,0,0,0,0,0,0,0,0,1,1,637,0,0,1,1
N00000590,416,413,0,1,0,0,0,0,2,0,0,0,0,414,2,0,0,0
N00000591,454,452,0,1,0,0,0,1,0,0,0,0,0,453,0,1,0,0
N00000592,480,480,0,0,0,0,0,0,0,0,0,0,0,480,0,0,0,0
N00000593,576,572,0,1,0,0,0,1,0,0,0,2,0,573,0,1,2,0
N00000594,371,371,0,0,0,0,0,0,0,0,0,0,0,371,0,0,0,0
N00000595,525,523,1,0,0,0,0,0,0,1,0,0,0,523,1,1,0,0
N00000596,293,282,0,0,0,0,0,4,0,3,3,1,0,282,6,4,1,0
N00000597,235,229,0,0,0,0,0,0,0,0,0,0,6,229,0,0,0,6
N00000598,287,282,2,0,0,0,0,2,0,0,0,1,0,282,0,4,1,0
N00000599,223,210,0,1,0,6,0,0,0,4,0,2,0,211,4,6,2,0
N00000600,350,340,0,0,0,0,0,4,0,0,0,1,5,340,0,4,1,5
N00000601,283,273,0,1,0,0,0,4,0,0,0,4,1,274,0,4,4,1
N00000602,214,209,0,0,1,0,0,0,0,0,0,3,1,209,0,1,3,1
N00000603,414,411,0,0,0,0,0,3,0,0,0,0,0,411,0,3,0,0
N00000604,340,339,0,0,0,0,0,0,0,0,0,1,0,339,0,0,1,0
N00000605,488,483,1,0,0,0,0,4,0,0,0,0,0,483,0,5,0,0
N00000606,352,350,0,0,0,0,0,0,0,1,0,1,0,350,1,0,1,0
N00000607,310,308,1,0,0,0,0,0,0,1,0,0,0,308,1,1,0,0
N00000608,365,364,0,1,0,0,0,0,0,0,0,0,0,365,0,0,0,0
N00000609,375,374,1,0,0,0,0,0,0,0,0,0,0,374,0,1,0,0
N00000610,419,415,0,0,0,0,0,2,0,0,0,0,2,415,0,2,0,2
N00000611,301,299,0,0,0,0,0,0,0,1,0,0,1,299,1,0,0,1
N00000612,543,542,1,0,0,0,0,0,0,0,0,0,0,542,0,1,0,0
N00000613,236,236,0,0,0,0,0,0,0,0,0,0,0,236,0,0,0,0
N00000614,217,217,0,0,0,0,0,0,0,0,0,0,0,217,0,0,0,0
N00000615,139,139,0,0,0,0,0,0,0,0,0,0,0,139,0,0,0,0
N00000616,301,299,2,0,0,0,0,0,0,0,0,0,0,299,0,2,0,0
N00000617,310,310,0,0,0,0,0,0,0,0,0,0,0,310,0,0,0,0
N00000618,621,603,0,0,0,0,0,11,0,0,0,2,5,603,0,11,2,5
N00000619,371,368,0,0,2,1,0,0,0,0,0,0,0,368,0,3,0,0
N00000620,372,366,0,0,0,3,0,1,0,0,0,1,1,366,0,4,1,1
N00000621,390,379,0,0,0,5,0,0,0,1,4,0,1,379,5,5,0,1
N00000622,385,382,0,0,0,0,0,0,0,0,0,2,1,382,0,0,2,1
N00000623,332,332,0,0,0,0,0,0,0,0,0,0,0,332,0,0,0,0
N00000624,469,468,0,0,0,0,0,0,0,0,0,0,1,468,0,0,0,1
N00000625,262,255,2,0,0,0,0,2,0,0,0,1,2,255,0,4,1,2
N00000626,492,491,0,0,1,0,0,0,0,0,0,0,0,491,0,1,0,0
N00000627,456,456,0,0,0,0,0,0,0,0,0,0,0,456,0,0,0,0
N00000628,415,411,0,0,1,0,0,0,0,0,0,3,0,411,0,1,3,0
N00000629,438,437,0,0,0,0,0,0,0,0,0,0,1,437,0,0,0,1
N00000630,272,269,0,0,1,0,0,0,0,0,0,0,2,269,0,1,0,2
N00000631,406,406,0,0,0,0,0,0,0,0,0,0,0,406,0,0,0,0
N00000632,474,471,1,0,0,0,0,0,0,1,0,0,1,471,1,1,0,1
N00000633,325,325,0,0,0,0,0,0,0,0,0,0,0,325,0,0,0,0
N00000634,495,491,0,0,0,0,0,0,0,0,0,0,4,491,0,0,0,4
N00000635,410,410,0,0,0,0,0,0,0,0,0,0,0,410,0,0,0,0
N00000636,399,397,1,0,0,0,0,0,0,1,0,0,0,397,1,1,0,0
N00000637,832,818,8,0,0,0,0,6,0,0,0,0,0,818,0,14,0,0
N00000638,398,396,0,0,0,0,0,0,0,0,0,2,0,396,0,0,2,0
N00000639,408,408,0,0,0,0,0,0,0,0,0,0,0,408,0,0,0,0
N00000640,343,334,7,0,0,0,0,0,0,0,0,2,0,334,0,7,2,0
N00000641,341,339,0,0,2,0,0,0,0,0,0,0,0,339,0,2,0,0
N00000642,389,389,0,0,0,0,0,0,0,0,0,0,0,389,0,0,0,0
N00000643,477,477,0,0,0,0,0,0,0,0,0,0,0,477,0,0,0,0
N00000644,548,548,0,0,0,0,0,0,0,0,0,0,0,548,0,0,0,0
N00000645,451,451,0,0,0,0,0,0,0,0,0,0,0,451,0,0,0,0
N00000646,419,416,0,0,0,0,0,0,0,0,0,3,0,416,0,0,3,0
N00000647,723,723,0,0,0,0,0,0,0,0,0,0,0,723,0,0,0,0
N00000648,381,379,0,0,0,0,0,0,0,0,0,2,0,379,0,0,2,0
N00000649,389,387,0,0,1,0,0,0,0,0,1,0,0,387,1,1,0,0
N00000650,602,598,0,0,0,0,0,0,0,0,0,4,0,598,0,0,4,0
N00000651,278,274,0,0,4,0,0,0,0,0,0,0,0,274,0,4,0,0
N00000652,533,533,0,0,0,0,0,0,0,0,0,0,0,533,0,0,0,0
N00000653,309,309,0,0,0,0,0,0,0,0,0,0,0,309,0,0,0,0
N00000654,269,269,0,0,0,0,0,0,0,0,0,0,0,269,0,0,0,0
N00000655,368,365,0,0,0,0,0,0,0,0,0,3,0,365,0,0,3,0
N00000656,242,241,0,0,1,0,0,0,0,0,0,0,0,241,0,1,0,0
N00000657,851,844,3,0,0,0,0,0,2,1,0,1,0,844,3,3,1,0
N00000658,364,363,0,0,0,0,0,0,0,0,0,1,0,363,0,0,1,0
N00000659,391,389,0,0,0,0,0,0,0,0,0,0,2,389,0,0,0,2
N00000660,387,383,0,0,0,0,0,1,0,0,0,3,0,383,0,1,3,0
N00000661,384,382,0,0,0,0,0,0,0,0,0,1,1,382,0,0,1,1
N00000662,352,352,0,0,0,0,0,0,0,0,0,0,0,352,0,0,0,0
N00000663,395,392,0,0,1,0,0,0,0,0,0,2,0,392,0,1,2,0
N00000664,378,375,0,0,0,0,0,0,1,0,0,2,0,375,1,0,2,0
N00000665,485,484,0,0,0,0,0,0,0,0,0,0,1,484,0,0,0,1
N00000666,439,439,0,0,0,0,0,0,0,0,0,0,0,439,0,0,0,0
N00000667,538,529,0,3,0,0,0,0,2,0,0,3,1,532,2,0,3,1
N00000668,323,321,0,0,0,0,0,0,1,0,0,0,1,321,1,0,0,1
N00000669,493,489,1,0,0,0,0,0,0,0,0,3,0,489,0,1,3,0
N00000670,292,288,1,0,0,0,0,0,0,0,0,3,0,288,0,1,3,0
N00000671,239,239,0,0,0,0,0,0,0,0,0,0,0,239,0,0,0,0
N00000672,324,324,0,0,0,0,0,0,0,0,0,0,0,324,0,0,0,0
N00000673,943,936,5,0,0,0,0,1,0,0,0,1,0,936,0,6,1,0
N00000674,316,311,0,0,4,0,0,0,0,0,0,0,1,311,0,4,0,1
N00000675,387,383,0,0,3,0,0,0,0,0,0,1,0,383,0,3,1,0
N00000676,721,710,6,0,4,0,0,0,0,0,0,0,1,710,0,10,0,1
N00000677,295,289,3,0,3,0,0,0,0,0,0,0,0,289,0,6,0,0
N00000678,531,531,0,0,0,0,0,0,0,0,0,0,0,531,0,0,0,0
N00000679,561,561,0,0,0,0,0,0,0,0,0,0,0,561,0,0,0,0
N00000680,413,412,0,1,0,0,0,0,0,0,0,0,0,413,0,0,0,0
N00000681,385,384,1,0,0,0,0,0,0,0,0,0,0,384,0,1,0,0
N00000682,485,485,0,0,0,0,0,0,0,0,0,0,0,485,0,0,0,0
N00000683,391,389,0,0,0,0,0,0,1,0,0,1,0,389,1,0,1,0
N00000684,595,595,0,0,0,0,0,0,0,0,0,0,0,595,0,0,0,0
N00000685,326,319,0,5,0,0,0,0,0,0,0,2,0,324,0,0,2,0
N00000686,499,497,0,0,0,0,0,1,0,0,0,0,1,497,0,1,0,1
N00000687,379,378,0,0,0,0,0,0,0,0,0,1,0,378,0,0,1,0
N00000688,407,406,0,0,0,0,0,0,0,0,0,0,1,406,0,0,0,1
N00000689,392,392,0,0,0,0,0,0,0,0,0,0,0,392,0,0,0,0
N00000690,282,282,0,0,0,0,0,0,0,0,0,0,0,282,0,0,0,0
N00000691,303,301,0,0,1,0,0,0,0,0,0,1,0,301,0,1,1,0
N00000692,244,243,0,0,1,0,0,0,0,0,0,0,0,243,0,1,0,0
N00000693,287,287,0,0,0,0,0,0,0,0,0,0,0,287,0,0,0,0
N00000694,873,866,5,0,0,0,0,1,0,0,0,1,0,866,0,6,1,0
N00000695,518,511,5,0,0,0,0,0,0,0,0,2,0,511,0,5,2,0
N00000696,180,179,1,0,0,0,0,0,0,0,0,0,0,179,0,1,0,0
N00000697,380,373,7,0,0,0,0,0,0,0,0,0,0,373,0,7,0,0
N00000698,451,447,1,0,3,0,0,0,0,0,0,0,0,447,0,4,0,0
N00000699,256,256,0,0,0,0,0,0,0,0,0,0,0,256,0,0,0,0
N00000700,262,261,0,0,0,0,0,0,0,1,0,0,0,261,1,0,0,0
N00000701,235,235,0,0,0,0,0,0,0,0,0,0,0,235,0,0,0,0
N00000702,771,763,6,0,1,0,0,0,0,0,0,1,0,763,0,7,1,0
N00000703,342,336,0,0,0,0,0,4,0,0,0,2,0,336,0,4,2,0
N00000704,656,654,0,0,0,0,0,0,0,0,0,2,0,654,0,0,2,0
N00000705,680,674,0,0,5,0,0,0,0,0,0,1,0,674,0,5,1,0
N00000706,437,436,0,0,0,0,0,0,0,0,0,1,0,436,0,0,1,0
N00000707,360,359,0,0,0,0,0,0,0,0,0,1,0,359,0,0,1,0
N00000708,466,465,0,0,0,0,0,0,0,0,0,1,0,465,0,0,1,0
N00000709,465,465,0,0,0,0,0,0,0,0,0,0,0,465,0,0,0,0
N00000710,345,345,0,0,0,0,0,0,0,0,0,0,0,345,0,0,0,0
N00000711,522,521,0,0,0,0,0,1,0,0,0,0,0,521,0,1,0,0
N00000712,385,385,0,0,0,0,0,0,0,0,0,0,0,385,0,0,0,0
N00000713,421,421,0,0,0,0,0,0,0,0,0,0,0,421,0,0,0,0
N00000714,453,448,0,0,0,0,0,0,0,0,0,4,1,448,0,0,4,1
N00000825,367,364,0,0,3,0,0,0,0,0,0,0,0,364,0,3,0,0
N00000826,302,302,0,0,0,0,0,0,0,0,0,0,0,302,0,0,0,0
N00000827,298,298,0,0,0,0,0,0,0,0,0,0,0,298,0,0,0,0
N00000828,231,231,0,0,0,0,0,0,0,0,0,0,0,231,0,0,0,0
N00000829,310,309,1,0,0,0,0,0,0,0,0,0,0,309,0,1,0,0
N00000830,260,259,1,0,0,0,0,0,0,0,0,0,0,259,0,1,0,0
N00000831,306,306,0,0,0,0,0,0,0,0,0,0,0,306,0,0,0,0
N00000832,273,273,0,0,0,0,0,0,0,0,0,0,0,273,0,0,0,0
N00000833,253,244,0,0,9,0,0,0,0,0,0,0,0,244,0,9,0,0
N00000834,390,378,0,7,3,0,0,0,0,2,0,0,0,385,2,3,0,0
N00000835,301,300,0,0,0,0,0,0,0,0,1,0,0,300,1,0,0,0
N00000836,347,347,0,0,0,0,0,0,0,0,0,0,0,347,0,0,0,0
N00000837,351,347,0,0,0,0,0,3,0,0,0,0,1,347,0,3,0,1
N00000838,283,280,0,0,3,0,0,0,0,0,0,0,0,280,0,3,0,0
N00000839,363,358,1,0,3,0,1,0,0,0,0,0,0,358,0,5,0,0
N00000840,272,271,0,0,0,0,0,0,0,0,0,0,1,271,0,0,0,1
N00000841,295,293,0,1,0,0,0,0,0,0,0,0,1,294,0,0,0,1
N00000842,556,545,0,0,1,0,1,4,0,1,3,1,0,545,4,6,1,0
N00000843,233,233,0,0,0,0,0,0,0,0,0,0,0,233,0,0,0,0
N00000844,213,213,0,0,0,0,0,0,0,0,0,0,0,213,0,0,0,0
N00000845,202,201,1,0,0,0,0,0,0,0,0,0,0,201,0,1,0,0
N00000846,246,245,0,0,0,0,0,0,1,0,0,0,0,245,1,0,0,0
N00000847,958,950,0,0,0,0,0,0,1,0,3,3,1,950,4,0,3,1
N00000848,240,240,0,0,0,0,0,0,0,0,0,0,0,240,0,0,0,0
N00000849,307,306,0,0,0,0,0,1,0,0,0,0,0,306,0,1,0,0
N00000850,270,267,0,0,0,0,0,0,0,0,1,0,2,267,1,0,0,2
N00000851,243,242,0,0,0,0,0,0,0,1,0,0,0,242,1,0,0,0
N00000852,1179,1169,0,0,0,0,2,0,0,4,0,3,1,1169,4,2,3,1
N00000853,282,282,0,0,0,0,0,0,0,0,0,0,0,282,0,0,0,0
N00000854,763,753,3,2,0,0,0,0,0,0,0,5,0,755,0,3,5,0
N00000900,216,185,21,0,0,0,0,1,0,5,1,2,1,185,6,22,2,1
N00000906,263,256,0,0,1,0,2,4,0,0,0,0,0,256,0,7,0,0
N00000907,332,322,3,0,0,0,0,7,0,0,0,0,0,322,0,10,0,0
N00000908,329,325,0,0,0,0,0,1,0,0,0,2,1,325,0,1,2,1
N00000909,246,244,2,0,0,0,0,0,0,0,0,0,0,244,0,2,0,0
N00000910,273,268,1,0,1,2,0,1,0,0,0,0,0,268,0,5,0,0
N00000911,239,239,0,0,0,0,0,0,0,0,0,0,0,239,0,0,0,0
N00000912,243,231,0,0,0,0,0,5,0,0,0,7,0,231,0,5,7,0
N00000913,321,316,0,0,0,0,0,5,0,0,0,0,0,316,0,5,0,0
N00000914,294,288,0,0,0,0,0,6,0,0,0,0,0,288,0,6,0,0
N00000915,214,213,1,0,0,0,0,0,0,0,0,0,0,213,0,1,0,0
N00000916,234,226,0,0,0,4,0,3,0,0,0,1,0,226,0,7,1,0
N00000917,226,226,0,0,0,0,0,0,0,0,0,0,0,226,0,0,0,0
N00000918,261,260,0,0,1,0,0,0,0,0,0,0,0,260,0,1,0,0
N00000919,229,216,0,0,0,4,0,5,0,1,0,3,0,216,1,9,3,0
N00000920,148,138,1,0,0,0,0,1,1,1,0,0,6,138,2,2,0,6
N00000921,713,698,5,0,0,0,0,1,1,1,2,4,1,698,4,6,4,1
N00000922,292,284,2,0,0,0,0,1,0,1,0,1,3,284,1,3,1,3
N00000923,257,249,1,0,0,0,1,0,0,0,0,5,1,249,0,2,5,1
N00000924,224,220,4,0,0,0,0,0,0,0,0,0,0,220,0,4,0,0
N00000925,288,283,4,0,0,0,0,0,0,0,0,1,0,283,0,4,1,0
N00000926,284,277,2,0,0,0,0,5,0,0,0,0,0,277,0,7,0,0
N00000927,421,273,4,0,5,0,0,126,0,6,0,7,0,273,6,135,7,0
N00000928,356,346,0,0,0,0,0,6,0,1,1,1,1,346,2,6,1,1
N00000929,437,418,1,3,8,1,0,0,0,0,0,6,0,421,0,10,6,0
N00000930,364,358,4,0,0,0,0,0,0,1,0,1,0,358,1,4,1,0
N00000931,682,665,1,0,1,0,0,11,0,4,0,0,0,665,4,13,0,0
N00000932,419,380,2,1,0,0,0,35,0,0,0,1,0,381,0,37,1,0
N00000933,288,269,7,0,4,0,0,6,0,1,0,1,0,269,1,17,1,0
N00000934,282,269,0,2,0,0,1,9,0,1,0,0,0,271,1,10,0,0
N00000935,251,239,7,1,3,0,0,1,0,0,0,0,0,240,0,11,0,0
N00000936,473,470,1,0,0,0,0,0,0,0,2,0,0,470,2,1,0,0
N00000937,433,429,1,0,0,0,0,0,0,0,0,3,0,429,0,1,3,0
N00000938,345,343,0,0,0,0,0,0,2,0,0,0,0,343,2,0,0,0
N00000939,198,195,3,0,0,0,0,0,0,0,0,0,0,195,0,3,0,0
N00000940,252,239,9,1,0,0,0,0,0,0,0,3,0,240,0,9,3,0
N00000941,343,340,1,0,0,0,0,2,0,0,0,0,0,340,0,3,0,0
N00000942,280,279,0,0,0,0,0,0,1,0,0,0,0,279,1,0,0,0
N00000943,272,265,0,0,5,0,0,1,0,0,0,1,0,265,0,6,1,0
N00000944,245,235,0,0,1,0,0,4,0,2,0,1,2,235,2,5,1,2
N00000945,254,254,0,0,0,0,0,0,0,0,0,0,0,254,0,0,0,0
N00000946,386,373,0,0,0,1,0,0,1,5,0,2,4,373,6,1,2,4
N00000947,248,248,0,0,0,0,0,0,0,0,0,0,0,248,0,0,0,0
N00000948,225,225,0,0,0,0,0,0,0,0,0,0,0,225,0,0,0,0
N00000949,314,305,0,0,0,0,0,6,0,1,0,1,1,305,1,6,1,1
N00000950,317,308,0,2,3,0,0,0,1,1,0,1,1,310,2,3,1,1
N00000951,240,238,0,0,0,0,0,0,0,1,0,0,1,238,1,0,0,1
N00000952,391,372,0,0,0,0,0,16,0,0,0,2,1,372,0,16,2,1
N00000953,238,238,0,0,0,0,0,0,0,0,0,0,0,238,0,0,0,0
N00000954,275,268,1,0,0,0,0,0,0,3,1,2,0,268,4,1,2,0
N00000955,394,390,0,0,1,0,0,0,1,2,0,0,0,390,3,1,0,0
N00000956,488,481,0,0,1,2,0,1,0,3,0,0,0,481,3,4,0,0
N00000975,262,250,2,0,0,0,0,2,0,3,0,1,4,250,3,4,1,4
N00000976,141,132,0,0,4,0,0,0,0,5,0,0,0,132,5,4,0,0
N00000977,285,276,2,0,0,0,0,1,0,0,0,4,2,276,0,3,4,2
N00000978,239,237,0,0,0,0,0,0,0,1,0,1,0,237,1,0,1,0
N00000979,217,214,0,0,0,0,0,0,1,1,0,1,0,214,2,0,1,0
N00000980,223,207,3,0,0,0,0,2,0,6,0,3,2,207,6,5,3,2
N00000981,207,198,4,0,0,0,0,0,0,3,0,1,1,198,3,4,1,1
N00000982,252,246,2,0,1,0,0,0,0,1,0,1,1,246,1,3,1,1
N00000983,336,333,0,0,0,0,0,1,0,1,0,0,1,333,1,1,0,1
N00000984,329,311,2,0,4,0,0,4,0,3,0,3,2,311,3,10,3,2
N00000985,244,243,1,0,0,0,0,0,0,0,0,0,0,243,0,1,0,0
N00000986,214,208,5,0,0,0,0,0,0,1,0,0,0,208,1,5,0,0
N00000987,367,357,3,0,1,1,0,0,0,1,0,3,1,357,1,5,3,1
N00000988,146,143,0,0,0,0,0,1,0,1,0,1,0,143,1,1,1,0
N00000989,262,254,3,0,1,0,0,1,0,2,0,0,1,254,2,5,0,1
N00000990,274,258,3,0,1,0,0,0,0,1,2,3,6,258,3,4,3,6
N00001006,527,472,23,10,3,1,5,7,1,1,0,1,3,482,2,39,1,3
N00001007,595,520,21,5,9,0,3,6,0,17,1,7,6,525,18,39,7,6
N00001008,245,226,5,0,4,0,1,2,0,0,0,3,4,226,0,12,3,4
N00001009,188,154,19,0,1,0,1,6,0,2,0,4,1,154,2,27,4,1
N00001010,334,313,7,0,2,0,0,3,0,7,0,1,1,313,7,12,1,1
N00001011,374,348,11,1,4,0,0,0,0,7,0,0,3,349,7,15,0,3
N00001012,353,329,12,0,3,0,0,0,0,5,0,4,0,329,5,15,4,0
N00001013,242,231,5,0,1,0,0,0,1,3,0,1,0,231,4,6,1,0
N00001014,239,221,12,0,1,0,0,2,0,0,0,2,1,221,0,15,2,1
N00001015,416,381,20,1,5,1,0,2,0,3,1,2,0,382,4,28,2,0
N00001016,262,242,7,1,1,0,0,2,0,5,0,1,3,243,5,10,1,3
N00001017,323,303,9,0,0,3,0,5,0,0,1,2,0,303,1,17,2,0
N00001018,288,258,8,1,1,4,0,4,0,7,0,3,2,259,7,17,3,2
N00001019,205,185,11,0,2,0,0,4,0,2,0,1,0,185,2,17,1,0
N00001020,171,152,1,0,5,0,0,0,0,5,0,1,7,152,5,6,1,7
N00001021,239,219,6,0,5,7,0,0,0,1,0,1,0,219,1,18,1,0
N00001022,604,506,42,1,17,1,2,11,0,11,1,5,7,507,12,73,5,7
N00001023,220,205,8,0,5,0,0,1,0,1,0,0,0,205,1,14,0,0
N00001024,346,319,2,0,13,0,0,0,0,6,0,5,1,319,6,15,5,1
N00001025,297,267,19,0,3,2,0,3,0,0,0,2,1,267,0,27,2,1
N00001026,236,206,19,1,3,0,0,3,0,3,0,1,0,207,3,25,1,0
N00001027,395,371,2,7,0,1,0,1,1,4,1,5,2,378,6,4,5,2
N00001028,261,256,0,0,4,0,0,0,0,0,0,0,1,256,0,4,0,1
N00001029,699,649,8,0,0,4,0,9,0,13,5,10,1,649,18,21,10,1
N00001030,514,470,4,0,6,12,0,5,0,16,0,0,1,470,16,27,0,1
N00001031,372,350,1,1,0,0,0,1,3,5,3,7,1,351,11,2,7,1
N00001032,185,184,0,0,0,0,0,0,0,0,0,0,1,184,0,0,0,1
N00001033,129,127,0,1,0,0,0,0,0,0,1,0,0,128,1,0,0,0
N00001034,344,335,0,0,2,0,0,3,0,0,1,2,1,335,1,5,2,1
N00001035,284,283,0,0,0,0,0,0,0,0,0,1,0,283,0,0,1,0
N00001036,391,354,0,0,16,1,0,15,0,1,0,4,0,354,1,32,4,0
N00001037,368,356,1,0,4,0,0,1,0,1,0,5,0,356,1,6,5,0
N00001038,726,721,1,0,0,0,0,0,0,0,0,4,0,721,0,1,4,0
N00001039,387,384,2,1,0,0,0,0,0,0,0,0,0,385,0,2,0,0
N00001040,271,271,0,0,0,0,0,0,0,0,0,0,0,271,0,0,0,0
N00001041,190,190,0,0,0,0,0,0,0,0,0,0,0,190,0,0,0,0
N00001042,664,659,2,0,0,0,0,2,0,0,0,1,0,659,0,4,1,0
N00001043,206,206,0,0,0,0,0,0,0,0,0,0,0,206,0,0,0,0
N00001044,303,298,3,0,0,0,0,1,0,0,0,1,0,298,0,4,1,0
N00001045,274,269,4,0,0,0,0,0,0,0,0,1,0,269,0,4,1,0
N00001046,307,299,0,0,0,0,0,0,0,0,0,1,7,299,0,0,1,7
N00001047,314,311,0,0,0,0,0,1,0,0,0,2,0,311,0,1,2,0
N00001048,331,330,0,0,0,0,0,0,0,0,0,0,1,330,0,0,0,1
N00001049,330,328,0,0,0,0,0,1,0,0,0,0,1,328,0,1,0,1
N00001050,335,330,0,0,0,0,0,0,1,1,2,1,0,330,4,0,1,0
N00001051,371,364,0,0,7,0,0,0,0,0,0,0,0,364,0,7,0,0
N00001052,180,175,0,0,0,0,0,2,0,2,1,0,0,175,3,2,0,0
N00001053,355,352,0,3,0,0,0,0,0,0,0,0,0,355,0,0,0,0
N00001054,341,341,0,0,0,0,0,0,0,0,0,0,0,341,0,0,0,0
N00001055,350,348,0,0,0,0,0,1,0,0,0,1,0,348,0,1,1,0
N00001056,355,351,0,0,1,1,0,0,0,0,0,1,1,351,0,2,1,1
N00001057,326,326,0,0,0,0,0,0,0,0,0,0,0,326,0,0,0,0
N00001058,349,346,1,1,0,0,0,0,1,0,0,0,0,347,1,1,0,0
N00001059,320,313,0,0,0,0,0,0,0,1,0,2,4,313,1,0,2,4
N00001060,256,255,0,0,0,0,0,0,0,0,0,1,0,255,0,0,1,0
N00001079,829,813,0,1,7,2,0,2,0,2,1,1,0,814,3,11,1,0
N00001080,324,314,0,0,2,0,0,7,0,0,0,1,0,314,0,9,1,0
N00001081,412,396,0,1,13,0,0,0,0,0,0,2,0,397,0,13,2,0
N00001082,431,417,0,0,6,0,0,1,0,2,0,5,0,417,2,7,5,0
N00001083,436,424,0,0,7,0,1,0,3,0,0,1,0,424,3,8,1,0
N00001084,447,441,0,0,4,0,0,0,0,1,0,1,0,441,1,4,1,0
N00001085,1087,1062,1,0,2,0,0,3,0,4,2,13,0,1062,6,6,13,0
N00001086,336,322,0,0,7,0,0,1,0,3,0,3,0,322,3,8,3,0
N00001087,307,298,0,0,3,0,0,0,0,4,0,1,1,298,4,3,1,1
N00001088,305,295,0,0,4,2,0,0,0,3,0,0,1,295,3,6,0,1
N00001089,316,301,0,0,9,0,0,1,0,1,0,4,0,301,1,10,4,0
N00001090,222,215,0,0,0,2,0,3,0,0,0,2,0,215,0,5,2,0
N00001091,384,377,0,0,3,0,3,0,0,0,0,1,0,377,0,6,1,0
N00001092,398,397,0,0,0,0,0,0,0,1,0,0,0,397,1,0,0,0
N00001093,642,631,0,0,0,0,0,0,0,1,3,7,0,631,4,0,7,0
N00001094,239,233,0,0,0,0,0,0,0,4,0,2,0,233,4,0,2,0
N00001095,368,358,0,0,8,0,0,0,0,1,0,1,0,358,1,8,1,0
N00001096,397,393,0,0,0,0,0,1,0,0,0,3,0,393,0,1,3,0
N00001097,316,315,0,0,0,1,0,0,0,0,0,0,0,315,0,1,0,0
N00001098,308,307,0,0,0,0,0,0,0,1,0,0,0,307,1,0,0,0
N00001099,282,278,1,0,0,0,0,1,0,0,0,2,0,278,0,2,2,0
N00001100,292,290,0,0,0,0,0,1,0,0,0,1,0,290,0,1,1,0
N00001101,304,304,0,0,0,0,0,0,0,0,0,0,0,304,0,0,0,0
N00001102,569,565,1,0,0,0,0,0,0,0,0,2,1,565,0,1,2,1
N00001103,219,217,2,0,0,0,0,0,0,0,0,0,0,217,0,2,0,0
N00001104,303,301,0,0,0,0,0,0,0,1,0,1,0,301,1,0,1,0
N00001105,309,300,0,0,0,0,0,1,0,1,0,7,0,300,1,1,7,0
N00001106,283,282,0,0,0,0,0,0,0,0,0,1,0,282,0,0,1,0
N00001107,309,304,0,0,0,0,0,2,0,3,0,0,0,304,3,2,0,0
N00001108,217,210,2,0,4,0,0,0,0,0,0,1,0,210,0,6,1,0
N00001109,393,389,0,0,0,1,0,0,0,0,0,3,0,389,0,1,3,0
N00001110,345,340,1,0,0,0,0,3,0,0,0,0,1,340,0,4,0,1
N00001111,687,667,3,0,12,0,0,2,0,0,0,3,0,667,0,17,3,0
N00001112,319,310,0,0,4,0,0,5,0,0,0,0,0,310,0,9,0,0
N00001113,1384,1347,5,4,5,0,0,10,0,4,0,7,2,1351,4,20,7,2
N00001114,319,294,0,1,5,0,2,13,0,3,0,1,0,295,3,20,1,0
N00001115,222,219,0,0,0,0,0,3,0,0,0,0,0,219,0,3,0,0
N00001116,497,472,4,0,3,0,0,11,0,0,0,7,0,472,0,18,7,0
N00001117,728,727,0,0,0,0,0,1,0,0,0,0,0,727,0,1,0,0
N00001118,305,297,1,1,0,0,0,0,1,0,4,0,1,298,5,1,0,1
N00001119,176,175,0,0,0,0,0,0,0,0,0,1,0,175,0,0,1,0
N00001120,213,213,0,0,0,0,0,0,0,0,0,0,0,213,0,0,0,0
N00001121,235,234,0,0,1,0,0,0,0,0,0,0,0,234,0,1,0,0
N00001122,176,176,0,0,0,0,0,0,0,0,0,0,0,176,0,0,0,0
N00001123,186,186,0,0,0,0,0,0,0,0,0,0,0,186,0,0,0,0
N00001124,568,561,2,0,0,0,0,0,0,1,0,4,0,561,1,2,4,0
N00001125,413,412,0,0,1,0,0,0,0,0,0,0,0,412,0,1,0,0
N00001126,242,235,2,0,0,0,0,0,1,1,0,3,0,235,2,2,3,0
N00001127,639,629,5,0,1,0,0,0,0,0,0,3,1,629,0,6,3,1
N00001128,251,250,0,0,0,0,0,0,0,1,0,0,0,250,1,0,0,0
N00001129,450,443,5,0,0,0,0,0,0,1,0,1,0,443,1,5,1,0
N00001130,179,177,0,0,0,0,1,0,0,1,0,0,0,177,1,1,0,0
N00001131,1073,973,17,1,35,0,1,9,0,21,1,7,8,974,22,62,7,8
N00001132,251,245,1,0,0,0,0,1,0,1,0,0,3,245,1,2,0,3
N00001133,643,621,8,0,0,0,0,7,0,1,0,5,1,621,1,15,5,1
N00001134,212,206,0,0,1,0,0,0,0,3,0,2,0,206,3,1,2,0
N00001135,188,184,0,0,0,0,0,2,0,2,0,0,0,184,2,2,0,0
N00001136,261,258,0,0,3,0,0,0,0,0,0,0,0,258,0,3,0,0
N00001137,292,286,1,0,0,0,0,0,1,0,0,3,1,286,1,1,3,1
N00001138,195,190,0,0,0,0,0,0,0,3,0,2,0,190,3,0,2,0
N00001139,546,513,4,0,18,0,0,0,0,4,0,7,0,513,4,22,7,0
N00001140,309,302,6,0,0,0,0,0,0,1,0,0,0,302,1,6,0,0
N00001141,189,183,3,0,1,0,0,0,0,0,0,2,0,183,0,4,2,0
N00001142,190,185,0,0,1,0,0,0,0,2,0,2,0,185,2,1,2,0
N00001143,140,140,0,0,0,0,0,0,0,0,0,0,0,140,0,0,0,0
N00001144,233,230,0,0,0,0,0,0,0,2,0,0,1,230,2,0,0,1
N00001145,311,311,0,0,0,0,0,0,0,0,0,0,0,311,0,0,0,0
N00001146,291,290,0,0,0,0,0,0,0,0,0,1,0,290,0,0,1,0
N00001147,258,242,0,0,0,0,0,5,0,2,4,5,0,242,6,5,5,0
N00001148,260,255,0,0,0,0,0,0,0,2,0,1,2,255,2,0,1,2
N00001149,377,373,0,0,0,0,0,3,0,0,0,1,0,373,0,3,1,0
N00001150,334,331,0,0,0,0,0,0,0,0,0,2,1,331,0,0,2,1
N00001151,390,388,0,0,0,0,0,0,0,0,0,1,1,388,0,0,1,1
N00001152,419,412,1,1,2,0,0,1,0,0,1,1,0,413,1,4,1,0
N00001153,316,310,0,0,0,0,0,2,0,0,0,4,0,310,0,2,4,0
N00001154,293,287,0,0,2,0,0,3,0,0,0,1,0,287,0,5,1,0
N00001155,636,484,20,0,104,0,0,17,1,1,0,4,5,484,2,141,4,5
N00001156,1299,1296,1,0,0,0,0,0,0,0,1,0,1,1296,1,1,0,1
N00001157,280,267,0,0,0,0,1,1,1,1,0,9,0,267,2,2,9,0
N00001158,266,266,0,0,0,0,0,0,0,0,0,0,0,266,0,0,0,0
N00001159,365,360,0,0,0,0,0,0,3,2,0,0,0,360,5,0,0,0
N00001160,357,348,4,0,0,0,0,0,0,3,0,2,0,348,3,4,2,0
N00001161,250,238,4,0,0,0,0,0,0,7,0,1,0,238,7,4,1,0
N00001162,169,160,6,0,0,0,0,1,0,1,0,1,0,160,1,7,1,0
N00001163,336,334,0,0,0,0,0,1,0,0,0,0,1,334,0,1,0,1
N00001164,342,336,3,0,0,0,0,0,0,1,0,2,0,336,1,3,2,0
N00001165,322,318,1,0,0,0,0,2,0,0,0,1,0,318,0,3,1,0
N00001166,593,580,3,0,1,0,0,3,1,0,0,5,0,580,1,7,5,0
N00001167,342,336,0,0,0,5,0,0,0,0,0,1,0,336,0,5,1,0
N00001168,353,353,0,0,0,0,0,0,0,0,0,0,0,353,0,0,0,0
N00001169,320,310,1,0,8,0,0,0,0,0,0,0,1,310,0,9,0,1
N00001170,333,332,1,0,0,0,0,0,0,0,0,0,0,332,0,1,0,0
N00001171,408,386,0,0,9,3,0,5,0,0,0,0,5,386,0,17,0,5
N00001172,307,304,0,0,3,0,0,0,0,0,0,0,0,304,0,3,0,0
N00001173,262,242,6,0,9,4,0,0,0,0,0,1,0,242,0,19,1,0
N00001174,343,323,4,0,12,0,0,0,0,2,0,2,0,323,2,16,2,0
N00001175,306,284,8,0,13,0,0,0,0,0,0,1,0,284,0,21,1,0
N00001176,241,233,0,0,2,0,0,5,0,0,0,1,0,233,0,7,1,0
N00001177,266,233,7,0,12,5,0,8,0,1,0,0,0,233,1,32,0,0
N00001178,406,389,5,0,4,0,0,0,0,0,0,3,5,389,0,9,3,5
N00001179,342,340,0,0,0,0,0,1,0,0,0,1,0,340,0,1,1,0
N00001180,157,154,2,0,0,0,0,0,0,0,0,1,0,154,0,2,1,0
N00001181,295,290,0,0,3,0,0,0,0,0,0,2,0,290,0,3,2,0
N00001182,352,349,0,0,0,0,0,0,0,1,0,2,0,349,1,0,2,0
N00001183,444,407,14,0,13,0,0,5,0,0,0,3,2,407,0,32,3,2
N00001184,283,272,0,0,3,0,0,4,0,0,0,3,1,272,0,7,3,1
N00001185,268,247,4,0,12,0,0,4,0,0,0,1,0,247,0,20,1,0
N00001186,267,239,11,0,4,0,0,12,0,0,0,1,0,239,0,27,1,0
N00001187,323,297,5,0,10,0,0,3,0,0,0,8,0,297,0,18,8,0
N00001188,806,776,1,1,4,1,0,7,0,0,1,8,7,777,1,13,8,7
N00001189,304,292,0,0,4,0,0,5,0,0,0,3,0,292,0,9,3,0
N00001190,278,250,0,0,4,1,1,16,1,0,0,4,1,250,1,22,4,1
N00001191,245,245,0,0,0,0,0,0,0,0,0,0,0,245,0,0,0,0
N00001192,256,230,2,0,1,1,0,19,0,0,0,3,0,230,0,23,3,0
N00001193,232,222,0,0,0,0,3,5,0,0,0,0,2,222,0,8,0,2
N00001194,269,266,0,0,0,0,0,0,0,2,1,0,0,266,3,0,0,0
N00001195,184,157,1,0,0,0,0,26,0,0,0,0,0,157,0,27,0,0
N00001196,354,349,2,0,0,0,0,0,0,0,0,3,0,349,0,2,3,0
N00001197,266,249,1,1,0,0,0,8,0,4,0,0,3,250,4,9,0,3
N00001198,467,454,1,0,1,0,0,2,0,0,0,8,1,454,0,4,8,1
N00001199,194,187,1,0,1,1,0,0,1,0,1,2,0,187,2,3,2,0
N00001200,395,394,0,0,0,0,0,0,0,0,0,1,0,394,0,0,1,0
N00001201,311,301,2,0,4,0,0,4,0,0,0,0,0,301,0,10,0,0
N00001202,323,308,0,0,6,0,7,1,0,0,0,1,0,308,0,14,1,0
N00001203,315,311,0,4,0,0,0,0,0,0,0,0,0,315,0,0,0,0
N00001204,956,929,1,1,16,0,0,7,0,0,0,2,0,930,0,24,2,0
N00001205,564,547,0,0,10,0,0,6,0,0,0,1,0,547,0,16,1,0
N00001206,229,226,0,0,1,0,0,0,0,0,0,2,0,226,0,1,2,0
N00001207,400,400,0,0,0,0,0,0,0,0,0,0,0,400,0,0,0,0
N00001208,339,339,0,0,0,0,0,0,0,0,0,0,0,339,0,0,0,0
N00001209,254,254,0,0,0,0,0,0,0,0,0,0,0,254,0,0,0,0
N00001210,332,328,0,0,0,0,1,0,0,0,0,3,0,328,0,1,3,0
N00001211,285,283,0,0,0,0,0,0,0,0,0,1,1,283,0,0,1,1
N00001212,301,300,1,0,0,0,0,0,0,0,0,0,0,300,0,1,0,0
N00001213,299,298,1,0,0,0,0,0,0,0,0,0,0,298,0,1,0,0
N00001214,289,285,0,0,0,4,0,0,0,0,0,0,0,285,0,4,0,0
N00001215,281,281,0,0,0,0,0,0,0,0,0,0,0,281,0,0,0,0
N00001216,406,399,0,4,0,0,1,0,0,0,0,2,0,403,0,1,2,0
N00001217,413,410,0,0,0,1,0,0,0,1,0,0,1,410,1,1,0,1
N00001218,279,278,0,0,1,0,0,0,0,0,0,0,0,278,0,1,0,0
N00001219,301,297,0,0,1,0,0,0,0,3,0,0,0,297,3,1,0,0
N00001220,231,229,1,0,0,0,0,0,0,1,0,0,0,229,1,1,0,0
N00001221,258,256,0,0,0,1,0,0,0,0,0,0,1,256,0,1,0,1
N00001222,213,207,0,1,0,0,0,0,0,5,0,0,0,208,5,0,0,0
N00001223,300,299,0,0,0,0,0,0,0,1,0,0,0,299,1,0,0,0
N00001224,265,263,0,0,0,0,0,0,1,1,0,0,0,263,2,0,0,0
N00001225,242,239,0,0,0,0,0,3,0,0,0,0,0,239,0,3,0,0
N00001226,236,233,1,0,0,0,0,0,0,0,0,0,2,233,0,1,0,2
N00001227,246,246,0,0,0,0,0,0,0,0,0,0,0,246,0,0,0,0
N00001228,212,211,0,0,1,0,0,0,0,0,0,0,0,211,0,1,0,0
N00001229,255,254,0,0,0,0,0,0,0,1,0,0,0,254,1,0,0,0
N00001230,298,291,0,0,0,0,0,0,0,3,0,2,2,291,3,0,2,2
N00001231,401,398,0,0,0,0,0,2,0,1,0,0,0,398,1,2,0,0
N00001232,375,375,0,0,0,0,0,0,0,0,0,0,0,375,0,0,0,0
N00001233,421,416,0,0,1,0,0,0,0,1,0,0,3,416,1,1,0,3
N00001234,351,345,0,2,3,0,0,1,0,0,0,0,0,347,0,4,0,0
N00001235,953,949,0,0,0,0,0,3,0,0,1,0,0,949,1,3,0,0
N00001236,372,367,0,0,0,0,0,0,0,0,0,5,0,367,0,0,5,0
N00001237,289,288,0,0,0,0,0,0,0,0,0,1,0,288,0,0,1,0
N00001238,297,291,0,1,0,0,0,0,2,0,0,3,0,292,2,0,3,0
N00001239,313,313,0,0,0,0,0,0,0,0,0,0,0,313,0,0,0,0
N00001240,1095,1088,1,1,0,0,1,0,0,0,0,2,2,1089,0,2,2,2
N00001241,352,350,0,0,0,0,0,1,0,0,0,1,0,350,0,1,1,0
N00001242,335,334,0,0,0,0,0,0,0,0,1,0,0,334,1,0,0,0
N00001243,275,275,0,0,0,0,0,0,0,0,0,0,0,275,0,0,0,0
N00001244,335,334,0,0,0,0,0,0,0,0,1,0,0,334,1,0,0,0
N00001245,334,331,0,1,0,0,0,1,0,0,0,1,0,332,0,1,1,0
N00001246,608,594,5,0,2,0,0,0,0,5,0,1,1,594,5,7,1,1
N00001247,245,239,1,0,1,0,0,0,0,0,0,4,0,239,0,2,4,0
N00001248,430,429,0,0,0,0,0,0,0,0,0,1,0,429,0,0,1,0
N00001249,403,399,1,0,0,0,0,1,0,0,0,1,1,399,0,2,1,1
N00001250,463,458,2,0,0,0,0,0,0,0,0,2,1,458,0,2,2,1
N00001251,327,305,0,0,0,0,0,21,0,0,0,0,1,305,0,21,0,1
N00001252,321,303,0,0,0,0,0,4,0,5,0,7,2,303,5,4,7,2
N00001253,233,220,0,0,0,0,0,13,0,0,0,0,0,220,0,13,0,0
N00001254,314,313,1,0,0,0,0,0,0,0,0,0,0,313,0,1,0,0
N00001255,276,273,0,0,1,0,0,1,0,1,0,0,0,273,1,2,0,0
N00001256,262,261,0,0,0,0,0,0,0,0,0,1,0,261,0,0,1,0
N00001257,233,230,1,0,0,0,0,2,0,0,0,0,0,230,0,3,0,0
N00001258,250,245,0,0,0,0,0,0,0,5,0,0,0,245,5,0,0,0
N00001259,285,274,0,0,0,0,0,10,0,0,0,1,0,274,0,10,1,0
N00001260,363,354,0,0,0,0,0,0,0,2,0,6,1,354,2,0,6,1
N00001261,249,248,0,0,0,1,0,0,0,0,0,0,0,248,0,1,0,0
N00001262,389,387,0,0,0,0,0,1,0,0,0,1,0,387,0,1,1,0
N00001291,344,338,0,0,0,0,0,0,0,6,0,0,0,338,6,0,0,0
N00001292,878,868,0,1,0,0,1,0,1,1,0,6,0,869,2,1,6,0
N00001293,358,358,0,0,0,0,0,0,0,0,0,0,0,358,0,0,0,0
N00001294,335,332,0,0,0,0,0,0,0,3,0,0,0,332,3,0,0,0
N00001295,312,311,0,0,0,0,0,0,0,0,0,0,1,311,0,0,0,1
N00001296,273,272,0,0,0,0,0,1,0,0,0,0,0,272,0,1,0,0
N00001297,384,377,0,0,3,0,0,1,0,0,1,2,0,377,1,4,2,0
N00001298,394,375,0,0,2,0,0,2,0,0,7,8,0,375,7,4,8,0
N00001299,319,318,0,0,0,0,0,0,0,0,0,1,0,318,0,0,1,0
N00001300,287,287,0,0,0,0,0,0,0,0,0,0,0,287,0,0,0,0
N00001301,375,370,0,0,4,0,0,0,0,1,0,0,0,370,1,4,0,0
N00001302,745,741,1,0,0,0,0,2,0,0,0,1,0,741,0,3,1,0
N00001303,333,327,0,1,3,0,0,2,0,0,0,0,0,328,0,5,0,0
N00001304,322,322,0,0,0,0,0,0,0,0,0,0,0,322,0,0,0,0
N00001305,325,323,0,0,0,0,0,2,0,0,0,0,0,323,0,2,0,0
N00001306,214,210,0,0,0,0,0,1,2,0,0,1,0,210,2,1,1,0
N00001307,321,321,0,0,0,0,0,0,0,0,0,0,0,321,0,0,0,0
N00001308,486,461,6,0,0,0,0,10,1,4,0,4,0,461,5,16,4,0
N00001309,368,351,0,0,4,0,0,2,0,0,0,10,1,351,0,6,10,1
N00001310,981,943,8,0,17,3,0,5,0,2,0,3,0,943,2,33,3,0
N00001311,326,309,0,0,0,0,0,4,0,13,0,0,0,309,13,4,0,0
N00001312,654,625,0,1,10,0,0,11,0,0,0,5,2,626,0,21,5,2
N00001313,417,355,0,0,18,0,0,35,0,0,0,8,1,355,0,53,8,1
N00001314,401,358,1,1,0,0,0,30,0,11,0,0,0,359,11,31,0,0
N00001315,246,243,1,0,0,0,0,1,0,0,0,1,0,243,0,2,1,0
N00001316,352,340,0,0,0,0,0,8,0,2,2,0,0,340,4,8,0,0
N00001317,267,261,0,0,0,0,0,6,0,0,0,0,0,261,0,6,0,0
N00001318,287,273,0,1,0,3,0,0,0,5,0,4,1,274,5,3,4,1
N00001319,285,281,0,0,4,0,0,0,0,0,0,0,0,281,0,4,0,0
N00001320,253,252,0,0,0,0,0,0,0,0,0,1,0,252,0,0,1,0
N00001321,274,270,0,1,0,0,0,1,0,0,0,2,0,271,0,1,2,0
N00001322,274,270,1,0,0,0,0,1,0,0,0,2,0,270,0,2,2,0
N00001323,295,291,1,0,0,0,0,0,0,1,0,2,0,291,1,1,2,0
N00001324,243,233,0,0,0,0,0,9,1,0,0,0,0,233,1,9,0,0
N00001325,1263,1211,7,1,12,0,0,8,0,6,0,12,6,1212,6,27,12,6
N00001326,360,345,1,0,5,0,0,1,1,0,0,6,1,345,1,7,6,1
N00001327,328,317,0,0,1,0,0,0,0,0,0,5,5,317,0,1,5,5
N00001328,1036,980,9,0,10,0,1,8,0,9,0,18,1,980,9,28,18,1
N00001329,281,272,5,0,0,0,0,0,0,2,0,2,0,272,2,5,2,0
N00001330,322,316,2,0,1,0,0,1,1,0,0,1,0,316,1,4,1,0
N00001331,274,272,0,0,0,0,0,0,0,0,0,2,0,272,0,0,2,0
N00001332,186,175,2,1,3,0,0,2,0,0,0,2,1,176,0,7,2,1
N00001333,337,323,4,1,1,0,0,6,0,0,0,2,0,324,0,11,2,0
N00001334,354,316,24,0,9,0,0,1,0,0,0,2,2,316,0,34,2,2
N00001335,194,182,5,0,2,0,0,1,0,0,1,3,0,182,1,8,3,0
N00001336,318,306,0,0,0,3,0,3,0,3,0,2,1,306,3,6,2,1
N00001337,302,287,1,0,1,0,0,9,0,0,0,4,0,287,0,11,4,0
N00001338,303,272,0,0,4,0,0,22,0,0,0,5,0,272,0,26,5,0
N00001339,370,324,0,0,8,0,0,33,0,2,0,0,3,324,2,41,0,3
N00001340,779,701,3,0,26,0,0,27,0,12,0,3,7,701,12,56,3,7
N00001341,329,328,0,0,0,0,0,0,0,1,0,0,0,328,1,0,0,0
N00001342,388,388,0,0,0,0,0,0,0,0,0,0,0,388,0,0,0,0
N00001343,293,289,0,0,0,0,0,0,0,1,0,1,2,289,1,0,1,2
N00001344,330,328,0,0,0,0,0,0,0,0,0,2,0,328,0,0,2,0
N00001345,250,249,0,0,0,0,0,0,0,1,0,0,0,249,1,0,0,0
N00001346,820,779,8,2,16,0,0,7,0,1,2,3,2,781,3,31,3,2
N00001347,513,503,0,1,2,1,0,1,0,0,0,0,5,504,0,4,0,5
N00001348,304,293,2,0,7,0,0,0,0,1,0,1,0,293,1,9,1,0
N00001349,248,234,2,1,6,0,0,4,0,0,0,0,1,235,0,12,0,1
N00001350,919,904,0,4,8,0,0,1,0,0,0,1,1,908,0,9,1,1
N00001351,390,386,3,0,0,0,0,0,1,0,0,0,0,386,1,3,0,0
N00001352,303,292,0,1,6,0,0,1,0,2,0,0,1,293,2,7,0,1
N00001353,358,354,1,0,1,0,0,0,0,2,0,0,0,354,2,2,0,0
N00001354,756,736,0,5,3,1,0,2,0,1,0,2,6,741,1,6,2,6
N00001355,287,281,0,1,5,0,0,0,0,0,0,0,0,282,0,5,0,0
N00001356,280,276,0,0,0,0,0,1,0,0,0,1,2,276,0,1,1,2
N00001357,155,155,0,0,0,0,0,0,0,0,0,0,0,155,0,0,0,0
N00001358,344,339,0,0,0,0,0,0,0,2,0,0,3,339,2,0,0,3
N00001359,294,290,0,0,1,0,0,0,0,2,0,1,0,290,2,1,1,0
N00001360,276,261,0,1,3,5,1,1,0,3,0,1,0,262,3,10,1,0
N00001361,295,285,4,0,0,0,0,0,0,6,0,0,0,285,6,4,0,0
N00001362,293,293,0,0,0,0,0,0,0,0,0,0,0,293,0,0,0,0
N00001401,851,780,42,1,7,0,0,11,0,1,0,8,1,781,1,60,8,1
N00001415,275,272,1,0,0,0,0,0,0,1,0,1,0,272,1,1,1,0
N00001416,947,644,25,0,261,1,0,8,0,2,1,1,4,644,3,295,1,4
N00001417,277,271,0,0,0,0,0,0,0,1,0,4,1,271,1,0,4,1
N00001418,662,595,9,0,46,0,0,6,0,6,0,0,0,595,6,61,0,0
N00001419,248,235,0,0,11,0,0,0,0,2,0,0,0,235,2,11,0,0
N00001420,243,211,16,0,3,0,0,0,0,6,0,6,1,211,6,19,6,1
N00001421,1333,1151,70,0,41,0,0,43,0,6,1,16,5,1151,7,154,16,5
N00001422,200,171,24,0,0,0,0,0,0,4,0,0,1,171,4,24,0,1
N00001423,445,391,51,0,0,0,0,3,0,0,0,0,0,391,0,54,0,0
N00001424,223,202,5,0,0,0,6,7,0,1,1,0,1,202,2,18,0,1
N00001425,267,234,25,0,0,0,0,1,0,3,0,4,0,234,3,26,4,0
N00001426,229,221,2,0,0,0,0,0,0,1,0,2,3,221,1,2,2,3
N00001427,251,251,0,0,0,0,0,0,0,0,0,0,0,251,0,0,0,0
N00001428,279,277,0,0,0,0,0,0,0,1,0,0,1,277,1,0,0,1
N00001429,1073,937,34,0,23,0,4,49,0,6,0,10,10,937,6,110,10,10
N00001430,262,258,2,0,0,0,0,0,0,0,0,0,2,258,0,2,0,2
N00001431,326,326,0,0,0,0,0,0,0,0,0,0,0,326,0,0,0,0
N00001432,281,281,0,0,0,0,0,0,0,0,0,0,0,281,0,0,0,0
N00001433,254,247,5,0,0,0,1,0,1,0,0,0,0,247,1,6,0,0
N00001434,302,301,0,0,0,0,0,0,1,0,0,0,0,301,1,0,0,0
N00001435,233,233,0,0,0,0,0,0,0,0,0,0,0,233,0,0,0,0
N00001436,301,298,0,1,1,0,0,0,0,0,0,0,1,299,0,1,0,1
N00001437,201,201,0,0,0,0,0,0,0,0,0,0,0,201,0,0,0,0
N00001438,291,283,0,0,0,0,0,5,0,0,0,3,0,283,0,5,3,0
N00001439,270,249,16,1,0,0,0,0,0,1,1,1,1,250,2,16,1,1
N00001440,251,246,2,0,0,0,0,1,0,0,0,2,0,246,0,3,2,0
N00001441,282,266,0,0,1,0,0,6,0,1,0,7,1,266,1,7,7,1
N00001442,347,344,0,0,0,0,0,0,0,0,0,2,1,344,0,0,2,1
N00001443,209,207,1,0,0,0,0,0,0,0,0,1,0,207,0,1,1,0
N00001444,268,268,0,0,0,0,0,0,0,0,0,0,0,268,0,0,0,0
N00001461,317,307,5,1,0,4,0,0,0,0,0,0,0,308,0,9,0,0
N00001462,357,343,5,0,4,0,0,0,0,1,0,2,2,343,1,9,2,2
N00001463,385,380,1,0,3,0,0,0,0,0,0,1,0,380,0,4,1,0
N00001464,345,305,14,0,5,0,4,7,0,0,0,6,4,305,0,30,6,4
N00001465,422,407,0,0,3,9,0,0,0,0,0,0,3,407,0,12,0,3
N00001466,280,259,5,5,0,3,0,3,0,1,1,2,1,264,2,11,2,1
N00001467,1504,1361,73,1,5,4,1,29,1,5,1,16,7,1362,7,112,16,7
N00001468,283,265,8,0,2,0,0,0,1,7,0,0,0,265,8,10,0,0
N00001469,246,230,3,0,6,0,2,0,0,3,0,2,0,230,3,11,2,0
N00001470,348,332,13,0,0,0,0,0,0,2,0,1,0,332,2,13,1,0
N00001471,493,480,7,0,1,0,0,0,0,4,0,1,0,480,4,8,1,0
N00001472,891,862,0,0,11,4,0,3,0,2,0,8,1,862,2,18,8,1
N00001473,426,390,9,0,7,0,5,4,0,0,0,7,4,390,0,25,7,4
N00001474,347,337,5,0,4,0,0,0,0,1,0,0,0,337,1,9,0,0
N00001475,302,285,2,1,10,0,0,0,0,2,0,2,0,286,2,12,2,0
N00001476,277,254,5,0,0,0,0,7,0,0,0,10,1,254,0,12,10,1
N00001477,271,252,2,0,1,0,3,3,1,0,0,4,5,252,1,9,4,5
N00001478,301,275,16,0,7,0,0,1,0,0,0,2,0,275,0,24,2,0
N00001479,344,324,8,0,10,0,0,0,0,0,0,1,1,324,0,18,1,1
N00001514,249,227,10,0,3,0,0,4,0,1,3,1,0,227,4,17,1,0
N00001515,351,337,0,0,6,7,0,0,0,0,0,0,1,337,0,13,0,1
N00001516,275,271,2,0,0,0,0,0,0,0,0,2,0,271,0,2,2,0
N00001517,359,349,0,0,1,7,0,1,0,0,0,1,0,349,0,9,1,0
N00001518,436,390,10,0,14,6,0,10,0,0,0,3,3,390,0,40,3,3
N00001519,298,284,1,0,1,0,0,8,0,1,0,3,0,284,1,10,3,0
N00001520,265,259,0,0,0,0,0,0,4,1,0,1,0,259,5,0,1,0
N00001521,249,245,2,0,0,0,0,0,0,0,0,2,0,245,0,2,2,0
N00001522,278,278,0,0,0,0,0,0,0,0,0,0,0,278,0,0,0,0
N00001523,211,206,0,0,0,0,0,0,0,1,0,4,0,206,1,0,4,0
N00001524,253,240,0,0,4,0,0,1,0,5,0,3,0,240,5,5,3,0
N00001525,239,221,0,0,9,0,1,0,0,3,0,4,1,221,3,10,4,1
N00001526,219,212,0,1,4,0,0,1,0,0,0,1,0,213,0,5,1,0
N00001527,243,229,0,0,5,0,0,0,0,1,0,6,2,229,1,5,6,2
N00001528,244,217,8,0,12,0,0,5,0,0,0,2,0,217,0,25,2,0
N00001529,286,269,1,0,0,0,0,9,0,0,0,7,0,269,0,10,7,0
N00001530,386,371,2,0,9,0,0,1,0,0,1,2,0,371,1,12,2,0
N00001531,320,313,1,1,0,0,0,5,0,0,0,0,0,314,0,6,0,0
N00001532,435,422,0,12,0,0,0,1,0,0,0,0,0,434,0,1,0,0
N00001533,636,623,0,3,0,0,0,9,0,0,0,1,0,626,0,9,1,0
N00001534,321,315,0,5,0,0,0,0,0,0,0,1,0,320,0,0,1,0
N00001535,385,375,0,0,3,0,0,0,0,6,1,0,0,375,7,3,0,0
N00001536,401,400,0,0,0,0,0,0,0,0,0,1,0,400,0,0,1,0
N00001537,356,355,0,0,0,0,0,0,0,0,0,1,0,355,0,0,1,0
N00001538,386,386,0,0,0,0,0,0,0,0,0,0,0,386,0,0,0,0
N00001539,346,345,0,0,0,0,0,0,0,1,0,0,0,345,1,0,0,0
N00001540,408,399,0,0,4,0,0,0,1,0,0,4,0,399,1,4,4,0
N00001541,286,285,1,0,0,0,0,0,0,0,0,0,0,285,0,1,0,0
N00001542,324,320,0,0,1,0,0,0,0,0,0,3,0,320,0,1,3,0
N00001543,366,362,0,0,3,0,0,1,0,0,0,0,0,362,0,4,0,0
N00001544,280,280,0,0,0,0,0,0,0,0,0,0,0,280,0,0,0,0
N00001545,352,327,0,0,10,0,0,1,1,2,1,9,1,327,4,11,9,1
N00001546,352,346,0,0,4,0,0,0,0,1,0,1,0,346,1,4,1,0
N00001547,316,310,1,0,0,0,0,1,0,2,0,1,1,310,2,2,1,1
N00001548,317,308,1,0,2,0,0,1,0,2,0,3,0,308,2,4,3,0
N00001549,376,369,0,1,2,0,0,3,1,0,0,0,0,370,1,5,0,0
N00001550,213,197,3,0,7,0,0,0,1,2,0,3,0,197,3,10,3,0
N00001551,388,370,8,0,6,0,0,0,0,2,0,2,0,370,2,14,2,0
N00001552,376,369,0,1,4,0,0,0,0,1,0,1,0,370,1,4,1,0
N00001553,264,258,0,0,4,0,0,0,0,0,0,1,1,258,0,4,1,1
N00001554,326,319,0,0,3,0,0,0,0,1,1,2,0,319,2,3,2,0
N00001555,272,269,0,1,0,0,0,0,0,1,0,1,0,270,1,0,1,0
N00001556,211,211,0,0,0,0,0,0,0,0,0,0,0,211,0,0,0,0
N00001557,268,263,0,0,0,0,0,0,0,0,0,5,0,263,0,0,5,0
N00001558,247,247,0,0,0,0,0,0,0,0,0,0,0,247,0,0,0,0
N00001559,328,322,1,0,3,0,0,1,0,1,0,0,0,322,1,5,0,0
N00001560,266,261,1,0,0,0,0,4,0,0,0,0,0,261,0,5,0,0
N00001561,218,215,0,0,0,0,0,0,0,2,0,1,0,215,2,0,1,0
N00001562,215,214,0,0,0,0,0,1,0,0,0,0,0,214,0,1,0,0
N00001563,172,171,0,0,0,0,0,1,0,0,0,0,0,171,0,1,0,0
N00001564,352,348,0,0,0,0,0,0,1,1,0,0,2,348,2,0,0,2
N00001565,351,351,0,0,0,0,0,0,0,0,0,0,0,351,0,0,0,0
N00001566,387,383,0,0,0,0,0,0,0,1,0,2,1,383,1,0,2,1
N00001567,251,248,0,0,0,0,0,0,0,0,1,2,0,248,1,0,2,0
N00001568,297,294,0,0,2,0,0,1,0,0,0,0,0,294,0,3,0,0
N00001569,329,321,4,0,0,0,0,0,0,0,0,4,0,321,0,4,4,0
N00001570,1119,1100,0,12,0,0,0,5,0,1,0,0,1,1112,1,5,0,1
N00001571,493,489,0,1,0,0,0,0,0,0,0,3,0,490,0,0,3,0
N00001572,355,353,1,1,0,0,0,0,0,0,0,0,0,354,0,1,0,0
N00001573,444,438,1,3,0,0,0,1,0,0,0,1,0,441,0,2,1,0
N00001574,310,305,0,2,0,0,0,1,0,1,0,1,0,307,1,1,1,0
N00001575,317,315,0,1,0,0,0,0,0,1,0,0,0,316,1,0,0,0
N00001576,365,359,0,2,0,4,0,0,0,0,0,0,0,361,0,4,0,0
N00001577,364,363,0,0,0,0,0,0,0,0,1,0,0,363,1,0,0,0
N00001578,312,309,0,0,0,0,0,0,0,0,1,1,1,309,1,0,1,1
N00001579,317,297,7,0,0,0,0,2,0,0,1,9,1,297,1,9,9,1
N00001580,328,287,10,1,0,0,5,11,0,7,0,7,0,288,7,26,7,0
N00001581,306,296,3,0,0,0,0,0,0,2,1,3,1,296,3,3,3,1
N00001582,293,283,0,0,1,0,1,2,0,4,0,2,0,283,4,4,2,0
N00001583,234,219,1,0,4,0,0,3,0,4,0,2,1,219,4,8,2,1
N00001584,184,181,1,1,0,0,0,0,0,1,0,0,0,182,1,1,0,0
N00001585,444,384,20,1,9,1,0,21,1,3,0,3,1,385,4,51,3,1
N00001586,254,217,6,0,18,4,0,5,0,2,0,1,1,217,2,33,1,1
N00001587,333,282,2,0,19,1,0,20,0,0,0,1,8,282,0,42,1,8
N00001588,290,269,7,0,6,0,0,4,0,1,0,2,1,269,1,17,2,1
N00001589,318,301,1,0,2,0,0,6,0,1,2,3,2,301,3,9,3,2
N00001590,356,323,5,0,5,1,0,11,0,1,0,4,6,323,1,22,4,6
N00001591,275,236,8,0,6,5,0,6,0,4,0,7,3,236,4,25,7,3
N00001592,305,258,15,0,6,0,8,12,0,3,0,3,0,258,3,41,3,0
N00001593,518,440,16,1,21,5,1,20,0,1,0,7,6,441,1,63,7,6
N00001594,364,311,10,0,13,2,0,17,0,2,0,1,8,311,2,42,1,8
N00001595,289,242,16,1,6,0,0,18,0,0,0,4,2,243,0,40,4,2
N00001596,395,338,37,0,3,0,0,5,0,3,1,2,6,338,4,45,2,6
N00001597,271,217,8,0,12,0,10,14,0,2,0,3,5,217,2,44,3,5
N00001598,381,354,6,0,7,0,1,6,0,2,0,3,2,354,2,20,3,2
N00001599,445,407,13,0,9,0,0,8,0,2,0,3,3,407,2,30,3,3
N00001600,317,269,14,0,1,0,5,20,0,2,0,2,4,269,2,40,2,4
N00001601,277,249,15,0,1,0,3,2,0,1,0,5,1,249,1,21,5,1
N00001602,342,292,21,0,4,0,4,14,0,3,0,2,2,292,3,43,2,2
N00001603,305,292,2,0,2,0,0,5,0,2,0,2,0,292,2,9,2,0
N00001623,287,284,1,0,1,0,0,0,0,0,0,1,0,284,0,2,1,0
N00001624,150,148,0,0,1,0,0,0,0,0,1,0,0,148,1,1,0,0
N00001625,253,246,2,0,0,0,0,1,0,1,0,3,0,246,1,3,3,0
N00001626,236,236,0,0,0,0,0,0,0,0,0,0,0,236,0,0,0,0
N00001627,179,178,0,0,0,0,0,0,0,1,0,0,0,178,1,0,0,0
N00001628,248,246,1,0,0,0,0,1,0,0,0,0,0,246,0,2,0,0
N00001629,303,302,0,0,0,0,0,1,0,0,0,0,0,302,0,1,0,0
N00001630,214,211,0,0,0,0,0,0,0,0,0,3,0,211,0,0,3,0
N00001631,226,226,0,0,0,0,0,0,0,0,0,0,0,226,0,0,0,0
N00001632,244,243,0,0,0,0,0,0,0,0,0,1,0,243,0,0,1,0
N00001633,183,180,1,0,0,0,0,0,0,0,1,1,0,180,1,1,1,0
N00001634,229,228,0,0,0,1,0,0,0,0,0,0,0,228,0,1,0,0
N00001635,300,296,3,0,0,1,0,0,0,0,0,0,0,296,0,4,0,0
N00001636,170,168,1,0,0,0,0,0,0,0,0,1,0,168,0,1,1,0
N00001637,220,220,0,0,0,0,0,0,0,0,0,0,0,220,0,0,0,0
N00001638,252,250,0,0,1,0,0,0,0,0,1,0,0,250,1,1,0,0
N00001639,180,180,0,0,0,0,0,0,0,0,0,0,0,180,0,0,0,0
N00001640,214,213,0,0,0,0,0,0,0,0,0,1,0,213,0,0,1,0
N00001641,250,249,1,0,0,0,0,0,0,0,0,0,0,249,0,1,0,0
N00001642,299,298,0,1,0,0,0,0,0,0,0,0,0,299,0,0,0,0
N00001643,595,580,0,0,0,0,0,7,0,0,0,8,0,580,0,7,8,0
N00001644,329,325,4,0,0,0,0,0,0,0,0,0,0,325,0,4,0,0
N00001645,234,233,0,0,0,0,0,0,0,0,0,1,0,233,0,0,1,0
N00001646,352,350,0,0,0,0,0,0,0,0,0,1,1,350,0,0,1,1
N00001647,294,293,1,0,0,0,0,0,0,0,0,0,0,293,0,1,0,0
N00001648,316,308,4,0,0,0,0,4,0,0,0,0,0,308,0,8,0,0
N00001649,443,437,2,0,0,0,0,1,0,0,0,3,0,437,0,3,3,0
N00001650,305,292,3,0,4,0,0,0,0,0,0,5,1,292,0,7,5,1
N00001651,383,383,0,0,0,0,0,0,0,0,0,0,0,383,0,0,0,0
N00001652,396,391,3,0,1,0,0,0,0,0,0,1,0,391,0,4,1,0
N00001653,440,435,0,0,0,0,0,0,0,0,0,1,4,435,0,0,1,4
N00001654,385,379,5,0,0,0,0,0,0,0,0,0,1,379,0,5,0,1
N00001655,386,382,0,0,0,0,0,2,1,0,0,0,1,382,1,2,0,1
N00001656,234,234,0,0,0,0,0,0,0,0,0,0,0,234,0,0,0,0
N00001657,292,282,4,0,0,0,0,0,0,0,0,6,0,282,0,4,6,0
N00001658,209,209,0,0,0,0,0,0,0,0,0,0,0,209,0,0,0,0
N00001659,248,248,0,0,0,0,0,0,0,0,0,0,0,248,0,0,0,0
N00001660,294,293,0,0,0,0,0,0,0,0,0,1,0,293,0,0,1,0
N00001661,373,371,0,0,0,0,1,0,0,0,0,0,1,371,0,1,0,1
N00001662,325,325,0,0,0,0,0,0,0,0,0,0,0,325,0,0,0,0
N00001663,316,314,0,0,0,0,0,0,0,2,0,0,0,314,2,0,0,0
N00001664,325,319,0,0,0,5,0,0,0,0,0,1,0,319,0,5,1,0
N00001665,370,369,0,0,0,0,0,0,0,0,0,0,1,369,0,0,0,1
N00001666,340,338,0,0,0,0,0,0,0,0,0,2,0,338,0,0,2,0
N00001667,301,301,0,0,0,0,0,0,0,0,0,0,0,301,0,0,0,0
N00001668,391,391,0,0,0,0,0,0,0,0,0,0,0,391,0,0,0,0
N00001669,326,318,4,0,0,0,0,1,0,0,0,1,2,318,0,5,1,2
N00001670,263,260,0,0,2,0,0,0,0,0,0,1,0,260,0,2,1,0
N00001671,302,301,1,0,0,0,0,0,0,0,0,0,0,301,0,1,0,0
N00001672,368,368,0,0,0,0,0,0,0,0,0,0,0,368,0,0,0,0
N00001673,447,441,1,1,2,0,0,0,0,0,0,2,0,442,0,3,2,0
N00001674,248,247,0,0,0,0,0,1,0,0,0,0,0,247,0,1,0,0
N00001675,279,278,0,0,0,0,0,0,0,0,0,1,0,278,0,0,1,0
N00001676,264,263,0,0,0,0,0,0,0,0,0,1,0,263,0,0,1,0
N00001677,552,543,1,0,0,0,0,0,0,0,0,8,0,543,0,1,8,0
N00001678,435,432,0,0,0,0,0,1,0,1,0,1,0,432,1,1,1,0
N00001679,404,401,0,0,0,0,0,1,0,0,0,2,0,401,0,1,2,0
N00001680,540,532,4,0,0,0,0,0,0,0,0,4,0,532,0,4,4,0
N00001681,300,298,1,0,0,0,0,0,0,0,0,0,1,298,0,1,0,1
N00001682,324,323,0,0,0,0,0,0,0,0,0,0,1,323,0,0,0,1
N00001683,388,382,0,0,0,0,0,2,0,0,0,4,0,382,0,2,4,0
N00001684,930,912,1,0,4,6,0,1,0,0,0,6,0,912,0,12,6,0
N00001685,337,337,0,0,0,0,0,0,0,0,0,0,0,337,0,0,0,0
N00001686,279,269,0,0,0,0,0,4,0,0,3,3,0,269,3,4,3,0
N00001687,308,303,0,0,1,0,0,1,0,0,0,3,0,303,0,2,3,0
N00001688,361,358,0,0,3,0,0,0,0,0,0,0,0,358,0,3,0,0
N00001689,246,244,0,1,0,0,0,0,0,0,1,0,0,245,1,0,0,0
N00001690,352,345,0,0,0,0,0,0,0,3,0,1,3,345,3,0,1,3
N00001691,280,276,0,0,1,1,0,0,0,0,0,2,0,276,0,2,2,0
N00001692,254,250,0,0,1,0,0,0,0,0,0,3,0,250,0,1,3,0
N00001693,311,311,0,0,0,0,0,0,0,0,0,0,0,311,0,0,0,0
N00001694,293,289,4,0,0,0,0,0,0,0,0,0,0,289,0,4,0,0
N00001695,414,407,3,0,0,0,0,0,0,1,0,3,0,407,1,3,3,0
N00001696,379,371,1,0,0,0,0,0,0,1,0,6,0,371,1,1,6,0
N00001697,298,292,4,0,0,1,0,1,0,0,0,0,0,292,0,6,0,0
N00001698,269,264,3,0,0,1,0,1,0,0,0,0,0,264,0,5,0,0
N00001699,395,385,3,0,1,0,0,3,0,0,0,3,0,385,0,7,3,0
N00001700,260,259,1,0,0,0,0,0,0,0,0,0,0,259,0,1,0,0
N00001701,198,195,2,0,0,0,0,0,0,0,0,0,1,195,0,2,0,1
N00001702,338,330,1,0,0,0,4,0,0,0,0,3,0,330,0,5,3,0
N00001703,1033,1007,15,0,3,0,0,0,1,0,0,2,5,1007,1,18,2,5
N00001704,829,799,3,0,6,0,0,5,0,8,0,7,1,799,8,14,7,1
N00001705,222,209,4,0,4,0,0,0,0,0,0,4,1,209,0,8,4,1
N00001706,465,464,0,0,0,0,0,1,0,0,0,0,0,464,0,1,0,0
N00001707,395,387,0,0,0,0,0,0,0,0,3,5,0,387,3,0,5,0
N00001708,674,668,0,0,0,0,0,2,0,1,1,2,0,668,2,2,2,0
N00001709,252,252,0,0,0,0,0,0,0,0,0,0,0,252,0,0,0,0
N00001710,341,341,0,0,0,0,0,0,0,0,0,0,0,341,0,0,0,0
N00001711,362,357,0,0,0,0,0,5,0,0,0,0,0,357,0,5,0,0
N00001712,387,386,0,0,0,0,0,1,0,0,0,0,0,386,0,1,0,0
N00001713,207,207,0,0,0,0,0,0,0,0,0,0,0,207,0,0,0,0
N00001714,536,531,0,0,0,0,0,1,1,0,0,3,0,531,1,1,3,0
N00001715,287,286,0,0,0,0,0,0,0,0,0,1,0,286,0,0,1,0
N00001716,303,300,1,0,1,0,0,0,0,0,0,0,1,300,0,2,0,1
N00001717,352,345,1,0,4,0,0,1,0,0,0,1,0,345,0,6,1,0
N00001718,288,286,1,0,0,0,0,0,0,0,0,1,0,286,0,1,1,0
N00001719,320,317,0,0,0,0,0,0,0,0,0,3,0,317,0,0,3,0
N00001720,289,287,2,0,0,0,0,0,0,0,0,0,0,287,0,2,0,0
N00001721,279,279,0,0,0,0,0,0,0,0,0,0,0,279,0,0,0,0
N00001722,335,333,0,0,0,0,0,0,0,0,0,2,0,333,0,0,2,0
N00001723,289,288,0,0,0,0,0,0,0,0,0,1,0,288,0,0,1,0
N00001724,244,242,0,0,0,0,0,0,0,2,0,0,0,242,2,0,0,0
N00001725,260,259,0,0,0,0,0,0,0,0,0,1,0,259,0,0,1,0
N00001726,263,258,0,0,1,0,0,3,0,0,0,1,0,258,0,4,1,0
N00001727,222,217,0,0,0,0,0,0,0,0,0,5,0,217,0,0,5,0
N00001728,292,290,0,0,0,0,0,0,0,0,0,2,0,290,0,0,2,0
N00001729,312,311,0,0,0,0,0,0,0,0,0,1,0,311,0,0,1,0
N00001730,214,212,0,0,0,0,0,0,0,1,0,1,0,212,1,0,1,0
N00001731,227,226,0,0,0,0,0,0,0,1,0,0,0,226,1,0,0,0
N00001732,1089,1055,0,0,8,0,0,3,0,7,0,15,1,1055,7,11,15,1
N00001733,282,280,0,0,0,0,0,0,0,0,0,2,0,280,0,0,2,0
N00001734,287,283,0,0,3,0,0,0,0,0,0,1,0,283,0,3,1,0
N00001735,268,268,0,0,0,0,0,0,0,0,0,0,0,268,0,0,0,0
N00001736,352,350,0,0,1,0,0,0,0,0,0,1,0,350,0,1,1,0
N00001737,352,349,0,0,0,0,0,1,0,0,1,1,0,349,1,1,1,0
N00001738,317,315,1,0,0,0,0,0,0,0,0,0,1,315,0,1,0,1
N00001739,352,342,0,0,1,0,0,5,0,2,0,2,0,342,2,6,2,0
N00001740,694,681,0,0,11,0,0,0,0,0,0,2,0,681,0,11,2,0
N00001741,284,273,0,0,6,0,0,0,0,0,0,4,1,273,0,6,4,1
N00001742,229,225,0,0,3,0,0,1,0,0,0,0,0,225,0,4,0,0
N00001743,283,274,1,0,4,0,0,1,0,0,0,3,0,274,0,6,3,0
N00001744,325,325,0,0,0,0,0,0,0,0,0,0,0,325,0,0,0,0
N00001745,336,334,1,1,0,0,0,0,0,0,0,0,0,335,0,1,0,0
N00001746,295,291,1,0,0,0,0,0,0,0,0,3,0,291,0,1,3,0
N00001747,742,734,0,0,1,2,0,0,0,1,0,4,0,734,1,3,4,0
N00001748,456,456,0,0,0,0,0,0,0,0,0,0,0,456,0,0,0,0
N00001749,325,325,0,0,0,0,0,0,0,0,0,0,0,325,0,0,0,0
N00001948,216,216,0,0,0,0,0,0,0,0,0,0,0,216,0,0,0,0
N00001949,685,682,0,0,0,0,0,0,0,1,0,2,0,682,1,0,2,0
N00001950,230,228,0,0,0,0,0,0,0,0,0,0,2,228,0,0,0,2
N00001951,238,237,0,0,0,0,1,0,0,0,0,0,0,237,0,1,0,0
N00001952,266,265,0,0,0,0,0,0,0,0,0,0,1,265,0,0,0,1
N00001953,200,199,0,0,0,0,0,0,0,0,0,1,0,199,0,0,1,0
N00001954,254,253,0,0,0,0,0,0,0,0,0,1,0,253,0,0,1,0
N00001955,285,282,0,0,0,0,0,0,0,1,0,2,0,282,1,0,2,0
N00001956,207,200,7,0,0,0,0,0,0,0,0,0,0,200,0,7,0,0
N00001957,294,289,5,0,0,0,0,0,0,0,0,0,0,289,0,5,0,0
N00001958,326,326,0,0,0,0,0,0,0,0,0,0,0,326,0,0,0,0
N00001959,261,258,2,0,0,0,0,0,0,0,0,0,1,258,0,2,0,1
N00001960,318,318,0,0,0,0,0,0,0,0,0,0,0,318,0,0,0,0
N00001961,419,409,3,0,0,0,0,1,0,0,0,3,3,409,0,4,3,3
N00001962,209,206,3,0,0,0,0,0,0,0,0,0,0,206,0,3,0,0
N00001963,167,165,1,0,0,0,0,0,0,0,0,1,0,165,0,1,1,0
N00001964,269,269,0,0,0,0,0,0,0,0,0,0,0,269,0,0,0,0
N00001973,321,314,5,0,1,0,0,1,0,0,0,0,0,314,0,7,0,0
N00001974,179,163,9,0,1,0,0,4,0,1,0,1,0,163,1,14,1,0
N00001975,364,347,9,0,0,0,0,4,0,1,0,3,0,347,1,13,3,0
N00001976,427,422,4,0,0,0,0,0,0,0,0,1,0,422,0,4,1,0
N00001977,251,246,3,0,0,0,0,0,0,0,0,1,1,246,0,3,1,1
N00001978,293,284,3,0,1,0,0,0,0,0,0,5,0,284,0,4,5,0
N00001986,456,447,0,0,0,0,0,2,0,2,4,0,1,447,6,2,0,1
N00001987,400,395,0,0,0,0,0,4,0,0,0,1,0,395,0,4,1,0
N00001988,344,341,1,0,0,0,0,2,0,0,0,0,0,341,0,3,0,0
N00001989,368,361,0,0,0,0,0,0,0,0,0,7,0,361,0,0,7,0
N00001990,261,260,0,0,0,0,0,0,0,0,0,1,0,260,0,0,1,0
N00001991,320,319,0,0,0,1,0,0,0,0,0,0,0,319,0,1,0,0
N00001992,267,262,0,0,0,0,0,3,0,0,0,2,0,262,0,3,2,0
N00001993,249,245,0,0,0,0,0,0,0,0,0,3,1,245,0,0,3,1
N00001994,355,354,0,0,0,0,0,0,0,0,0,1,0,354,0,0,1,0
N00001995,335,335,0,0,0,0,0,0,0,0,0,0,0,335,0,0,0,0
N00001996,319,316,0,0,0,0,0,1,0,0,0,2,0,316,0,1,2,0
N00001997,368,366,0,0,0,0,0,0,0,0,0,1,1,366,0,0,1,1
N00001998,262,262,0,0,0,0,0,0,0,0,0,0,0,262,0,0,0,0
N00001999,1298,1280,3,3,3,0,0,8,0,1,0,0,0,1283,1,14,0,0
N00002000,339,339,0,0,0,0,0,0,0,0,0,0,0,339,0,0,0,0
N00002001,376,375,0,0,0,0,0,0,0,0,0,1,0,375,0,0,1,0
N00002002,300,299,0,0,0,0,0,0,0,0,0,1,0,299,0,0,1,0
N00002003,291,286,0,0,0,0,0,0,0,0,2,3,0,286,2,0,3,0
N00002004,370,362,0,0,0,5,1,1,0,0,0,0,1,362,0,7,0,1
N00002005,186,185,1,0,0,0,0,0,0,0,0,0,0,185,0,1,0,0
N00002006,245,242,0,0,0,0,0,0,0,0,0,3,0,242,0,0,3,0
N00002007,222,219,0,0,2,0,0,0,0,1,0,0,0,219,1,2,0,0
N00002014,974,966,1,1,2,0,0,0,0,1,0,1,2,967,1,3,1,2
N00002015,292,291,0,0,0,0,0,0,0,0,0,0,1,291,0,0,0,1
N00002016,252,250,0,0,1,0,0,0,0,0,0,1,0,250,0,1,1,0
N00002017,303,300,0,0,3,0,0,0,0,0,0,0,0,300,0,3,0,0
N00002018,1387,1351,16,1,2,0,1,3,0,1,0,12,0,1352,1,22,12,0
N00002019,253,252,0,0,0,0,0,0,0,0,0,1,0,252,0,0,1,0
N00002020,309,307,0,0,0,0,0,0,0,0,0,2,0,307,0,0,2,0
N00002028,1232,1196,1,0,6,0,1,18,0,0,1,5,4,1196,1,26,5,4
N00002029,582,567,1,1,8,0,0,0,0,0,0,4,1,568,0,9,4,1
N00002030,330,323,3,0,0,0,0,0,0,0,0,0,4,323,0,3,0,4
N00002031,350,344,2,0,0,4,0,0,0,0,0,0,0,344,0,6,0,0
N00002032,499,484,2,0,2,0,0,4,0,0,1,5,1,484,1,8,5,1
N00002033,249,248,0,0,1,0,0,0,0,0,0,0,0,248,0,1,0,0
N00002034,312,306,2,0,1,0,0,0,0,1,0,1,1,306,1,3,1,1
N00002035,341,333,0,0,4,3,0,1,0,0,0,0,0,333,0,8,0,0
N00002042,269,264,0,0,1,0,0,0,0,3,0,1,0,264,3,1,1,0
N00002043,350,317,6,0,3,11,0,5,0,5,0,2,1,317,5,25,2,1
N00002044,555,542,4,0,2,0,3,2,0,0,0,2,0,542,0,11,2,0
N00002045,436,424,0,0,3,0,0,3,0,5,0,1,0,424,5,6,1,0
N00002046,269,264,0,0,0,0,0,2,1,0,0,2,0,264,1,2,2,0
N00002047,222,222,0,0,0,0,0,0,0,0,0,0,0,222,0,0,0,0
N00002048,202,196,0,0,0,0,0,6,0,0,0,0,0,196,0,6,0,0
N00002049,218,217,0,0,0,0,0,0,0,0,0,0,1,217,0,0,0,1
N00002050,189,189,0,0,0,0,0,0,0,0,0,0,0,189,0,0,0,0
N00002051,495,483,0,0,0,0,0,2,1,1,0,7,1,483,2,2,7,1
N00002052,241,235,0,0,0,1,0,0,0,0,0,5,0,235,0,1,5,0
N00002053,232,226,0,0,0,0,1,1,0,4,0,0,0,226,4,2,0,0
N00002059,257,257,0,0,0,0,0,0,0,0,0,0,0,257,0,0,0,0
N00002060,879,854,9,0,4,0,0,5,0,1,0,5,1,854,1,18,5,1
N00002061,670,661,4,0,1,0,0,1,0,0,0,1,2,661,0,6,1,2
N00002062,226,226,0,0,0,0,0,0,0,0,0,0,0,226,0,0,0,0
N00002063,352,346,0,0,1,0,0,1,0,0,0,3,1,346,0,2,3,1
N00002064,704,690,1,1,0,2,0,1,0,2,0,7,0,691,2,4,7,0
N00002065,270,267,0,0,0,0,0,3,0,0,0,0,0,267,0,3,0,0
N00002066,364,356,0,0,0,2,0,1,0,0,0,5,0,356,0,3,5,0
N00002067,1004,991,1,0,5,0,0,2,0,0,0,3,2,991,0,8,3,2
N00002068,248,245,0,0,2,0,0,1,0,0,0,0,0,245,0,3,0,0
N00002078,266,263,1,0,1,0,0,0,0,0,0,1,0,263,0,2,1,0
N00002079,654,620,6,0,3,0,0,2,0,15,0,0,8,620,15,11,0,8
N00002080,321,317,1,0,0,0,0,0,0,1,0,2,0,317,1,1,2,0
N00002081,282,275,0,0,0,0,0,3,0,0,0,2,2,275,0,3,2,2
N00002082,1350,1271,44,2,19,1,0,0,0,3,0,6,4,1273,3,64,6,4
N00003067,316,316,0,0,0,0,0,0,0,0,0,0,0,316,0,0,0,0
N00003068,189,188,0,0,0,0,0,0,0,0,1,0,0,188,1,0,0,0
N00003069,258,258,0,0,0,0,0,0,0,0,0,0,0,258,0,0,0,0
N00003070,261,260,0,0,0,0,0,0,0,0,0,0,1,260,0,0,0,1
N00003071,247,246,1,0,0,0,0,0,0,0,0,0,0,246,0,1,0,0
N00003072,212,210,2,0,0,0,0,0,0,0,0,0,0,210,0,2,0,0
N00003073,399,395,3,0,0,0,0,0,1,0,0,0,0,395,1,3,0,0
N00003074,487,484,1,0,0,0,0,0,0,1,0,1,0,484,1,1,1,0
N00003075,286,284,0,0,0,0,0,0,0,0,0,2,0,284,0,0,2,0
N00003076,521,516,0,0,0,0,0,1,0,0,0,3,1,516,0,1,3,1
N00003077,366,357,1,1,0,2,0,1,0,0,0,4,0,358,0,4,4,0
N00003078,523,515,0,0,0,0,0,0,0,0,0,7,1,515,0,0,7,1
N00003079,298,298,0,0,0,0,0,0,0,0,0,0,0,298,0,0,0,0
N00003080,234,227,3,0,1,0,0,0,0,0,0,3,0,227,0,4,3,0
N00003081,118,118,0,0,0,0,0,0,0,0,0,0,0,118,0,0,0,0
N00003082,231,229,1,0,0,0,0,0,0,0,0,1,0,229,0,1,1,0
N00003083,215,212,2,0,0,0,0,0,0,0,0,1,0,212,0,2,1,0
N00003084,320,311,2,0,0,0,0,4,0,0,0,3,0,311,0,6,3,0
N00003085,264,263,0,0,0,0,0,0,0,0,0,1,0,263,0,0,1,0
N00003086,250,250,0,0,0,0,0,0,0,0,0,0,0,250,0,0,0,0
N00003087,343,342,1,0,0,0,0,0,0,0,0,0,0,342,0,1,0,0
N00003088,148,148,0,0,0,0,0,0,0,0,0,0,0,148,0,0,0,0
N00003089,310,307,1,0,0,0,0,0,0,0,0,2,0,307,0,1,2,0
N00003090,344,343,0,0,0,0,0,0,0,0,0,1,0,343,0,0,1,0
N00003091,401,401,0,0,0,0,0,0,0,0,0,0,0,401,0,0,0,0
N00003092,235,235,0,0,0,0,0,0,0,0,0,0,0,235,0,0,0,0
N00003093,484,480,0,0,1,0,0,0,0,0,0,3,0,480,0,1,3,0
N00003094,273,267,0,0,0,0,0,0,1,0,1,4,0,267,2,0,4,0
N00003095,301,297,1,0,0,0,0,0,0,0,0,3,0,297,0,1,3,0
N00003096,270,269,0,1,0,0,0,0,0,0,0,0,0,270,0,0,0,0
N00003097,567,566,0,1,0,0,0,0,0,0,0,0,0,567,0,0,0,0
N00003098,747,741,0,0,4,0,0,0,0,0,0,1,1,741,0,4,1,1
N00003099,322,322,0,0,0,0,0,0,0,0,0,0,0,322,0,0,0,0
N00003100,331,331,0,0,0,0,0,0,0,0,0,0,0,331,0,0,0,0
N00003101,301,301,0,0,0,0,0,0,0,0,0,0,0,301,0,0,0,0
N00003102,340,340,0,0,0,0,0,0,0,0,0,0,0,340,0,0,0,0
N00003103,264,263,0,0,0,0,0,1,0,0,0,0,0,263,0,1,0,0
N00003104,254,253,0,0,0,0,0,0,1,0,0,0,0,253,1,0,0,0
N00003105,382,380,0,0,0,0,0,0,1,0,0,1,0,380,1,0,1,0
N00003106,198,198,0,0,0,0,0,0,0,0,0,0,0,198,0,0,0,0
N00003107,202,202,0,0,0,0,0,0,0,0,0,0,0,202,0,0,0,0
N00003108,251,250,0,0,1,0,0,0,0,0,0,0,0,250,0,1,0,0
N00003109,266,261,3,0,0,0,1,1,0,0,0,0,0,261,0,5,0,0
N00003110,221,221,0,0,0,0,0,0,0,0,0,0,0,221,0,0,0,0
N00003111,199,199,0,0,0,0,0,0,0,0,0,0,0,199,0,0,0,0
N00003112,254,254,0,0,0,0,0,0,0,0,0,0,0,254,0,0,0,0
N00003113,264,264,0,0,0,0,0,0,0,0,0,0,0,264,0,0,0,0
N00003114,281,281,0,0,0,0,0,0,0,0,0,0,0,281,0,0,0,0
N00003115,236,235,0,0,1,0,0,0,0,0,0,0,0,235,0,1,0,0
N00003116,313,310,0,0,0,0,0,0,1,0,0,2,0,310,1,0,2,0
N00003117,265,264,0,0,0,0,0,0,0,0,0,1,0,264,0,0,1,0
N00003118,196,195,0,0,0,0,0,0,0,0,0,1,0,195,0,0,1,0
N00003119,251,251,0,0,0,0,0,0,0,0,0,0,0,251,0,0,0,0
N00003120,323,321,2,0,0,0,0,0,0,0,0,0,0,321,0,2,0,0
N00003121,315,315,0,0,0,0,0,0,0,0,0,0,0,315,0,0,0,0
N00003122,253,248,4,0,0,0,0,0,0,0,0,1,0,248,0,4,1,0
N00003123,364,363,1,0,0,0,0,0,0,0,0,0,0,363,0,1,0,0
N00003124,314,313,0,0,0,0,0,0,0,0,0,1,0,313,0,0,1,0
N00003125,292,292,0,0,0,0,0,0,0,0,0,0,0,292,0,0,0,0
N00003126,447,446,0,1,0,0,0,0,0,0,0,0,0,447,0,0,0,0
N00003127,434,433,0,1,0,0,0,0,0,0,0,0,0,434,0,0,0,0
N00003128,283,282,0,0,0,0,0,0,0,0,0,1,0,282,0,0,1,0
N00003129,322,322,0,0,0,0,0,0,0,0,0,0,0,322,0,0,0,0
N00003130,302,302,0,0,0,0,0,0,0,0,0,0,0,302,0,0,0,0
N00003131,823,823,0,0,0,0,0,0,0,0,0,0,0,823,0,0,0,0
N00003132,297,297,0,0,0,0,0,0,0,0,0,0,0,297,0,0,0,0
N00003133,379,375,0,0,1,0,0,0,0,0,0,3,0,375,0,1,3,0
N00003134,298,297,0,0,0,0,0,0,0,0,0,1,0,297,0,0,1,0
N00003135,149,149,0,0,0,0,0,0,0,0,0,0,0,149,0,0,0,0
N00003136,369,366,0,1,2,0,0,0,0,0,0,0,0,367,0,2,0,0
N00003137,320,310,4,0,4,0,0,0,0,1,0,1,0,310,1,8,1,0
N00003138,296,296,0,0,0,0,0,0,0,0,0,0,0,296,0,0,0,0
N00003139,414,414,0,0,0,0,0,0,0,0,0,0,0,414,0,0,0,0
N00003140,330,328,0,0,0,0,0,0,0,1,0,1,0,328,1,0,1,0
N00003141,357,357,0,0,0,0,0,0,0,0,0,0,0,357,0,0,0,0
N00003142,896,889,0,0,0,0,0,1,0,1,0,4,1,889,1,1,4,1
N00003143,293,288,0,0,0,0,0,0,0,1,0,3,1,288,1,0,3,1
N00003144,278,278,0,0,0,0,0,0,0,0,0,0,0,278,0,0,0,0
N00003145,1350,1348,0,0,0,0,0,1,0,1,0,0,0,1348,1,1,0,0
N00003146,403,394,3,0,0,0,0,0,0,0,0,6,0,394,0,3,6,0
N00003147,1029,1023,0,0,1,0,0,1,0,0,0,4,0,1023,0,2,4,0
N00003148,327,326,0,0,0,0,0,0,0,0,0,1,0,326,0,0,1,0
N00003149,551,551,0,0,0,0,0,0,0,0,0,0,0,551,0,0,0,0
N00003150,368,366,2,0,0,0,0,0,0,0,0,0,0,366,0,2,0,0
N00003151,269,269,0,0,0,0,0,0,0,0,0,0,0,269,0,0,0,0
N00003152,399,398,1,0,0,0,0,0,0,0,0,0,0,398,0,1,0,0
N00003153,369,369,0,0,0,0,0,0,0,0,0,0,0,369,0,0,0,0
N00003154,365,364,0,1,0,0,0,0,0,0,0,0,0,365,0,0,0,0
N00003155,249,248,1,0,0,0,0,0,0,0,0,0,0,248,0,1,0,0
N00003156,232,218,5,0,7,1,0,1,0,0,0,0,0,218,0,14,0,0
N00003157,237,231,3,0,3,0,0,0,0,0,0,0,0,231,0,6,0,0
N00003158,228,228,0,0,0,0,0,0,0,0,0,0,0,228,0,0,0,0
N00003159,410,399,6,0,4,0,0,0,0,0,0,1,0,399,0,10,1,0
N00003160,237,237,0,0,0,0,0,0,0,0,0,0,0,237,0,0,0,0
N00003240,792,781,0,7,0,0,0,0,0,3,1,0,0,788,4,0,0,0
N00003241,377,372,0,0,0,1,0,0,0,0,0,4,0,372,0,1,4,0
N00003242,319,318,0,0,0,0,0,0,0,0,1,0,0,318,1,0,0,0
N00003243,444,444,0,0,0,0,0,0,0,0,0,0,0,444,0,0,0,0
N00003244,331,328,0,0,1,0,0,0,0,0,0,2,0,328,0,1,2,0
N00003245,476,473,0,0,0,0,0,0,1,0,0,1,1,473,1,0,1,1
N00003247,820,813,1,0,0,0,0,0,0,0,0,6,0,813,0,1,6,0
N00003248,347,343,0,0,0,0,0,1,0,1,0,2,0,343,1,1,2,0
N00003249,412,412,0,0,0,0,0,0,0,0,0,0,0,412,0,0,0,0
N00003250,309,304,0,0,0,4,0,0,0,1,0,0,0,304,1,4,0,0
N00003251,308,306,0,0,0,0,0,2,0,0,0,0,0,306,0,2,0,0
N00003252,346,346,0,0,0,0,0,0,0,0,0,0,0,346,0,0,0,0
N00003253,299,297,0,0,0,0,0,0,0,0,2,0,0,297,2,0,0,0
N00003254,247,244,0,0,0,0,0,0,0,3,0,0,0,244,3,0,0,0
N00003255,354,345,0,0,0,0,0,0,0,0,1,4,4,345,1,0,4,4
N00003256,370,364,3,0,0,0,0,0,0,0,0,2,1,364,0,3,2,1
N00003257,344,343,0,0,0,0,0,1,0,0,0,0,0,343,0,1,0,0
N00003258,547,538,4,0,0,5,0,0,0,0,0,0,0,538,0,9,0,0
N00003259,323,315,0,0,1,0,0,1,0,0,0,5,1,315,0,2,5,1
N00003260,384,375,0,0,9,0,0,0,0,0,0,0,0,375,0,9,0,0
N00003261,456,439,11,0,5,0,0,0,0,0,0,1,0,439,0,16,1,0
N00003271,603,599,1,0,0,0,0,2,0,0,0,1,0,599,0,3,1,0
N00003272,613,594,13,1,3,0,0,0,0,0,0,2,0,595,0,16,2,0
N00003273,832,814,8,0,4,0,0,3,0,0,0,3,0,814,0,15,3,0
N00003274,277,276,1,0,0,0,0,0,0,0,0,0,0,276,0,1,0,0
N00003275,202,193,0,0,5,3,0,0,0,0,0,1,0,193,0,8,1,0
N00003276,557,533,17,0,5,0,0,0,0,0,1,1,0,533,1,22,1,0
N00003277,457,449,4,0,1,0,0,1,0,0,0,2,0,449,0,6,2,0
N00003278,430,407,16,0,6,0,0,0,0,0,0,1,0,407,0,22,1,0
N00003279,239,238,0,0,1,0,0,0,0,0,0,0,0,238,0,1,0,0
N00003280,895,881,8,0,1,0,0,1,0,1,0,1,2,881,1,10,1,2
N00003281,355,342,9,0,4,0,0,0,0,0,0,0,0,342,0,13,0,0
N00003282,2112,2065,16,0,13,0,1,1,0,5,0,8,3,2065,5,31,8,3
N00003283,253,242,1,0,1,0,0,1,0,1,0,7,0,242,1,3,7,0
N00003284,284,279,1,0,3,0,0,0,0,1,0,0,0,279,1,4,0,0
N00003285,241,240,0,0,0,0,0,0,0,0,0,1,0,240,0,0,1,0
N00003286,250,247,0,0,1,0,0,1,0,0,0,1,0,247,0,2,1,0
N00003287,257,257,0,0,0,0,0,0,0,0,0,0,0,257,0,0,0,0
N00003288,287,282,0,0,4,1,0,0,0,0,0,0,0,282,0,5,0,0
N00003289,311,307,3,0,0,0,0,1,0,0,0,0,0,307,0,4,0,0
N00003290,499,484,1,0,0,0,0,0,0,0,0,9,5,484,0,1,9,5
N00003291,694,685,9,0,0,0,0,0,0,0,0,0,0,685,0,9,0,0
N00003292,299,286,0,0,4,1,0,2,0,0,0,4,2,286,0,7,4,2
N00003293,350,345,0,3,0,0,0,0,0,1,0,1,0,348,1,0,1,0
N00003294,344,338,1,4,1,0,0,0,0,0,0,0,0,342,0,2,0,0
N00003295,871,849,0,9,5,0,0,0,0,3,0,4,1,858,3,5,4,1
N00003296,373,371,0,1,0,0,0,0,0,0,0,0,1,372,0,0,0,1
N00003297,402,400,0,0,0,0,0,1,0,0,0,0,1,400,0,1,0,1
N00003298,616,598,0,7,0,0,0,1,0,6,0,4,0,605,6,1,4,0
N00003299,720,714,0,4,0,0,0,0,0,0,1,1,0,718,1,0,1,0
N00003300,254,252,0,0,0,0,0,0,0,0,0,2,0,252,0,0,2,0
N00003301,308,307,0,1,0,0,0,0,0,0,0,0,0,308,0,0,0,0
N00003302,498,492,0,5,0,0,0,0,0,0,0,0,1,497,0,0,0,1
N00003303,396,389,0,2,3,1,0,0,0,0,1,0,0,391,1,4,0,0
N00003304,293,291,0,0,0,0,0,0,0,1,0,1,0,291,1,0,1,0
N00003305,474,462,0,12,0,0,0,0,0,0,0,0,0,474,0,0,0,0
N00003306,700,689,1,4,1,0,0,0,0,0,0,5,0,693,0,2,5,0
N00003307,562,541,7,2,0,0,5,0,0,0,0,6,1,543,0,12,6,1
N00003308,3075,3045,5,10,3,0,0,1,0,1,1,6,3,3055,2,9,6,3
N00003309,303,297,2,0,0,0,0,1,0,0,0,2,1,297,0,3,2,1
N00003310,321,321,0,0,0,0,0,0,0,0,0,0,0,321,0,0,0,0
N00003311,1274,1263,2,1,0,0,0,4,0,1,0,3,0,1264,1,6,3,0
N00003312,423,421,0,0,0,1,0,1,0,0,0,0,0,421,0,2,0,0
N00003313,1435,1372,14,0,16,0,0,9,1,8,4,10,1,1372,13,39,10,1
N00003314,777,756,7,0,6,0,0,2,0,4,0,1,1,756,4,15,1,1
N00003315,201,200,0,0,0,0,0,0,0,0,0,1,0,200,0,0,1,0
N00003316,393,392,0,0,0,0,0,0,0,0,0,0,1,392,0,0,0,1
N00003337,302,294,0,0,0,0,0,0,0,0,0,8,0,294,0,0,8,0
N00003338,248,248,0,0,0,0,0,0,0,0,0,0,0,248,0,0,0,0
N00003339,414,393,0,0,10,0,0,1,0,1,0,8,1,393,1,11,8,1
N00003340,272,268,0,0,0,0,0,0,0,0,0,4,0,268,0,0,4,0
N00003341,302,294,0,0,3,0,0,0,0,0,1,1,3,294,1,3,1,3
N00003342,367,364,0,1,0,0,0,0,0,0,0,2,0,365,0,0,2,0
N00003343,294,287,0,0,4,0,0,2,0,0,0,1,0,287,0,6,1,0
N00003344,288,288,0,0,0,0,0,0,0,0,0,0,0,288,0,0,0,0
N00003345,360,360,0,0,0,0,0,0,0,0,0,0,0,360,0,0,0,0
N00003346,480,480,0,0,0,0,0,0,0,0,0,0,0,480,0,0,0,0
N00003347,453,453,0,0,0,0,0,0,0,0,0,0,0,453,0,0,0,0
N00003348,599,598,0,0,0,0,0,0,0,0,1,0,0,598,1,0,0,0
N00003349,1063,1055,0,0,0,0,0,0,0,1,0,6,1,1055,1,0,6,1
N00003350,595,590,3,0,0,0,0,0,0,0,0,1,1,590,0,3,1,1
N00003351,413,413,0,0,0,0,0,0,0,0,0,0,0,413,0,0,0,0
N00003352,461,461,0,0,0,0,0,0,0,0,0,0,0,461,0,0,0,0
N00003353,414,408,5,0,1,0,0,0,0,0,0,0,0,408,0,6,0,0
N00003354,508,499,0,0,0,1,0,0,0,3,0,5,0,499,3,1,5,0
N00003355,492,490,2,0,0,0,0,0,0,0,0,0,0,490,0,2,0,0
N00003356,618,605,0,0,1,3,0,0,0,3,0,5,1,605,3,4,5,1
N00003357,336,334,1,0,0,0,0,0,0,0,0,1,0,334,0,1,1,0
N00003358,423,419,1,0,0,0,0,0,0,0,0,3,0,419,0,1,3,0
N00003359,374,374,0,0,0,0,0,0,0,0,0,0,0,374,0,0,0,0
N00003360,212,204,3,0,0,0,0,1,0,0,0,4,0,204,0,4,4,0
N00003361,279,271,0,0,4,0,0,0,0,4,0,0,0,271,4,4,0,0
N00003362,358,350,1,0,0,0,0,0,0,1,0,0,6,350,1,1,0,6
N00003363,706,696,3,0,0,0,0,1,0,0,0,6,0,696,0,4,6,0
N00003364,408,397,2,0,0,0,0,0,0,0,0,0,9,397,0,2,0,9
N00003365,470,456,5,0,0,0,0,5,0,0,0,4,0,456,0,10,4,0
N00003366,293,285,1,0,4,0,0,0,0,1,0,2,0,285,1,5,2,0
N00003367,328,318,1,0,1,0,0,3,0,5,0,0,0,318,5,5,0,0
N00003368,289,273,0,1,5,0,0,0,0,0,0,10,0,274,0,5,10,0
N00003369,284,275,1,0,1,0,0,4,0,0,0,3,0,275,0,6,3,0
N00003370,283,275,0,0,4,0,0,4,0,0,0,0,0,275,0,8,0,0
N00003371,321,305,5,0,6,0,0,4,0,0,0,0,1,305,0,15,0,1
N00003372,351,334,1,1,5,0,0,8,0,0,0,2,0,335,0,14,2,0
N00003373,309,307,0,0,0,0,0,2,0,0,0,0,0,307,0,2,0,0
N00003374,272,262,0,0,3,0,0,2,0,0,1,4,0,262,1,5,4,0
N00003375,243,240,1,0,1,0,0,0,0,0,0,0,1,240,0,2,0,1
N00003376,300,286,0,0,0,2,0,8,0,0,0,4,0,286,0,10,4,0
N00003377,252,234,0,0,0,0,0,15,0,1,0,2,0,234,1,15,2,0
N00003378,244,243,0,0,0,0,0,0,0,0,0,0,1,243,0,0,0,1
N00003379,283,280,0,0,0,0,0,0,0,2,1,0,0,280,3,0,0,0
N00003380,338,330,6,0,0,0,0,1,0,0,0,1,0,330,0,7,1,0
N00003381,330,328,1,0,0,0,0,0,0,0,0,1,0,328,0,1,1,0
N00003382,225,222,0,0,1,0,0,1,0,0,0,0,1,222,0,2,0,1
N00003383,263,253,1,0,3,0,0,0,0,0,1,4,1,253,1,4,4,1
N00003384,405,394,4,0,0,0,0,4,0,0,0,3,0,394,0,8,3,0
N00003385,448,434,0,0,4,1,0,6,0,0,0,3,0,434,0,11,3,0
N00003386,369,361,2,0,0,0,0,0,0,0,2,4,0,361,2,2,4,0
N00003397,258,255,0,1,0,0,0,0,0,0,0,2,0,256,0,0,2,0
N00003398,378,378,0,0,0,0,0,0,0,0,0,0,0,378,0,0,0,0
N00003399,416,405,0,1,4,0,0,0,0,0,0,5,1,406,0,4,5,1
N00003400,424,413,0,0,2,0,0,4,0,2,1,1,1,413,3,6,1,1
N00003401,369,368,1,0,0,0,0,0,0,0,0,0,0,368,0,1,0,0
N00003402,411,409,0,0,0,0,0,1,0,0,0,0,1,409,0,1,0,1
N00003403,269,263,0,1,0,0,0,0,0,1,0,4,0,264,1,0,4,0
N00003404,296,296,0,0,0,0,0,0,0,0,0,0,0,296,0,0,0,0
N00003405,343,343,0,0,0,0,0,0,0,0,0,0,0,343,0,0,0,0
N00003406,384,369,0,0,5,0,0,4,0,0,3,3,0,369,3,9,3,0
N00003407,558,540,12,0,6,0,0,0,0,0,0,0,0,540,0,18,0,0
N00003408,531,523,0,0,4,0,0,3,0,0,0,1,0,523,0,7,1,0
N00003409,341,336,5,0,0,0,0,0,0,0,0,0,0,336,0,5,0,0
N00003410,652,629,5,2,9,0,0,4,0,0,0,2,1,631,0,18,2,1
N00003411,283,278,1,0,2,0,0,0,0,0,0,2,0,278,0,3,2,0
N00003412,292,289,0,0,0,0,0,0,0,2,0,1,0,289,2,0,1,0
N00003413,271,271,0,0,0,0,0,0,0,0,0,0,0,271,0,0,0,0
N00003414,377,369,0,1,1,3,0,0,0,0,0,1,2,370,0,4,1,2
N00003415,309,309,0,0,0,0,0,0,0,0,0,0,0,309,0,0,0,0
N00003416,300,299,1,0,0,0,0,0,0,0,0,0,0,299,0,1,0,0
N00003417,253,251,0,0,0,0,0,0,0,0,0,2,0,251,0,0,2,0
N00003418,254,250,0,0,0,0,0,1,0,0,0,3,0,250,0,1,3,0
N00003419,314,298,0,0,12,0,0,3,0,0,0,1,0,298,0,15,1,0
N00003420,299,290,0,0,0,0,0,9,0,0,0,0,0,290,0,9,0,0
N00003421,295,289,0,1,0,0,0,3,0,1,0,1,0,290,1,3,1,0
N00003422,632,610,0,0,16,0,0,0,0,3,1,2,0,610,4,16,2,0
N00003423,516,462,1,0,10,0,0,34,0,1,0,5,3,462,1,45,5,3
N00003424,294,293,0,0,0,0,0,1,0,0,0,0,0,293,0,1,0,0
N00003425,196,179,0,0,12,0,0,4,0,0,0,0,1,179,0,16,0,1
N00003426,728,722,2,0,0,0,0,0,0,2,2,0,0,722,4,2,0,0
N00003427,300,294,4,0,0,0,0,1,0,1,0,0,0,294,1,5,0,0
N00003428,277,277,0,0,0,0,0,0,0,0,0,0,0,277,0,0,0,0
N00003429,285,280,0,0,0,0,0,0,0,0,0,5,0,280,0,0,5,0
N00003430,277,269,2,0,3,0,0,0,0,0,0,2,1,269,0,5,2,1
N00003431,308,307,0,0,0,0,0,0,0,0,0,1,0,307,0,0,1,0
N00003432,283,281,1,0,0,0,0,0,0,0,0,1,0,281,0,1,1,0
N00003433,279,268,0,0,4,5,0,0,0,0,0,2,0,268,0,9,2,0
N00003434,278,278,0,0,0,0,0,0,0,0,0,0,0,278,0,0,0,0
N00003435,209,204,0,0,0,0,0,3,0,0,0,2,0,204,0,3,2,0
N00003436,316,312,0,0,0,0,0,4,0,0,0,0,0,312,0,4,0,0
N00003437,339,336,0,0,3,0,0,0,0,0,0,0,0,336,0,3,0,0
N00003438,354,343,4,0,0,0,0,3,0,0,0,4,0,343,0,7,4,0
N00003439,272,268,1,0,3,0,0,0,0,0,0,0,0,268,0,4,0,0
N00003440,283,283,0,0,0,0,0,0,0,0,0,0,0,283,0,0,0,0
N00003441,340,339,1,0,0,0,0,0,0,0,0,0,0,339,0,1,0,0
N00003442,214,208,5,0,0,0,0,0,0,0,0,1,0,208,0,5,1,0
N00003444,424,421,0,0,0,1,0,0,0,0,0,2,0,421,0,1,2,0
N00003453,376,351,7,0,0,0,0,0,0,8,4,1,5,351,12,7,1,5
N00003454,328,317,0,0,0,0,0,1,0,0,5,5,0,317,5,1,5,0
N00003455,305,287,8,0,0,0,0,0,2,1,2,5,0,287,5,8,5,0
N00003456,305,281,0,0,0,2,0,2,0,4,5,5,6,281,9,4,5,6
N00003457,289,278,6,0,0,0,0,0,0,5,0,0,0,278,5,6,0,0
N00003458,338,337,0,0,0,0,0,0,0,1,0,0,0,337,1,0,0,0
N00003459,240,235,0,0,0,0,0,0,0,4,0,0,1,235,4,0,0,1
N00003460,403,398,0,0,0,0,0,1,0,4,0,0,0,398,4,1,0,0
N00003461,329,319,1,0,0,0,0,0,1,1,5,2,0,319,7,1,2,0
N00003462,377,369,2,0,0,0,0,0,0,6,0,0,0,369,6,2,0,0
N00003465,267,266,0,0,0,0,0,0,0,0,0,1,0,266,0,0,1,0
N00003470,336,332,0,0,2,0,0,2,0,0,0,0,0,332,0,4,0,0
N00003471,274,274,0,0,0,0,0,0,0,0,0,0,0,274,0,0,0,0
N00003472,310,306,0,0,4,0,0,0,0,0,0,0,0,306,0,4,0,0
N00003483,341,340,0,0,0,0,0,0,0,0,0,1,0,340,0,0,1,0
N00003484,313,306,0,1,6,0,0,0,0,0,0,0,0,307,0,6,0,0
N00003485,265,260,0,0,0,0,0,1,0,0,0,4,0,260,0,1,4,0
N00003486,355,336,1,6,10,0,0,1,0,0,0,1,0,342,0,12,1,0
N00003487,327,326,0,0,0,0,0,0,0,0,0,0,1,326,0,0,0,1
N00003488,284,274,2,0,0,0,0,7,0,0,0,1,0,274,0,9,1,0
N00003489,704,698,0,0,0,0,0,3,0,1,0,2,0,698,1,3,2,0
N00003490,265,260,0,0,0,0,0,0,0,0,0,5,0,260,0,0,5,0
N00003491,636,629,4,0,0,0,0,0,1,0,0,2,0,629,1,4,2,0
N00003492,370,369,0,0,0,1,0,0,0,0,0,0,0,369,0,1,0,0
N00003493,715,708,0,0,0,0,0,4,0,0,0,3,0,708,0,4,3,0
N00003494,763,758,0,0,0,0,0,1,0,0,1,1,2,758,1,1,1,2
N00003495,395,395,0,0,0,0,0,0,0,0,0,0,0,395,0,0,0,0
N00003496,637,624,1,8,0,0,0,4,0,0,0,0,0,632,0,5,0,0
N00003497,393,391,0,0,0,0,0,0,1,0,0,1,0,391,1,0,1,0
N00003498,234,227,0,0,4,0,0,0,0,0,0,3,0,227,0,4,3,0
N00003499,231,222,0,0,4,0,0,0,0,0,0,0,5,222,0,4,0,5
N00003500,295,274,0,0,12,7,0,0,1,0,0,1,0,274,1,19,1,0
N00003501,276,272,0,0,0,0,0,1,0,0,0,3,0,272,0,1,3,0
N00003502,202,199,1,0,0,0,0,0,0,0,0,2,0,199,0,1,2,0
N00003503,349,308,1,0,28,2,0,1,0,4,0,3,2,308,4,32,3,2
N00003504,324,316,0,0,4,0,0,0,1,0,0,3,0,316,1,4,3,0
N00003505,198,197,0,0,1,0,0,0,0,0,0,0,0,197,0,1,0,0
N00003506,396,383,0,0,4,0,0,7,0,0,0,1,1,383,0,11,1,1
N00003507,248,241,0,0,4,0,0,3,0,0,0,0,0,241,0,7,0,0
N00003508,293,278,0,0,11,0,0,4,0,0,0,0,0,278,0,15,0,0
N00003509,303,287,0,0,8,0,0,7,0,0,0,0,1,287,0,15,0,1
N00003510,312,301,2,0,4,0,0,0,1,0,1,3,0,301,2,6,3,0
N00003511,259,252,1,0,5,0,0,0,0,0,1,0,0,252,1,6,0,0
N00003512,304,289,3,0,8,0,0,3,0,0,0,0,1,289,0,14,0,1
N00003513,479,463,4,0,10,0,0,1,0,0,0,0,1,463,0,15,0,1
N00003514,666,652,0,0,0,0,0,1,0,1,2,10,0,652,3,1,10,0
N00003515,261,261,0,0,0,0,0,0,0,0,0,0,0,261,0,0,0,0
N00003516,334,333,0,0,0,0,0,0,0,0,0,1,0,333,0,0,1,0
N00003517,615,611,0,0,0,0,0,2,0,0,0,1,1,611,0,2,1,1
N00003518,280,280,0,0,0,0,0,0,0,0,0,0,0,280,0,0,0,0
N00003519,206,200,1,0,0,0,0,0,0,0,1,3,1,200,1,1,3,1
N00003520,285,283,0,0,0,0,0,1,0,0,0,0,1,283,0,1,0,1
N00003521,687,662,1,0,0,0,0,0,4,8,3,5,4,662,15,1,5,4
N00003522,408,400,0,0,0,0,0,0,0,3,0,4,1,400,3,0,4,1
N00003523,444,443,0,0,0,0,0,1,0,0,0,0,0,443,0,1,0,0
N00003524,1204,1162,1,0,3,0,0,5,0,5,2,19,7,1162,7,9,19,7
N00003525,350,348,0,0,2,0,0,0,0,0,0,0,0,348,0,2,0,0
N00003526,285,276,0,0,1,2,0,1,0,0,2,3,0,276,2,4,3,0
N00003624,666,658,0,0,2,0,0,0,0,0,0,6,0,658,0,2,6,0
N00003625,431,425,0,0,0,0,0,0,1,0,0,5,0,425,1,0,5,0
N00003626,390,390,0,0,0,0,0,0,0,0,0,0,0,390,0,0,0,0
N00003627,340,340,0,0,0,0,0,0,0,0,0,0,0,340,0,0,0,0
N00003628,313,307,0,0,0,0,0,3,0,0,0,1,2,307,0,3,1,2
N00003629,284,282,0,0,1,0,0,0,1,0,0,0,0,282,1,1,0,0
N00003630,595,588,6,0,0,0,0,0,0,0,0,1,0,588,0,6,1,0
N00003631,205,204,0,0,0,0,0,0,0,0,0,1,0,204,0,0,1,0
N00003632,274,271,0,0,0,0,0,0,0,0,0,0,3,271,0,0,0,3
N00003633,259,259,0,0,0,0,0,0,0,0,0,0,0,259,0,0,0,0
N00003634,315,315,0,0,0,0,0,0,0,0,0,0,0,315,0,0,0,0
N00003635,337,334,1,0,0,0,0,0,0,0,0,2,0,334,0,1,2,0
N00003636,341,340,0,0,0,0,0,1,0,0,0,0,0,340,0,1,0,0
N00003637,380,373,0,0,4,0,0,2,0,0,0,1,0,373,0,6,1,0
N00003638,441,433,2,0,3,0,0,1,0,0,0,1,1,433,0,6,1,1
N00003639,312,312,0,0,0,0,0,0,0,0,0,0,0,312,0,0,0,0
N00003640,319,317,0,0,1,0,0,0,0,0,0,1,0,317,0,1,1,0
N00003641,472,472,0,0,0,0,0,0,0,0,0,0,0,472,0,0,0,0
N00003642,341,338,0,0,0,0,0,0,0,1,0,1,1,338,1,0,1,1
N00003643,416,413,1,0,0,0,0,0,0,0,1,1,0,413,1,1,1,0
N00003644,301,301,0,0,0,0,0,0,0,0,0,0,0,301,0,0,0,0
N00003645,488,486,1,0,0,0,0,0,0,0,0,1,0,486,0,1,1,0
N00003646,548,544,3,0,0,0,0,0,0,0,0,1,0,544,0,3,1,0
N00003647,678,664,12,0,1,0,0,0,0,0,0,1,0,664,0,13,1,0
N00003648,464,464,0,0,0,0,0,0,0,0,0,0,0,464,0,0,0,0
N00003649,448,448,0,0,0,0,0,0,0,0,0,0,0,448,0,0,0,0
N00003650,414,412,1,0,0,0,0,0,0,0,0,1,0,412,0,1,1,0
N00003651,354,353,0,0,0,0,0,0,0,0,0,0,1,353,0,0,0,1
N00003652,642,633,1,0,8,0,0,0,0,0,0,0,0,633,0,9,0,0
N00003653,351,346,0,0,4,0,0,0,0,0,0,1,0,346,0,4,1,0
N00003654,250,245,0,0,0,0,0,0,0,0,0,4,1,245,0,0,4,1
N00003655,208,208,0,0,0,0,0,0,0,0,0,0,0,208,0,0,0,0
N00003656,514,514,0,0,0,0,0,0,0,0,0,0,0,514,0,0,0,0
N00003657,382,376,0,0,0,0,0,3,0,0,0,3,0,376,0,3,3,0
N00003658,527,526,0,0,1,0,0,0,0,0,0,0,0,526,0,1,0,0
N00003659,370,366,0,0,4,0,0,0,0,0,0,0,0,366,0,4,0,0
N00003660,374,373,0,0,1,0,0,0,0,0,0,0,0,373,0,1,0,0
N00003661,359,357,0,0,2,0,0,0,0,0,0,0,0,357,0,2,0,0
N00003662,210,210,0,0,0,0,0,0,0,0,0,0,0,210,0,0,0,0
N00003663,267,265,0,0,0,0,0,0,0,0,0,2,0,265,0,0,2,0
N00003664,522,517,0,0,3,0,0,2,0,0,0,0,0,517,0,5,0,0
N00003665,481,477,0,0,3,0,0,0,0,0,0,1,0,477,0,3,1,0
N00003666,467,459,1,0,3,0,0,0,0,1,0,1,2,459,1,4,1,2
N00003887,516,506,6,0,1,0,0,0,0,0,0,3,0,506,0,7,3,0
N00003888,240,231,3,0,5,0,1,0,0,0,0,0,0,231,0,9,0,0
N00003889,429,401,9,0,17,1,0,0,0,0,0,1,0,401,0,27,1,0
N00003890,256,242,0,0,8,0,0,0,0,0,0,5,1,242,0,8,5,1
N00003891,316,297,6,0,5,6,0,0,0,2,0,0,0,297,2,17,0,0
N00003892,256,239,1,0,6,0,0,10,0,0,0,0,0,239,0,17,0,0
N00003893,248,210,1,0,24,2,0,11,0,0,0,0,0,210,0,38,0,0
N00003894,274,258,0,0,8,0,0,5,0,1,0,2,0,258,1,13,2,0
N00003895,279,241,1,0,20,0,0,16,0,0,0,1,0,241,0,37,1,0
N00003896,771,771,0,0,0,0,0,0,0,0,0,0,0,771,0,0,0,0
N00003897,281,276,0,0,0,4,0,0,0,0,0,1,0,276,0,4,1,0
N00003898,372,370,0,0,0,0,0,0,0,1,0,1,0,370,1,0,1,0
N00003899,362,355,0,0,0,0,0,0,1,0,0,6,0,355,1,0,6,0
N00003900,280,280,0,0,0,0,0,0,0,0,0,0,0,280,0,0,0,0
N00003901,267,265,0,0,1,0,0,0,0,0,0,1,0,265,0,1,1,0
N00003902,349,349,0,0,0,0,0,0,0,0,0,0,0,349,0,0,0,0
N00003903,658,654,0,0,0,0,0,3,0,0,0,1,0,654,0,3,1,0
N00003904,511,506,1,0,0,0,0,3,0,0,0,1,0,506,0,4,1,0
N00003905,294,291,0,0,0,0,0,0,0,0,0,3,0,291,0,0,3,0
N00003906,229,228,0,0,0,0,0,0,0,0,0,0,1,228,0,0,0,1
N00003907,306,303,1,0,0,1,0,1,0,0,0,0,0,303,0,3,0,0
N00003908,195,195,0,0,0,0,0,0,0,0,0,0,0,195,0,0,0,0
N00003909,353,353,0,0,0,0,0,0,0,0,0,0,0,353,0,0,0,0
N00003910,250,249,1,0,0,0,0,0,0,0,0,0,0,249,0,1,0,0
N00003911,1281,1273,3,0,0,0,0,0,0,2,0,1,2,1273,2,3,1,2
N00003912,469,464,0,0,2,0,0,2,0,1,0,0,0,464,1,4,0,0
N00003913,261,257,0,0,0,0,0,0,0,0,0,3,1,257,0,0,3,1
N00003914,366,361,1,0,0,0,0,0,2,0,0,2,0,361,2,1,2,0
N00003915,308,301,4,0,1,0,0,0,0,0,0,2,0,301,0,5,2,0
N00003916,390,385,4,0,0,0,0,0,0,0,0,1,0,385,0,4,1,0
N00003917,280,280,0,0,0,0,0,0,0,0,0,0,0,280,0,0,0,0
N00003918,267,267,0,0,0,0,0,0,0,0,0,0,0,267,0,0,0,0
N00003919,297,295,0,0,0,0,0,1,0,1,0,0,0,295,1,1,0,0
N00003920,329,322,0,0,1,0,0,1,0,2,0,3,0,322,2,2,3,0
N00003921,326,325,0,0,0,0,0,0,0,0,0,1,0,325,0,0,1,0
N00003922,303,295,4,0,0,0,0,0,0,0,0,3,1,295,0,4,3,1
N00003923,306,301,0,0,5,0,0,0,0,0,0,0,0,301,0,5,0,0
N00003924,305,299,1,0,5,0,0,0,0,0,0,0,0,299,0,6,0,0
N00003925,289,269,4,0,10,0,0,0,0,3,0,2,1,269,3,14,2,1
N00003926,305,297,5,0,2,0,0,0,0,1,0,0,0,297,1,7,0,0
N00003927,312,301,0,0,8,0,0,0,0,1,0,2,0,301,1,8,2,0
N00003928,462,447,2,0,1,0,0,7,0,0,5,0,0,447,5,10,0,0
N00003929,261,257,0,0,0,0,0,0,0,2,1,1,0,257,3,0,1,0
N00003930,318,316,0,0,0,0,0,0,0,0,0,1,1,316,0,0,1,1
N00003931,214,211,0,0,0,0,0,2,0,0,0,0,1,211,0,2,0,1
N00003932,347,345,0,0,0,0,0,2,0,0,0,0,0,345,0,2,0,0
N00003933,841,832,1,0,4,0,0,0,0,0,0,4,0,832,0,5,4,0
N00003934,337,337,0,0,0,0,0,0,0,0,0,0,0,337,0,0,0,0
N00003935,353,348,2,0,0,0,0,0,0,0,0,3,0,348,0,2,3,0
N00003936,938,929,0,0,7,0,0,0,0,0,0,1,1,929,0,7,1,1
N00003937,331,326,0,0,0,0,0,0,0,0,0,4,1,326,0,0,4,1
N00003938,259,257,0,0,0,0,0,0,0,0,0,2,0,257,0,0,2,0
N00003939,386,383,0,0,0,1,0,0,0,0,0,2,0,383,0,1,2,0
N00003940,317,313,0,0,0,4,0,0,0,0,0,0,0,313,0,4,0,0
N00003941,379,374,0,0,3,0,0,1,0,0,0,1,0,374,0,4,1,0
N00003942,468,466,0,0,0,0,0,1,0,0,0,1,0,466,0,1,1,0
N00003943,657,635,11,0,1,2,0,1,1,0,0,6,0,635,1,15,6,0
N00003944,390,388,0,0,0,1,0,0,0,0,0,1,0,388,0,1,1,0
N00003945,333,330,3,0,0,0,0,0,0,0,0,0,0,330,0,3,0,0
N00003946,446,446,0,0,0,0,0,0,0,0,0,0,0,446,0,0,0,0
N00003947,620,619,1,0,0,0,0,0,0,0,0,0,0,619,0,1,0,0
N00003948,323,322,0,0,0,0,0,1,0,0,0,0,0,322,0,1,0,0
N00003949,316,300,4,0,0,7,0,0,0,0,0,4,1,300,0,11,4,1
N00003950,315,308,2,0,0,1,0,1,0,0,0,3,0,308,0,4,3,0
N00003951,265,264,0,0,0,0,0,1,0,0,0,0,0,264,0,1,0,0
N00003952,267,267,0,0,0,0,0,0,0,0,0,0,0,267,0,0,0,0
N00003953,277,277,0,0,0,0,0,0,0,0,0,0,0,277,0,0,0,0
N00003954,223,223,0,0,0,0,0,0,0,0,0,0,0,223,0,0,0,0
N00003955,263,259,1,0,0,0,0,1,0,0,0,2,0,259,0,2,2,0
N00003956,310,302,4,0,0,0,0,0,0,0,0,4,0,302,0,4,4,0
N00003957,221,220,0,0,0,0,0,0,0,0,0,1,0,220,0,0,1,0
N00003958,531,522,0,0,1,7,0,1,0,0,0,0,0,522,0,9,0,0
N00003959,264,261,0,0,0,1,0,0,0,0,0,2,0,261,0,1,2,0
N00003960,260,260,0,0,0,0,0,0,0,0,0,0,0,260,0,0,0,0
N00003961,286,285,0,0,0,0,0,0,0,0,0,0,1,285,0,0,0,1
N00003962,676,671,0,0,0,0,0,2,0,0,0,3,0,671,0,2,3,0
N00003963,296,289,2,0,0,4,0,0,0,0,0,1,0,289,0,6,1,0
N00003964,349,346,0,0,0,0,0,0,0,0,1,2,0,346,1,0,2,0
N00003965,381,380,0,0,1,0,0,0,0,0,0,0,0,380,0,1,0,0
N00003966,301,292,0,0,7,0,0,0,0,0,0,2,0,292,0,7,2,0
N00003967,405,400,0,0,4,0,0,0,0,0,0,1,0,400,0,4,1,0
N00003968,282,282,0,0,0,0,0,0,0,0,0,0,0,282,0,0,0,0
N00003969,260,260,0,0,0,0,0,0,0,0,0,0,0,260,0,0,0,0
N00003970,330,320,1,0,7,0,0,0,0,0,0,0,2,320,0,8,0,2
N00003971,311,302,0,0,9,0,0,0,0,0,0,0,0,302,0,9,0,0
N00003972,327,324,0,0,0,0,0,0,0,2,0,1,0,324,2,0,1,0
N00003973,345,344,0,0,1,0,0,0,0,0,0,0,0,344,0,1,0,0
N00003974,633,612,6,0,0,0,0,7,0,0,0,7,1,612,0,13,7,1
N00003975,372,372,0,0,0,0,0,0,0,0,0,0,0,372,0,0,0,0
N00003976,347,344,3,0,0,0,0,0,0,0,0,0,0,344,0,3,0,0
N00003977,284,278,0,0,3,0,0,0,0,0,0,3,0,278,0,3,3,0
N00003978,370,366,3,0,0,0,0,0,0,0,0,0,1,366,0,3,0,1
N00003979,349,339,0,0,9,0,0,0,0,0,0,1,0,339,0,9,1,0
N00003980,378,378,0,0,0,0,0,0,0,0,0,0,0,378,0,0,0,0
N00003981,270,270,0,0,0,0,0,0,0,0,0,0,0,270,0,0,0,0
N00003982,211,206,0,0,2,0,0,0,0,0,0,0,3,206,0,2,0,3
N00003983,265,257,4,0,1,0,0,0,0,1,0,2,0,257,1,5,2,0
N00003984,363,361,1,0,0,0,0,0,0,0,0,1,0,361,0,1,1,0
N00003985,298,296,1,0,0,1,0,0,0,0,0,0,0,296,0,2,0,0
N00003986,247,245,0,0,2,0,0,0,0,0,0,0,0,245,0,2,0,0
N00003987,304,302,1,0,1,0,0,0,0,0,0,0,0,302,0,2,0,0
N00003988,288,285,0,0,1,0,0,0,0,0,0,2,0,285,0,1,2,0
N00003989,163,160,1,0,0,0,0,2,0,0,0,0,0,160,0,3,0,0
N00003990,420,420,0,0,0,0,0,0,0,0,0,0,0,420,0,0,0,0
N00003991,295,295,0,0,0,0,0,0,0,0,0,0,0,295,0,0,0,0
N00003992,379,377,0,0,0,0,0,0,0,0,0,1,1,377,0,0,1,1
N00003993,393,385,2,0,3,0,0,0,0,1,0,2,0,385,1,5,2,0
N00003994,353,347,0,0,4,0,0,0,0,0,1,1,0,347,1,4,1,0
N00003995,395,391,1,0,0,0,0,0,0,3,0,0,0,391,3,1,0,0
N00003996,340,340,0,0,0,0,0,0,0,0,0,0,0,340,0,0,0,0
N00003997,364,356,0,0,2,2,0,1,0,0,0,2,1,356,0,5,2,1
N00003998,347,344,0,0,0,0,0,0,0,1,0,2,0,344,1,0,2,0
N00003999,388,383,0,0,1,0,0,0,0,0,0,4,0,383,0,1,4,0
N00004000,311,307,4,0,0,0,0,0,0,0,0,0,0,307,0,4,0,0
N00004001,332,332,0,0,0,0,0,0,0,0,0,0,0,332,0,0,0,0
N00004002,275,275,0,0,0,0,0,0,0,0,0,0,0,275,0,0,0,0
N00004003,414,411,3,0,0,0,0,0,0,0,0,0,0,411,0,3,0,0
N00004004,234,234,0,0,0,0,0,0,0,0,0,0,0,234,0,0,0,0
N00004005,203,201,1,0,0,0,0,1,0,0,0,0,0,201,0,2,0,0
N00004006,224,224,0,0,0,0,0,0,0,0,0,0,0,224,0,0,0,0
N00004007,269,267,0,0,0,0,0,2,0,0,0,0,0,267,0,2,0,0
N00004008,474,472,0,0,0,0,0,2,0,0,0,0,0,472,0,2,0,0
N00004009,326,303,8,0,7,0,0,7,0,0,0,1,0,303,0,22,1,0
N00004010,379,359,5,0,15,0,0,0,0,0,0,0,0,359,0,20,0,0
N00004011,482,464,3,0,1,0,0,5,0,6,1,2,0,464,7,9,2,0
N00004012,315,303,0,0,0,5,0,1,0,1,0,2,3,303,1,6,2,3
N00004013,331,328,1,0,0,0,0,1,0,1,0,0,0,328,1,2,0,0
N00004014,335,334,1,0,0,0,0,0,0,0,0,0,0,334,0,1,0,0
N00004015,299,296,1,0,0,2,0,0,0,0,0,0,0,296,0,3,0,0
N00004016,375,351,0,0,7,6,0,3,0,3,0,5,0,351,3,16,5,0
N00004017,305,298,0,0,0,0,0,4,0,0,0,3,0,298,0,4,3,0
N00004018,296,295,0,0,0,0,0,0,0,0,0,0,1,295,0,0,0,1
N00004019,310,308,0,0,0,0,0,2,0,0,0,0,0,308,0,2,0,0
N00004020,425,421,0,0,0,1,0,0,0,0,0,3,0,421,0,1,3,0
N00004021,332,328,0,0,0,0,0,2,0,0,0,2,0,328,0,2,2,0
N00004022,294,292,0,0,0,0,0,1,0,0,0,1,0,292,0,1,1,0
N00004023,247,247,0,0,0,0,0,0,0,0,0,0,0,247,0,0,0,0
N00004024,307,305,0,0,0,0,0,1,0,0,0,0,1,305,0,1,0,1
N00004025,449,438,3,0,5,0,0,2,0,0,0,0,1,438,0,10,0,1
N00004026,327,327,0,0,0,0,0,0,0,0,0,0,0,327,0,0,0,0
N00004027,305,302,0,0,1,0,0,0,2,0,0,0,0,302,2,1,0,0
N00004028,307,306,0,0,0,0,0,0,0,0,0,0,1,306,0,0,0,1
N00004029,283,283,0,0,0,0,0,0,0,0,0,0,0,283,0,0,0,0
N00004030,281,281,0,0,0,0,0,0,0,0,0,0,0,281,0,0,0,0
N00004031,261,259,1,0,0,1,0,0,0,0,0,0,0,259,0,2,0,0
N00004032,233,233,0,0,0,0,0,0,0,0,0,0,0,233,0,0,0,0
N00004033,269,269,0,0,0,0,0,0,0,0,0,0,0,269,0,0,0,0
N00004034,237,231,1,0,5,0,0,0,0,0,0,0,0,231,0,6,0,0
N00004035,288,287,0,0,1,0,0,0,0,0,0,0,0,287,0,1,0,0
N00004036,261,260,0,0,0,0,0,0,0,0,0,0,1,260,0,0,0,1
N00004037,307,300,1,0,6,0,0,0,0,0,0,0,0,300,0,7,0,0
N00004038,255,255,0,0,0,0,0,0,0,0,0,0,0,255,0,0,0,0
N00004039,285,280,1,0,0,0,0,0,0,3,0,1,0,280,3,1,1,0
N00004040,300,291,5,0,0,0,0,0,0,4,0,0,0,291,4,5,0,0
N00004041,304,302,0,0,1,0,0,0,0,0,0,1,0,302,0,1,1,0
N00004042,586,586,0,0,0,0,0,0,0,0,0,0,0,586,0,0,0,0
N00004043,357,357,0,0,0,0,0,0,0,0,0,0,0,357,0,0,0,0
N00004044,290,290,0,0,0,0,0,0,0,0,0,0,0,290,0,0,0,0
N00004045,347,346,0,0,0,0,0,1,0,0,0,0,0,346,0,1,0,0
N00004046,292,283,8,0,0,0,0,0,0,1,0,0,0,283,1,8,0,0
N00004047,1081,1063,8,0,5,0,0,1,0,0,0,4,0,1063,0,14,4,0
N00004048,474,461,7,0,2,0,0,1,0,0,0,3,0,461,0,10,3,0
N00004049,492,479,11,0,0,0,0,0,1,0,0,0,1,479,1,11,0,1
N00004050,984,939,19,0,14,0,0,7,0,0,0,5,0,939,0,40,5,0
N00004051,992,947,33,0,5,1,0,0,0,0,0,6,0,947,0,39,6,0
N00004052,330,325,4,0,0,0,0,0,0,0,0,1,0,325,0,4,1,0
N00004053,300,300,0,0,0,0,0,0,0,0,0,0,0,300,0,0,0,0
N00004054,483,476,1,0,0,0,0,0,0,0,0,3,3,476,0,1,3,3
N00004055,235,233,0,0,1,0,0,0,0,0,0,0,1,233,0,1,0,1
N00004056,427,424,0,0,0,0,0,1,0,0,0,1,1,424,0,1,1,1
N00004057,382,382,0,0,0,0,0,0,0,0,0,0,0,382,0,0,0,0
N00004058,1248,1231,1,0,5,1,0,1,0,1,0,8,0,1231,1,8,8,0
N00004059,1463,1433,14,0,1,6,0,3,0,0,1,3,2,1433,1,24,3,2
N00004060,1223,1203,7,0,0,2,1,4,0,0,0,1,5,1203,0,14,1,5
N00004061,640,630,6,0,0,0,0,3,0,0,0,1,0,630,0,9,1,0
N00004062,493,467,6,0,17,0,0,0,0,0,0,2,1,467,0,23,2,1
N00004063,832,804,9,0,7,4,0,1,0,0,0,6,1,804,0,21,6,1
N00004064,612,584,8,0,15,0,0,3,0,0,0,2,0,584,0,26,2,0
N00004065,260,256,0,0,0,4,0,0,0,0,0,0,0,256,0,4,0,0
N00004066,245,243,1,0,0,0,0,1,0,0,0,0,0,243,0,2,0,0
N00004067,259,252,1,0,0,0,0,3,0,0,0,3,0,252,0,4,3,0
N00004068,289,285,0,0,0,0,0,2,0,0,0,2,0,285,0,2,2,0
N00004069,251,249,0,0,0,0,0,0,0,2,0,0,0,249,2,0,0,0
N00004070,213,212,0,0,0,0,0,0,0,0,0,1,0,212,0,0,1,0
N00004071,282,266,0,0,3,4,0,3,0,0,0,6,0,266,0,10,6,0
N00004072,341,336,0,0,0,0,1,0,0,3,0,1,0,336,3,1,1,0
N00004073,1068,994,27,0,16,0,0,23,0,1,0,3,4,994,1,66,3,4
N00004074,335,316,0,0,9,0,0,5,0,0,0,3,2,316,0,14,3,2
N00004075,427,414,7,0,0,0,0,0,0,2,0,4,0,414,2,7,4,0
N00004076,319,314,3,0,0,0,0,0,0,0,0,2,0,314,0,3,2,0
N00004077,359,357,0,0,0,0,0,0,0,0,0,2,0,357,0,0,2,0
N00004078,309,304,0,0,0,0,0,0,0,1,0,1,3,304,1,0,1,3
N00004079,282,279,0,0,0,0,0,0,0,0,0,0,3,279,0,0,0,3
N00004080,306,298,4,0,0,0,0,2,0,0,0,2,0,298,0,6,2,0
N00004081,299,297,0,0,0,0,0,0,0,0,0,2,0,297,0,0,2,0
N00004082,376,376,0,0,0,0,0,0,0,0,0,0,0,376,0,0,0,0
N00004083,308,305,0,0,3,0,0,0,0,0,0,0,0,305,0,3,0,0
N00004084,317,309,0,0,0,0,0,2,0,0,0,5,1,309,0,2,5,1
N00004085,919,860,17,0,10,0,3,6,0,6,1,15,1,860,7,36,15,1
N00004086,231,222,3,0,3,0,0,0,0,2,0,0,1,222,2,6,0,1
N00004087,783,724,3,0,15,0,6,7,0,5,0,17,6,724,5,31,17,6
N00004088,407,391,7,0,0,4,0,0,0,0,1,4,0,391,1,11,4,0
N00004089,303,288,1,0,7,0,0,0,0,0,0,3,4,288,0,8,3,4
N00004090,990,861,58,0,20,20,0,5,0,13,0,12,1,861,13,103,12,1
N00004091,944,855,46,0,13,0,0,17,0,4,4,4,1,855,8,76,4,1
N00004092,277,273,3,0,0,0,0,1,0,0,0,0,0,273,0,4,0,0
N00004093,373,361,7,0,0,0,0,0,0,1,2,2,0,361,3,7,2,0
N00004094,563,559,1,0,0,1,0,1,0,0,0,1,0,559,0,3,1,0
N00004095,355,354,0,0,0,0,0,0,0,0,0,0,1,354,0,0,0,1
N00004096,246,244,0,0,1,0,0,0,0,0,0,0,1,244,0,1,0,1
N00004097,539,525,2,7,0,0,0,1,0,1,0,2,1,532,1,3,2,1
N00004098,278,277,0,0,0,0,0,0,0,0,0,1,0,277,0,0,1,0
N00004099,544,530,8,0,1,1,0,0,1,0,0,3,0,530,1,10,3,0
N00004100,319,318,0,0,0,0,0,0,0,0,0,1,0,318,0,0,1,0
N00004101,207,202,2,0,1,0,0,0,0,0,0,2,0,202,0,3,2,0
N00004102,347,338,0,0,0,3,0,0,1,0,0,5,0,338,1,3,5,0
N00004103,182,182,0,0,0,0,0,0,0,0,0,0,0,182,0,0,0,0
N00004104,191,182,0,0,7,0,0,0,0,1,0,1,0,182,1,7,1,0
N00004105,193,192,0,0,0,0,0,1,0,0,0,0,0,192,0,1,0,0
N00004106,217,216,1,0,0,0,0,0,0,0,0,0,0,216,0,1,0,0
N00004107,207,199,0,0,7,0,0,0,0,0,0,1,0,199,0,7,1,0
N00004108,268,266,0,0,0,0,0,0,0,0,0,2,0,266,0,0,2,0
N00004109,259,251,7,0,1,0,0,0,0,0,0,0,0,251,0,8,0,0
