rel..parish_code,rel..parish_legal_name,rel..deanery_name,rel..diocese_name,rel..population,rel..christian,rel..buddhist,rel..hindu,rel..jewish,rel..muslim,rel..sikh,rel..other_religion,rel..no_religion,rel..religion_not_stated,rel..religion_buddhist,rel..religion_christian,rel..religion_hindu,rel..religion_jewish,rel..religion_muslim,rel..religion_no_religion,rel..religion_not_stated_2,rel..religion_other,rel..religion_sikh
220003,ST. MICHAEL BLUNDELLSANDS,Sefton North,Liverpool,3501,2815.2549015541,3.37058212345,21.79362326666,11.8627666620999,16.15346318281,3.00000000091,1.0030769218,427.187313590319,201.37427270203,3.37058212345,2815.2549015541,21.79362326666,11.8627666620999,16.15346318281,427.187313590319,201.37427270203,1.0030769218,3.00000000091
220004,ST. NICHOLAS BLUNDELL SANDS,Sefton North,Liverpool,7091,5503.5962022846,18.0368191437,34.20637672977,12.13723333144,30.7632808567399,1.99999999932,14.32566827674,1037.84940797311,438.08501136957,18.0368191437,5503.5962022846,34.20637672977,12.13723333144,30.7632808567399,1037.84940797311,438.08501136957,14.32566827674,1.99999999932
220005,CHRIST CHURCH BOOTLE,Sefton South,Liverpool,9590,7567.3766756335,21.20295202986,15.2177121762399,2.99999999973,44.5196513896799,0,23.39868433873,1365.52773792833,549.75658653098,21.20295202986,7567.3766756335,15.2177121762399,2.99999999973,44.5196513896799,1365.52773792833,549.75658653098,23.39868433873,0
220010,ST. FAITH GREAT CROSBY,Sefton South,Liverpool,5162,3932.4095182805,7.73907732126,9.01986755324,6.59246575249,14.5957569830499,0,12.05333805974,866.40732851825,313.182647640709,7.73907732126,3932.4095182805,9.01986755324,6.59246575249,14.5957569830499,866.40732851825,313.182647640709,12.05333805974,0
220011,"ST. LUKE, GREAT CROSBY",Sefton North,Liverpool,9552,7595.07639359809,7.57286745872,18.71934604657,8.40753424629,19.9536480941499,4.00000000092,17.02734217332,1287.36260105956,593.88026729098,7.57286745872,7595.07639359809,18.71934604657,8.40753424629,19.9536480941499,1287.36260105956,593.88026729098,17.02734217332,4.00000000092
220012,"ALL SAINTS WITH ST FRIDESWYDE, THORNTON AND CROSBY",Sefton North,Liverpool,11066,8994.54125645569,9.28065394984,12.28065395008,8.01479289981,18.59302247992,3.0000000004,20.3265993261899,1287.07855561962,712.884465457529,9.28065394984,8994.54125645569,12.28065395008,8.01479289981,18.59302247992,1287.07855561962,712.884465457529,20.3265993261899,3.0000000004
220013,"ST. STEPHEN, HIGHTOWN",Sefton North,Liverpool,1998,1561.9064380571,2.99999999965,2.99999999975,1.00000000056,11.0000000013799,0,2.40160642646,287.6810974012,128.01085811211,2.99999999965,1561.9064380571,2.99999999975,1.00000000056,11.0000000013799,287.6810974012,128.01085811211,2.40160642646,0
220015,ST. JOHN AND ST. JAMES ORRELL HEY,Sefton South,Liverpool,7064,5622.409486893,12.28605041559,6.00000000229,3.99999999945,24.3359346851099,0,7.99999999599,911.23138069876,475.73714739229,12.28605041559,5622.409486893,6.00000000229,3.99999999945,24.3359346851099,911.23138069876,475.73714739229,7.99999999599,0
220016,"ST. PAUL, HATTON HILL, LITHERLAND",Sefton South,Liverpool,8880,7032.69842941109,5.74538496869,17.94292696715,2.98520710049999,24.70432316262,0,16.85401459655,1219.1204048543,559.94930888535,5.74538496869,7032.69842941109,17.94292696715,2.98520710049999,24.70432316262,1219.1204048543,559.94930888535,16.85401459655,0
220017,"ST. PHILIP, LITHERLAND",Sefton South,Liverpool,12086,9796.51511271029,13.97512207003,21.0570730393099,4.99999999774,41.37843777266,10.99999999935,19.43400383636,1505.51249339242,672.127757298979,13.97512207003,9796.51511271029,21.0570730393099,4.99999999774,41.37843777266,1505.51249339242,672.127757298979,19.43400383636,10.99999999935
220018,"ST. OSWALD, NETHERTON",Sefton South,Liverpool,15327,12498.7686753728,14.4619883033599,2.99999999975,7.00000000411,25.6374269056099,0,28.00000000336,1837.27607393578,912.85583538482,14.4619883033599,12498.7686753728,2.99999999975,7.00000000411,25.6374269056099,1837.27607393578,912.85583538482,28.00000000336,0
220020,SEFTON,Sefton South,Liverpool,919,739.3586659112,0,0,0.99999999808,0.99999999808,0,0,112.680153111499,64.96118097136,0,739.3586659112,0,0.99999999808,0.99999999808,112.680153111499,64.96118097136,0,0
220022,CHRIST CHURCH WITH ST. JOHN WATERLOO,Sefton South,Liverpool,7276,5216.6011381413,25.04560260838,24.04560260874,10.04409351621,59.68970467727,14.0000000002599,18.85869565252,1384.1997868695,523.51537602471,25.04560260838,5216.6011381413,24.04560260874,10.04409351621,59.68970467727,1384.1997868695,523.51537602471,18.85869565252,14.0000000002599
220024,ST. MARY THE VIRGIN WATERLOO PARK,Sefton South,Liverpool,3186,2343.9690388346,12.00000000119,9.98013245121999,6.57547169941,12.6037735868,0,14.26397524648,576.10203287035,210.5055753177,12.00000000119,2343.9690388346,9.98013245121999,6.57547169941,12.6037735868,576.10203287035,210.5055753177,14.26397524648,0
220025,AIGBURGH,LIVERPOOL SOUTH CHILDWALL,Liverpool,9238,6674.1053742397,19.7205024685299,24.3139061159099,55.01638397952,120.4796999869,6.75935126073,17.14373306569,1735.85427029571,584.60677861022,19.7205024685299,6674.1053742397,24.3139061159099,55.01638397952,120.4796999869,1735.85427029571,584.60677861022,17.14373306569,6.75935126073
220026,ALLERTON ALL HALLOWS,LIVERPOOL SOUTH CHILDWALL,Liverpool,11600,8186.52559876349,36.71722335432,107.879726256109,460.65425534676,299.16951939462,28.87455336001,25.68454036496,1769.07941350061,685.415169675609,36.71722335432,8186.52559876349,107.879726256109,460.65425534676,299.16951939462,1769.07941350061,685.415169675609,25.68454036496,28.87455336001
220027,CHILDWALL,LIVERPOOL SOUTH CHILDWALL,Liverpool,7569,5866.719518235,22.68832224615,66.48859129525,246.7200276336,81.92722658371,3.22408027003,12.00158940612,878.672548425529,390.55809582291,22.68832224615,5866.719518235,66.48859129525,246.7200276336,81.92722658371,878.672548425529,390.55809582291,12.00158940612,3.22408027003
220028,"ST. DAVID, CHILDWALL",WEST DERBY,Liverpool,9712,7516.35312258239,32.28348300907,43.6900589593399,60.8643610884099,147.87181761258,13.00000000023,11.4577643489,1320.10610267667,566.37328970326,32.28348300907,7516.35312258239,43.6900589593399,60.8643610884099,147.87181761258,1320.10610267667,566.37328970326,11.4577643489,13.00000000023
220029,GRASSENDALE,LIVERPOOL SOUTH CHILDWALL,Liverpool,8523,6243.7712735897,27.74202520593,35.7190260535799,34.47147147481,81.2378806549899,5.58608154705,15.8543742304,1541.36001487433,537.257852410399,27.74202520593,6243.7712735897,35.7190260535799,34.47147147481,81.2378806549899,1541.36001487433,537.257852410399,15.8543742304,5.58608154705
220030,"ALL SOULS, SPRINGWOOD LIVERPOOL",LIVERPOOL SOUTH CHILDWALL,Liverpool,6479,4908.97906607189,29.30603924705,20.36831771821,25.84057590515,97.2445718236899,4.12544664112,17.6415825221099,974.18845648214,401.305943629709,29.30603924705,4908.97906607189,20.36831771821,25.84057590515,97.2445718236899,974.18845648214,401.305943629709,17.6415825221099,4.12544664112
220031,MOSSLEY HILL SAINT MATTHEW AND SAINT JAMES,LIVERPOOL SOUTH CHILDWALL,Liverpool,9967,6061.26349092129,45.9946933747999,58.33463591327,197.087401163279,230.988687050229,23.78139019761,28.92119578675,2639.04292757,681.58557794886,45.9946933747999,6061.26349092129,58.33463591327,197.087401163279,230.988687050229,2639.04292757,681.58557794886,28.92119578675,23.78139019761
220032,SAINT BARNABAS PENNY LANE,LIVERPOOL SOUTH CHILDWALL,Liverpool,5707,3324.7393326395,27.6817315846799,30.24324939748,76.75899886757,211.52745243461,18.9999999991399,10.2195496708199,1651.5945881182,355.235097360239,27.6817315846799,3324.7393326395,30.24324939748,76.75899886757,211.52745243461,1651.5945881182,355.235097360239,10.2195496708199,18.9999999991399
220033,MUCH WOOLTON,LIVERPOOL SOUTH CHILDWALL,Liverpool,11784,9031.33453725599,18.5692099205,81.17278795874,201.977293954499,81.6982732802599,5.00000000019,16.9552905623299,1604.68098544963,742.61162166791,18.5692099205,9031.33453725599,81.17278795874,201.977293954499,81.6982732802599,1604.68098544963,742.61162166791,16.9552905623299,5.00000000019
220034,"CHRIST CHURCH, TOXTETH PARK",TOXTETH & WAVERTREE,Liverpool,5538,2723.09409776699,42.83802152117,29.06177227039,58.37659821489,194.675130122539,5.24727272905,35.2898362406899,1957.36406255369,492.05320854936,42.83802152117,2723.09409776699,29.06177227039,58.37659821489,194.675130122539,1957.36406255369,492.05320854936,35.2898362406899,5.24727272905
220035,"HOLY TRINITY, WAVERTREE",TOXTETH & WAVERTREE,Liverpool,7704,5111.8356813415,21.56369385875,53.8015794675699,186.462250959749,141.42316626706,16.94358974776,26.95653836581,1648.49866466949,496.514835403059,21.56369385875,5111.8356813415,53.8015794675699,186.462250959749,141.42316626706,1648.49866466949,496.514835403059,26.95653836581,16.94358974776
220036,TOXTETH PARK ST. AGNES AND ST. PANCRAS,TOXTETH & WAVERTREE,Liverpool,5291,2632.3722824152,28.7435163364299,40.64717937811,63.30710227657,313.745174690739,17.91684474109,15.56131871245,1791.7501270585,386.956454347,28.7435163364299,2632.3722824152,40.64717937811,63.30710227657,313.745174690739,1791.7501270585,386.956454347,15.56131871245,17.91684474109
220037,"ST. MICHAEL-IN-THE-HAMLET WITH ST. ANDREW, TOXTETH PARK",TOXTETH & WAVERTREE,Liverpool,9149,5812.27990957629,62.58231174242,38.5604181525,43.13488004868,230.672609986789,1.87999999975999,26.6385958959499,2292.03516380749,641.216110854289,62.58231174242,5812.27990957629,38.5604181525,43.13488004868,230.672609986789,2292.03516380749,641.216110854289,26.6385958959499,1.87999999975999
220038,WAVERTREE ST BRIDGET AND ST THOMAS,TOXTETH & WAVERTREE,Liverpool,11054,5988.1895836651,61.14730751281,143.61400215257,30.83458278099,919.39829260144,46.70228823002,48.1833771394999,3084.14595478589,731.78461120975,61.14730751281,5988.1895836651,143.61400215257,30.83458278099,919.39829260144,3084.14595478589,731.78461120975,48.1833771394999,46.70228823002
220039,"ST. MARY, WAVERTREE",TOXTETH & WAVERTREE,Liverpool,8156,5703.56261235329,53.8998633609799,40.71850449644,39.18928891987,198.00959399699,10.0564102530099,29.5339230437299,1587.91649079912,493.11331286331,53.8998633609799,5703.56261235329,40.71850449644,39.18928891987,198.00959399699,1587.91649079912,493.11331286331,29.5339230437299,10.0564102530099
220042,KIRKDALE ST ATHANASEUS WITH ST MARY,LIVERPOOL NORTH,Liverpool,10200,7754.768301916,36.10397470027,94.1626813498199,4.07249636511999,209.16601796917,19.9943521154199,15.73933650881,1367.82769582417,698.165143464699,36.10397470027,7754.768301916,94.1626813498199,4.07249636511999,209.16601796917,1367.82769582417,698.165143464699,15.73933650881,19.9943521154199
220043,KIRKDALE ST.LAWRENCE WITH ST.PAUL,LIVERPOOL NORTH,Liverpool,5175,4130.36747746149,5.21237230675,6.426553536,1,26.4166246065,4.4426430922,11.4426701903899,652.34564317974,337.34601563357,5.21237230675,4130.36747746149,6.426553536,1,26.4166246065,652.34564317974,337.34601563357,11.4426701903899,4.4426430922
220044,"OUR LADY AND ST. NICHOLAS, LIVERPOOL",LIVERPOOL NORTH,Liverpool,9490,4658.07548887509,106.80785566798,172.89144983348,17.8182987552699,680.183784722559,33.82549957058,45.59849404622,3228.32048888964,546.478639627359,106.80785566798,4658.07548887509,172.89144983348,17.8182987552699,680.183784722559,3228.32048888964,546.478639627359,45.59849404622,33.82549957058
220046,ST LUKE IN THE CITY TEAM,TOXTETH & WAVERTREE,Liverpool,20133,9041.92613727039,348.287649016629,291.95011666877,40.8253273347899,1792.2326473452,64.89959768781,74.73898808631,7184.37339493974,1293.76614194635,348.287649016629,9041.92613727039,291.95011666877,40.8253273347899,1792.2326473452,7184.37339493974,1293.76614194635,74.73898808631,64.89959768781
220053,ST BEDE WITH ST CLEMENT TOXTETH,TOXTETH & WAVERTREE,Liverpool,8662,3475.0782278006,85.6577308003699,66.66921591112,13.3058692381099,2730.03635210409,28.91515424165,48.96688129902,1606.81737605957,606.553192542719,85.6577308003699,3475.0782278006,66.66921591112,13.3058692381099,2730.03635210409,1606.81737605957,606.553192542719,48.96688129902,28.91515424165
220055,"ST. MARGARET, TOXTETH",TOXTETH & WAVERTREE,Liverpool,3014,961.577359752799,44.67449841631,14.0017003786599,2.12765957544,1208.4158875098,8.7502785417,20.44733125217,543.68106293498,210.32422168527,44.67449841631,961.577359752799,14.0017003786599,2.12765957544,1208.4158875098,543.68106293498,210.32422168527,20.44733125217,8.7502785417
220059,ST. GILES WITH ST. PETER AINTREE,Sefton North,Liverpool,7835,6742.3949407255,5.99999999873999,1.00386100486,0,5.00386100565,3.00000000053,4.00000000107,707.376043167139,366.22129413191,5.99999999873999,6742.3949407255,1.00386100486,0,5.00386100565,707.376043167139,366.22129413191,4.00000000107,3.00000000053
220061,ST. COLUMBA ANFIELD,WALTON,Liverpool,7518,5909.818560075,20.7841751987099,22.84105126404,0.99999999981,42.5586257514,7.00000000112,20.64390850649,1042.41943449623,450.93424464089,20.7841751987099,5909.818560075,22.84105126404,0.99999999981,42.5586257514,1042.41943449623,450.93424464089,20.64390850649,7.00000000112
220063,ST. GEORGE EVERTON,LIVERPOOL NORTH,Liverpool,3546,2800.4483559444,8.82457047076999,8.52204325433,0.30472984814,57.6675684450999,2.44429073684,5.15242177376,405.20864216183,257.42737732505,8.82457047076999,2800.4483559444,8.52204325433,0.30472984814,57.6675684450999,405.20864216183,257.42737732505,5.15242177376,2.44429073684
220068,WALTON BRECK CHRIST CHURCH AND HOLY TRINITY,LIVERPOOL NORTH,Liverpool,11892,8930.77849321309,37.83113482678,16.32825758095,11.69527014922,199.41928314455,13.5557092607799,30.31530023482,1959.94361105539,692.13294051052,37.83113482678,8930.77849321309,16.32825758095,11.69527014922,199.41928314455,1959.94361105539,692.13294051052,30.31530023482,13.5557092607799
220069,"EMMANUEL, FAZAKERLEY",WALTON,Liverpool,19454,15614.779616059,38.3195020787499,51.22324912029,9.71296296205999,130.67963441441,5.99999999894,41.9253582426099,2522.9623196741,1038.3973575703,38.3195020787499,15614.779616059,51.22324912029,9.71296296205999,130.67963441441,2522.9623196741,1038.3973575703,41.9253582426099,5.99999999894
220072,"ST. CHAD, KIRKBY",Huyton,Liverpool,37919,30963.1584945513,23.99999999743,22.90803282913,9.03372236771,53.95620433828,10.00000000176,37.02555910401,4644.13634375421,2154.78164330263,23.99999999743,30963.1584945513,22.90803282913,9.03372236771,53.95620433828,4644.13634375421,2154.78164330263,37.02555910401,10.00000000176
220077,"ST. JOHN THE EVANGELIST, WALTON-ON-THE-HILL",WALTON,Liverpool,13449,10578.170991184,21.9201495962799,15.39995358691,12.4472769414499,62.56960873771,2.11173184577,38.51542111062,2023.22058377207,694.64428321567,21.9201495962799,10578.170991184,15.39995358691,12.4472769414499,62.56960873771,2023.22058377207,694.64428321567,38.51542111062,2.11173184577
220078,"ST. LUKE THE EVANGELIST, WALTON ON THE HILL",WALTON,Liverpool,5396,4248.57118645149,7.79288464796999,8.37610648914,1.37579617958,45.83874926519,0.4729241873,8.96520321228,773.31598936027,301.29116016979,7.79288464796999,4248.57118645149,8.37610648914,1.37579617958,45.83874926519,773.31598936027,301.29116016979,8.96520321228,0.4729241873
220079,WALTON ON THE HILL,WALTON,Liverpool,21115,16653.2987562733,28.3013246452399,30.6174829293499,8.28435227196,199.023341431049,15.16982155598,50.95930276659,2872.78919542629,1256.55642269685,28.3013246452399,16653.2987562733,30.6174829293499,8.28435227196,199.023341431049,2872.78919542629,1256.55642269685,50.95930276659,15.16982155598
220081,"ST. MARGARET, ANFIELD",LIVERPOOL NORTH,Liverpool,3249,2264.180767932,7.9999999989,8.88813559422999,0.99999999936,127.56056728902,4.99999999756,1.99999999941,608.18650985018,224.1840193733,7.9999999989,2264.180767932,8.88813559422999,0.99999999936,127.56056728902,608.18650985018,224.1840193733,1.99999999941,4.99999999756
220082,"ST. ANDREW, CLUBMOOR",WEST DERBY,Liverpool,9984,7931.7192646129,36.6599811429,6.00679439346,4.99999999981999,44.69146046462,0,25.57621812932,1311.49328114802,622.853000182659,36.6599811429,7931.7192646129,6.00679439346,4.99999999981999,44.69146046462,1311.49328114802,622.853000182659,25.57621812932,0
220083,"THE HOLY SPIRIT, DOVECOT",WEST DERBY,Liverpool,9644,7509.33581882209,12.5476295976599,20.00000000399,5.00940438579,44.32914897442,1.9999999991,12.2899027389599,1436.95461471855,601.533480762079,12.5476295976599,7509.33581882209,20.00000000399,5.00940438579,44.32914897442,1436.95461471855,601.533480762079,12.2899027389599,1.9999999991
220085,ST. JOHN THE EVANGELIST KNOTTY ASH,WEST DERBY,Liverpool,11548,9518.6370966926,15.0473967132899,30.67721980552,11.80505414826,65.22373155025,1.15064583223,7.93519123986,1261.4437653748,636.07989875374,15.0473967132899,9518.6370966926,30.67721980552,11.80505414826,65.22373155025,1261.4437653748,636.07989875374,7.93519123986,1.15064583223
220087,CHRIST CHURCH NORRIS GREEN,WEST DERBY,Liverpool,6814,5481.4334407008,3.89796735498,3.00000000053,1.00000000146,26.38848286397,3.00000000144,3.20576263672,899.641822461199,392.432523926259,3.89796735498,5481.4334407008,3.00000000053,1.00000000146,26.38848286397,899.641822461199,392.432523926259,3.20576263672,3.00000000144
220088,ST. CHRISTOPHER NORRIS GREEN,WEST DERBY,Liverpool,2826,2285.76599356129,3.25746268667,3.00000000069,3.99999999976,8.7723880584,0,5.00000000030999,349.88863270781,166.31552295858,3.25746268667,2285.76599356129,3.00000000069,3.99999999976,8.7723880584,349.88863270781,166.31552295858,5.00000000030999,0
220090,"ST ANNE, STANLEY AND ST PAUL, STONEYCROFT",WEST DERBY,Liverpool,10798,8096.46591629729,31.76337042432,27.3055453744899,17.23023071276,149.163917795539,5.00000000041,24.2435668296799,1681.06470379134,765.76274872841,31.76337042432,8096.46591629729,27.3055453744899,17.23023071276,149.163917795539,1681.06470379134,765.76274872841,24.2435668296799,5.00000000041
220092,ALL SAINTS STONEYCROFT,WEST DERBY,Liverpool,5797,4443.5856725066,19.7562812994599,16.64934184323,7.32344160538,74.6604619887499,0,5.27332803225,838.73404060149,391.01743215112,19.7562812994599,4443.5856725066,16.64934184323,7.32344160538,74.6604619887499,838.73404060149,391.01743215112,5.27332803225,0
220093,"ST. JOHN THE BAPTIST, WEST DERBY",WEST DERBY,Liverpool,9369,6786.3043625267,34.5282995330399,23.2256896804799,7.41525423886999,208.82432295625,1.99999999924,15.4442119747699,1704.3744796319,586.883379501459,34.5282995330399,6786.3043625267,23.2256896804799,7.41525423886999,208.82432295625,1704.3744796319,586.883379501459,15.4442119747699,1.99999999924
220097,"SAINT MARY THE VIRGIN WITH SAINT JAMES, WEST DERBY",WEST DERBY,Liverpool,17969,15009.9134606332,43.49034262822,43.93999487715,13.0000000005,194.68616275575,3.88112756912,12.34576809272,1718.57043364479,929.172709828188,43.49034262822,15009.9134606332,43.93999487715,13.0000000005,194.68616275575,1718.57043364479,929.172709828188,12.34576809272,3.88112756912
220098,THE GOOD SHEPHERD WEST DERBY,WEST DERBY,Liverpool,11489,9205.94822285129,14.7157039815799,25.99999999769,6.89105058118999,98.5636869316201,4.0000000007,10.58939130072,1497.73297473508,624.558969613799,14.7157039815799,9205.94822285129,25.99999999769,6.89105058118999,98.5636869316201,1497.73297473508,624.558969613799,10.58939130072,4.0000000007
220099,"ST. PAUL THE APOSTLE, CROXTETH",WEST DERBY,Liverpool,2926,2409.69455896179,11.99999999884,0.12138728322,0.10894941624,13.25988384198,0,2.78260869513,316.23467540721,171.79793636285,11.99999999884,2409.69455896179,0.12138728322,0.10894941624,13.25988384198,316.23467540721,171.79793636285,2.78260869513,0
220100,"DITTON, ST. MICHAEL WITH ST. THOMAS",WIDNES,Liverpool,15553,12483.8923954641,11.00000000336,8.99999999845999,7.00000000446,19.99999999906,4.00000000350999,22.1066812184299,2110.86511662411,885.13580660579,11.00000000336,12483.8923954641,8.99999999845999,7.00000000446,19.99999999906,2110.86511662411,885.13580660579,22.1066812184299,4.00000000350999
220101,FARNWORTH,WIDNES,Liverpool,13526,11124.1617579388,24.66808510378,48.78407580893,6.85836909854999,37.8509657264999,1.9438202246,20.98204142634,1635.29598729978,625.454897347579,24.66808510378,11124.1617579388,48.78407580893,6.85836909854999,37.8509657264999,1635.29598729978,625.454897347579,20.98204142634,1.9438202246
220104,GARSTON,LIVERPOOL SOUTH CHILDWALL,Liverpool,6825,5091.26863985899,21.6114836300599,10.62096774134,16.54929577759,72.3344497939199,7.26829268242,10.94560669776,1215.96956958901,378.43169428369,21.6114836300599,5091.26863985899,10.62096774134,16.54929577759,72.3344497939199,1215.96956958901,378.43169428369,10.94560669776,7.26829268242
220105,"ST. STEPHEN, GATEACRE",LIVERPOOL SOUTH CHILDWALL,Liverpool,17713,13646.0737926908,39.8848484848099,63.17401601816,75.16153322017,94.94983277297,11.7759197328199,32.64458376663,2582.40406790422,1166.93140539333,39.8848484848099,13646.0737926908,63.17401601816,75.16153322017,94.94983277297,2582.40406790422,1166.93140539333,32.64458376663,11.7759197328199
220107,ST. MARY GREAT SANKEY,WARRINGTON,Liverpool,14005,10644.6460817566,24.44522603073,62.98082061585,6.99999999812,120.83384734381,11.04635761667,32.70863387736,2376.500415186,724.83861757625,24.44522603073,10644.6460817566,62.98082061585,6.99999999812,120.83384734381,2376.500415186,724.83861757625,32.70863387736,11.04635761667
220108,HALE ST MARY,WIDNES,Liverpool,3753,2928.8157548189,2.00000000237999,0,5.99999999931,5.99999999833999,0.292682926799999,2.98648648695999,560.958470657089,245.946605122949,2.00000000237999,2928.8157548189,0,5.99999999931,5.99999999833999,560.958470657089,245.946605122949,2.98648648695999,0.292682926799999
220110,HALEWOOD ST. NICHOLAS AND ST. MARY,LIVERPOOL SOUTH CHILDWALL,Liverpool,15397,12142.7957159967,29.99999999894,47.4845536814399,12.9999999962,80.14550263647,13.7073170706,17.1552794987199,2159.7766561729,892.93497510543,29.99999999894,12142.7957159967,47.4845536814399,12.9999999962,80.14550263647,2159.7766561729,892.93497510543,17.1552794987199,13.7073170706
220112,"ST. HILDA, HUNTS CROSS",LIVERPOOL SOUTH CHILDWALL,Liverpool,9238,7306.75483310489,13.3266234144599,66.6343164017599,14.91833179404,80.0166616376399,11.00000000062,18.29466062681,1209.95576633551,517.098806673849,13.3266234144599,7306.75483310489,66.6343164017599,14.91833179404,80.0166616376399,1209.95576633551,517.098806673849,18.29466062681,11.00000000062
220113,PENKETH,WARRINGTON,Liverpool,8360,6474.6102413471,13.53477397101,10.47863885146,2.00000000152,53.60032163036,5.99999999895,7.25136611867999,1307.9415012228,484.58315693168,13.53477397101,6474.6102413471,10.47863885146,2.00000000152,53.60032163036,1307.9415012228,484.58315693168,7.25136611867999,5.99999999895
220115,"ST AIDAN WITH ALL SAINTS', SPEKE",LIVERPOOL SOUTH CHILDWALL,Liverpool,13362,10114.4343721406,20.0233100195899,7.06764706005999,14.4623592393299,76.1772567270899,1.99999999972,30.1336953750699,2284.11404250566,813.58731697012,20.0233100195899,10114.4343721406,7.06764706005999,14.4623592393299,76.1772567270899,2284.11404250566,813.58731697012,30.1336953750699,1.99999999972
220117,"ST. AMBROSE, WIDNES",WIDNES,Liverpool,6897,5477.9341835333,17.0324324332099,16.9999999976999,0.19905213258,10.5598293335299,1.79620852973,9.99999999693,1009.80163570504,352.676658240559,17.0324324332099,5477.9341835333,16.9999999976999,0.19905213258,10.5598293335299,1009.80163570504,352.676658240559,9.99999999693,1.79620852973
220119,"ST. MARY, WIDNES",WIDNES,Liverpool,1525,1084.0000000142,2.00000000172,0,0,2.99999999839999,0,5.00000000476,338.9999999929,92.00000000255,2.00000000172,1084.0000000142,0,0,2.99999999839999,338.9999999929,92.00000000255,5.00000000476,0
220121,"ST. JOHN, AINSDALE",North Meols,Liverpool,10225,7667.19651701959,19.75040383009,18.00000000058,21.82608696009,34.9576470592499,0.999999999289999,23.87244806702,1788.53609390658,649.8608031826,19.75040383009,7667.19651701959,18.00000000058,21.82608696009,34.9576470592499,1788.53609390658,649.8608031826,23.87244806702,0.999999999289999
220122,ALTCAR,Sefton North,Liverpool,1307,998.568798235399,0.999999999209999,0,0.98122065712,7.43803629782999,0,2.59839357495,197.8707640582,98.54278714827,0.999999999209999,998.568798235399,0,0.98122065712,7.43803629782999,197.8707640582,98.54278714827,2.59839357495,0
220123,ST. STEPHEN IN THE BANKS,North Meols,Liverpool,3282,2529.3211295464,4.01562500192,7.01562499808999,2.04136162647,12.00000000483,0,2.14726848644,526.5646083977,198.89438201193,4.01562500192,2529.3211295464,7.01562499808999,2.04136162647,12.00000000483,526.5646083977,198.89438201193,2.14726848644,0
220124,ST. JAMES BIRKDALE,North Meols,Liverpool,5415,4117.92185759539,8.04214654365,26.00000000328,62.99999999674,6.04235294047,0.99999999984,18.00705882482,739.10130030861,435.88528381893,8.04214654365,4117.92185759539,26.00000000328,62.99999999674,6.04235294047,739.10130030861,435.88528381893,18.00705882482,0.99999999984
220125,"ST. JOHN, BIRKDALE",North Meols,Liverpool,11248,8212.2147947033,24.48343685882,6.30952380857,48.65196261477,32.5808219156,4.00000000223,33.24171842037,2235.61274063493,650.90500107333,24.48343685882,8212.2147947033,6.30952380857,48.65196261477,32.5808219156,2235.61274063493,650.90500107333,33.24171842037,4.00000000223
220127,ST. PETER BIRKDALE,North Meols,Liverpool,6220,4120.81561400649,12.3354500501999,7.38348531068999,7.74810871622,21.53100276847,2.69300911951999,17.4446856100399,1551.832584659,478.216059798529,12.3354500501999,4120.81561400649,7.38348531068999,7.74810871622,21.53100276847,1551.832584659,478.216059798529,17.4446856100399,2.69300911951999
220128,"ST. JOHN, CROSSENS",North Meols,Liverpool,5504,4161.93995747159,8.55035141606,0.26182965279,10.5612741815899,10.45999507118,0,10.23102266293,980.34310236459,321.652467220239,8.55035141606,4161.93995747159,0.26182965279,10.5612741815899,10.45999507118,980.34310236459,321.652467220239,10.23102266293,0
220129,"HOLY TRINITY, FORMBY",Sefton North,Liverpool,7061,5584.33900109599,6.9575715996,12.94833307421,7.04255319369,21.3464673292999,0.5592105256,8.38912255178,982.89263249075,436.52510819736,6.9575715996,5584.33900109599,12.94833307421,7.04255319369,21.3464673292999,982.89263249075,436.52510819736,8.38912255178,0.5592105256
220130,"ST. LUKE, FORMBY",Sefton North,Liverpool,4974,3946.65502793769,3.69306930706,8.99999999911999,9.09415584844,5.99999999837,1.09415584577,5.99999999837,703.431248320079,289.03234281101,3.69306930706,3946.65502793769,8.99999999911999,9.09415584844,5.99999999837,703.431248320079,289.03234281101,5.99999999837,1.09415584577
220131,FORMBY,Sefton North,Liverpool,10375,8334.02380867009,20.34935909579,17.05166692172,13.86329096629,8.21549636453999,4.34663362867,18.61087744765,1368.627546857,589.91132012693,20.34935909579,8334.02380867009,17.05166692172,13.86329096629,8.21549636453999,1368.627546857,589.91132012693,18.61087744765,4.34663362867
220132,NORTH MEOLS,North Meols,Liverpool,3833,2908.17174844219,8.77758886890999,0.573209549709999,20.5672845741599,13.3422143433799,2.59448818814,14.6431469972599,626.2336127855,238.09670624013,8.77758886890999,2908.17174844219,0.573209549709999,20.5672845741599,13.3422143433799,626.2336127855,238.09670624013,14.6431469972599,2.59448818814
220133,ALL SAINTS SOUTHPORT,North Meols,Liverpool,5756,4094.7978289994,13.32847695315,8.03978534977,61.95439098591,51.48746845435,0.06521739138,19.04416507566,1095.20600092309,412.076665948949,13.32847695315,4094.7978289994,8.03978534977,61.95439098591,51.48746845435,1095.20600092309,412.076665948949,19.04416507566,0.06521739138
220135,CHRIST CHURCH SOUTHPORT,North Meols,Liverpool,3692,2425.37061043469,15.18714734514,7.24962799143,11.12107838309,92.95459337776,3.26487349501,11.31425040581,857.869044959899,267.66877357404,15.18714734514,2425.37061043469,7.24962799143,11.12107838309,92.95459337776,857.869044959899,267.66877357404,11.31425040581,3.26487349501
220136,"EMMANUEL, SOUTHPORT",North Meols,Liverpool,10272,7703.0664580784,19.5874546828099,13.03149014782,29.5309563874,31.7838157428,3.47435238854,19.98571357022,1790.90088917396,660.63886986077,19.5874546828099,7703.0664580784,13.03149014782,29.5309563874,31.7838157428,1790.90088917396,660.63886986077,19.98571357022,3.47435238854
220137,HOLY TRINITY SOUTHPORT,North Meols,Liverpool,4234,2945.3474664193,21.0523944116,18.43036275558,14.84530853387,62.50452794435,0.85869565317,15.8061539077299,872.402674331,282.75241609267,21.0523944116,2945.3474664193,18.43036275558,14.84530853387,62.50452794435,872.402674331,282.75241609267,15.8061539077299,0.85869565317
220138,"ST. LUKE, SOUTHPORT",North Meols,Liverpool,3695,2428.28734507369,10.3553919052599,0.31704106731,8.46909768931999,28.96760413062,7.00000000165,13.0211572718599,961.8187853089,236.76357756019,10.3553919052599,2428.28734507369,0.31704106731,8.46909768931999,28.96760413062,961.8187853089,236.76357756019,13.0211572718599,7.00000000165
220140,SOUTHPORT ST. PHILIP AND ST. PAUL WITH WESLEY,North Meols,Liverpool,10731,7086.6878561464,42.9003764198399,40.8057263813599,34.93644108359,131.747021369069,17.0493637617899,38.06982418523,2590.17184005839,748.63155068297,42.9003764198399,7086.6878561464,40.8057263813599,34.93644108359,131.747021369069,2590.17184005839,748.63155068297,38.06982418523,17.0493637617899
220141,ST. SIMON AND ST. JUDE WITH ALL SOULS SOUTHPORT,North Meols,Liverpool,8594,5823.2469680586,29.63945833967,27.6047908449699,12.7535211251399,47.68017476262,2.00000000025,18.18402047953,2058.37462998079,574.516436434389,29.63945833967,5823.2469680586,27.6047908449699,12.7535211251399,47.68017476262,2058.37462998079,574.516436434389,18.18402047953,2.00000000025
220142,"CHRIST CHURCH, AUGHTON",Ormskirk,Liverpool,7636,6143.8796192055,4.86909581811999,18.68750000117,1.00000000104,7.71444947696999,8.99999999956,5.22457093266999,1007.68084657483,437.943917929969,4.86909581811999,6143.8796192055,18.68750000117,1.00000000104,7.71444947696999,1007.68084657483,437.943917929969,5.22457093266999,8.99999999956
220143,AUGHTON ST MICHAEL,Ormskirk,Liverpool,4744,3807.05839264829,5.33494936635,19.99999999866,5.99999999795,0.99999999904,8.89915966258999,2.00000000068,555.024563709589,338.682934704669,5.33494936635,3807.05839264829,19.99999999866,5.99999999795,0.99999999904,555.024563709589,338.682934704669,2.00000000068,8.89915966258999
220144,HOLY TRINITY BICKERSTAFFE,Ormskirk,Liverpool,1584,1229.1302668929,1.2658861286,5.41049705096,1.25832836326,2.93452733495999,0.3201993712,4.20898272831,243.7989006321,95.67241144832,1.2658861286,1229.1302668929,5.41049705096,1.25832836326,2.93452733495999,243.7989006321,95.67241144832,4.20898272831,0.3201993712
220147,ST.JOHN BURSCOUGH BRIDGE,Ormskirk,Liverpool,9650,7689.7320636483,11.61750882749,18.00000000209,4.8520900324,26.6229946471,2.07508532346,13.65173716848,1367.80817992367,515.64034047746,11.61750882749,7689.7320636483,18.00000000209,4.8520900324,26.6229946471,1367.80817992367,515.64034047746,13.65173716848,2.07508532346
220151,HALSALL ST CUTHBERT,Ormskirk,Liverpool,1718,1392.3021846569,3.40330511531,0,1.33130698991999,0,0,2.89413714478999,207.69366133766,110.37540474099,3.40330511531,1392.3021846569,0,1.33130698991999,0,207.69366133766,110.37540474099,2.89413714478999,0
220152,ST. JAMES WESTHEAD,Ormskirk,Liverpool,1831,1438.8752970026,4.08670412638,10.50181076384,0,5.53313950662,0.54976206869,5.08186687769,274.40193789078,91.9694817472899,4.08670412638,1438.8752970026,10.50181076384,0,5.53313950662,274.40193789078,91.9694817472899,5.08186687769,0.54976206869
220153,"LYDIATE AND DOWNHOLLAND, ST THOMAS",Ormskirk,Liverpool,7105,5878.6431336134,5.40204842929,13.00000000366,2.66869301060999,5.00000000149999,3.99999999819,6.31880143653999,783.57352463551,406.393798913409,5.40204842929,5878.6431336134,13.00000000366,2.66869301060999,5.00000000149999,783.57352463551,406.393798913409,6.31880143653999,3.99999999819
220154,MAGHULL ST ANDREW,Sefton North,Liverpool,9873,8249.09915982129,20.4112812269699,1.9999999992,9.03809523749999,20.8430590818199,0.99999999976,14.7419354824199,1060.8567250215,495.00974422055,20.4112812269699,8249.09915982129,1.9999999992,9.03809523749999,20.8430590818199,1060.8567250215,495.00974422055,14.7419354824199,0.99999999976
220155,MAGHULL ST PETER,Sefton North,Liverpool,5969,4899.8004007836,5.94920634909,12.0000000016899,0.94920634783,6.25806451723,0.99999999981,0.25806451632,731.59658749196,311.18846993102,5.94920634909,4899.8004007836,12.0000000016899,0.94920634783,6.25806451723,731.59658749196,311.18846993102,0.25806451632,0.99999999981
220156,MAGHULL ST JAMES,Sefton North,Liverpool,4550,3766.53228041489,7.89345858569,4.99999999993999,0.01877934272,7.89887640554999,0,5.82059800494999,477.283367714099,279.552639502919,7.89345858569,3766.53228041489,4.99999999993999,0.01877934272,7.89887640554999,477.283367714099,279.552639502919,5.82059800494999,0
220157,"ST. THOMAS, MELLING",Sefton North,Liverpool,3499,2838.00141266509,2.01269841081999,8.99999999844,6.00453514654999,4.00719424756999,1.99999999807999,0.999999999039999,431.69593306503,205.2782263942,2.01269841081999,2838.00141266509,8.99999999844,6.00453514654999,4.00719424756999,431.69593306503,205.2782263942,0.999999999039999,1.99999999807999
220158,CHRIST CHURCH NEWBURGH,Ormskirk,Liverpool,1113,882.824018883499,0.09148264977,0.1409395974,1.00000000045,10.82649842352,0,5.11537641754,151.8929118319,61.10877215273,0.09148264977,882.824018883499,0.1409395974,1.00000000045,10.82649842352,151.8929118319,61.10877215273,5.11537641754,0
220159,ORMSKIRK,Ormskirk,Liverpool,13095,9619.6760110173,30.6219565541599,42.40004179534,6.71611253459,61.21419404461,14.1557935775899,28.21544478655,2568.81204996795,723.188395719199,30.6219565541599,9619.6760110173,42.40004179534,6.71611253459,61.21419404461,2568.81204996795,723.188395719199,28.21544478655,14.1557935775899
220161,"ST. MARK, SCARISBRICK",Ormskirk,Liverpool,3244,2542.76229668129,9.06643618894999,5.99999999824,2.14790996613,7.99999999903999,0,6.40557275573,466.31255500391,203.30522942938,9.06643618894999,2542.76229668129,5.99999999824,2.14790996613,7.99999999903999,466.31255500391,203.30522942938,6.40557275573,0
220163,"ST. PAUL, SKELMERSDALE",Ormskirk,Liverpool,10495,7903.238962852,17.99999999844,7.96138996388,0,14.98069497943,12.99999999866,27.0000000023,1896.5442136454,614.27473854237,17.99999999844,7903.238962852,7.96138996388,0,14.98069497943,1896.5442136454,614.27473854237,27.0000000023,12.99999999866
220168,"ST. DAVID, CARR MILL",SAINT HELENS,Liverpool,4770,3598.06802595239,5.000000001,9.99999999908,0,12.0085227282499,2.99999999922,12.2419354803299,807.60283660181,322.078679242399,5.000000001,3598.06802595239,9.99999999908,0,12.0085227282499,807.60283660181,322.078679242399,12.2419354803299,2.99999999922
220169,"CHRIST CHURCH, ECCLESTON",SAINT HELENS,Liverpool,7005,5897.895256243,5.85794485648,3.81879420266,5.99999999971999,4.18199608823,2.97769516832,13.5725148406199,655.438006729309,415.257791912819,5.85794485648,5897.895256243,3.81879420266,5.99999999971999,4.18199608823,655.438006729309,415.257791912819,13.5725148406199,2.97769516832
220170,"ST. LUKE, ECCLESTON",SAINT HELENS,Liverpool,7792,6219.7326996675,13.00118712881,16.40431266957,1.99999999823999,33.15017322086,0,12.12324401728,1092.04692397715,403.541459347479,13.00118712881,6219.7326996675,16.40431266957,1.99999999823999,33.15017322086,1092.04692397715,403.541459347479,12.12324401728,0
220171,"ST. THOMAS, ECCLESTON",SAINT HELENS,Liverpool,2400,1802.32540439859,3.76049432169,4.12865496972,3.26239067022,12.37294655938,0,11.5045903526899,415.56790007354,147.07761862041,3.76049432169,1802.32540439859,4.12865496972,3.26239067022,12.37294655938,415.56790007354,147.07761862041,11.5045903526899,0
220172,"ST. JAMES WITH ST MATTHEW, ECCLESTON",SAINT HELENS,Liverpool,9304,7517.40048585149,18.81647271424,41.02239249736,1.37401574705,51.15484841039,4.27272727201,21.5894295984299,1165.62229315478,482.747334701769,18.81647271424,7517.40048585149,41.02239249736,1.37401574705,51.15484841039,1165.62229315478,482.747334701769,21.5894295984299,4.27272727201
220173,ST. JAMES HAYDOCK,WINWICK,Liverpool,8364,6816.0284868536,15.71216560876,29.2276443863399,3.99999999941,17.9999999964999,0,23.5295553097199,1070.10510661524,387.39704120568,15.71216560876,6816.0284868536,29.2276443863399,3.99999999941,17.9999999964999,1070.10510661524,387.39704120568,23.5295553097199,0
220174,"ST. MARK, HAYDOCK",SAINT HELENS,Liverpool,8101,6618.7024126158,2.6267605636,18.44014084091,2.00000000084999,10.04545454546,0.9999999999,18.80054177171,1043.37594666725,386.008742977839,2.6267605636,6618.7024126158,18.44014084091,2.00000000084999,10.04545454546,1043.37594666725,386.008742977839,18.80054177171,0.9999999999
220176,HUYTON,Huyton,Liverpool,12572,10250.1387388936,7.58981897323,48.73623769088,10.00000000068,50.0129341673199,3.99316629058,7.89276154997999,1476.70916681821,716.92717558638,7.58981897323,10250.1387388936,48.73623769088,10.00000000068,50.0129341673199,1476.70916681821,716.92717558638,7.89276154997999,3.99316629058
220177,"ST. GABRIEL, HUYTON QUARRY",Huyton,Liverpool,8935,7212.085682297,10.37903225662,8.79032258165,0.999999999,15.66501240522,6.0000000003,22.0022023597699,1154.0086657218,505.069082312769,10.37903225662,7212.085682297,8.79032258165,0.999999999,15.66501240522,1154.0086657218,505.069082312769,22.0022023597699,6.0000000003
220178,"ST. PAUL, BLACKBROOK",SAINT HELENS,Liverpool,7708,6376.7286836396,9.00000000144999,14.1769041760999,0,23.6635083833499,3.60305343611,19.7415875041099,913.08350856836,348.00275434432,9.00000000144999,6376.7286836396,14.1769041760999,0,23.6635083833499,913.08350856836,348.00275434432,19.7415875041099,3.60305343611
220179,"ST. PETER, PARR",SAINT HELENS,Liverpool,7164,5365.6104988676,11.6918032742499,4.66899746158,2.00000000213999,7.02139737537,1.79442290646,14.946875461669901,1303.77690178029,452.489102868,11.6918032742499,5365.6104988676,4.66899746158,2.00000000213999,7.02139737537,1303.77690178029,452.489102868,14.946875461669901,1.79442290646
220180,ST. PHILIP DERBYSHIRE HILL,SAINT HELENS,Liverpool,4929,3612.95743989699,8.30819672632,12.1540983581599,0,21.5770491779,1.60252366015,10.72085277328,983.950752716799,277.72908668643,8.30819672632,3612.95743989699,12.1540983581599,0,21.5770491779,983.950752716799,277.72908668643,10.72085277328,1.60252366015
220181,"HOLY TRINITY, PARR MOUNT",SAINT HELENS,Liverpool,2312,1661.7895276701,8.25842290787999,10.9399948385,0,20.12956626354,0,4.25515378135,478.159347038,128.467987511589,8.25842290787999,1661.7895276701,10.9399948385,0,20.12956626354,478.159347038,128.467987511589,4.25515378135,0
220182,PRESCOT,Huyton,Liverpool,12837,10160.2405749941,20.03984064191,58.70063081531,3.15424164574,58.98399529032,0.99999999936,18.82780595999,1784.24922567671,731.803684889199,20.03984064191,10160.2405749941,58.70063081531,3.15424164574,58.98399529032,1784.24922567671,731.803684889199,18.82780595999,0.99999999936
220185,ALL SAINTS RAINFORD,Ormskirk,Liverpool,7745,6430.8500483321,5.99999999982,5.00000000094,0.9999999987,18.0053844004399,0,16.90651434051,854.04305957282,413.194993286789,5.99999999982,6430.8500483321,5.00000000094,0.9999999987,18.0053844004399,854.04305957282,413.194993286789,16.90651434051,0
220186,"ST. ANN, RAINHILL",SAINT HELENS,Liverpool,13557,10960.4329290184,25.7310171490399,109.78627031322,4.48169792875999,63.19086660563,7.41830727459999,23.53266289498,1547.55670466682,814.869544238139,25.7310171490399,10960.4329290184,109.78627031322,4.48169792875999,63.19086660563,1547.55670466682,814.869544238139,23.53266289498,7.41830727459999
220187,"ST. JOHN THE EVANGELIST, RAVENHEAD",SAINT HELENS,Liverpool,11569,9061.2570367585,36.29106976532,52.79535398557,3.73484825336,77.7043073105999,3.36514522848,19.76459406865,1693.72624574217,620.361398904,36.29106976532,9061.2570367585,52.79535398557,3.73484825336,77.7043073105999,1693.72624574217,620.361398904,19.76459406865,3.36514522848
220189,ROBY,Huyton,Liverpool,14525,11961.3861097268,18.40334731848,9.17492404093,3.00000000125,46.0691020990299,1.93965517433,10.10503608602,1678.36317463224,796.558650943559,18.40334731848,11961.3861097268,9.17492404093,3.00000000125,46.0691020990299,1678.36317463224,796.558650943559,10.10503608602,1.93965517433
220191,ST. HELENS,SAINT HELENS,Liverpool,4416,3288.9854284214,10.09583505584,14.78236169728,1.00000000001,11.16276946176,1.00000000001,13.18431385909,821.9417544205,253.847537063299,10.09583505584,3288.9854284214,14.78236169728,1.00000000001,11.16276946176,821.9417544205,253.847537063299,13.18431385909,1.00000000001
220194,"ST. MARK, ST. HELENS",SAINT HELENS,Liverpool,5217,4173.55803019599,5.43891046002,2.78085290637,0,20.42948765674,0,16.2365970069,688.88983549402,309.66628624884,5.43891046002,4173.55803019599,2.78085290637,0,20.42948765674,688.88983549402,309.66628624884,16.2365970069,0
220195,SUTTON,SAINT HELENS,Liverpool,23262,18149.8387276397,54.05104809383,24.90289793329,9.00000000079,51.2584731400699,8.00000000199,47.65942945013,3590.26118545138,1327.02823806985,54.05104809383,18149.8387276397,24.90289793329,9.00000000079,51.2584731400699,3590.26118545138,1327.02823806985,47.65942945013,8.00000000199
220199,"ST. NICHOLAS, WHISTON",Huyton,Liverpool,9852,7847.88210922469,16.4560003617199,16.4934842225,2.99280575426999,14.8172812201499,0,11.06881986276,1402.94095312097,539.34854622508,16.4560003617199,7847.88210922469,16.4934842225,2.99280575426999,14.8172812201499,1402.94095312097,539.34854622508,11.06881986276,0
220200,"ST. MICHAEL, BURTON WOOD",WINWICK,Liverpool,3878,3056.8121018923,7.99999999878,11.9999999996499,3.99999999921,3.99999999753,0.99999999872,10.66560509534,577.64331209433,203.878980897809,7.99999999878,3056.8121018923,11.9999999996499,3.99999999921,3.99999999753,577.64331209433,203.878980897809,10.66560509534,0.99999999872
220201,CROFT WITH SOUTHWORTH,WINWICK,Liverpool,1853,1377.15489143749,3.19480736933999,0.03752039174,0.11256117476,14.16376154416,6.98377895148,3.59264891551,343.274384438499,104.48564577212,3.19480736933999,1377.15489143749,0.03752039174,0.11256117476,14.16376154416,343.274384438499,104.48564577212,3.59264891551,6.98377895148
220203,"ST. JOHN THE BAPTIST, EARLESTOWN",WINWICK,Liverpool,4465,3268.4713217772,4.43280711011,0,4.00000000065,28.71875717553,0,14.61571138215,870.576316271499,274.185086315999,4.43280711011,3268.4713217772,0,4.00000000065,28.71875717553,870.576316271499,274.185086315999,14.61571138215,0
220204,ALL SAINTS GLAZEBURY,WINWICK,Liverpool,1278,988.169670050299,4.05063290915,4.00000000027,0.68907562988,0.0506329114,0,1.76502499538,213.132831326,66.14213216415,4.05063290915,988.169670050299,4.00000000027,0.68907562988,0.0506329114,213.132831326,66.14213216415,1.76502499538,0
220205,GOLBORNE ST THOMAS,WINWICK,Liverpool,9998,7493.31701036139,21.07952740756,6.26353790805,4.04120878955,41.5543865685899,0.99710982645,29.7870508983599,1792.21224608784,608.747922215129,21.07952740756,7493.31701036139,6.26353790805,4.04120878955,41.5543865685899,1792.21224608784,608.747922215129,29.7870508983599,0.99710982645
220206,HOLLINFARE,WINWICK,Liverpool,1962,1471.6636757634,1.00000000105,3.00000000045,3.96287703042,10.0159743764799,1.00000000105,2.00000000162,345.312999198799,124.04447364683,1.00000000105,1471.6636757634,3.00000000045,3.96287703042,10.0159743764799,345.312999198799,124.04447364683,2.00000000162,1.00000000105
220207,LOWTON ST LUKE,WINWICK,Liverpool,9942,7695.02596943349,29.19286701905,15.7008374447999,0.950549451499999,56.0884478988299,1.30564246592,12.88737026183,1507.50010953393,623.348206378729,29.19286701905,7695.02596943349,15.7008374447999,0.950549451499999,56.0884478988299,1507.50010953393,623.348206378729,12.88737026183,1.30564246592
220208,LOWTON ST MARY,WINWICK,Liverpool,4234,3280.58961123149,16.53151686966,9.64429529829,2.00000000022,20.89602446504,5.55045871617999,6.07184971586999,659.505505205899,233.210738472619,16.53151686966,3280.58961123149,9.64429529829,2.00000000022,20.89602446504,659.505505205899,233.210738472619,6.07184971586999,5.55045871617999
220209,NEWCHURCH,WINWICK,Liverpool,8883,6395.5509873291,42.9847978208899,7.61734686869999,11.1689514381499,116.27265424682,15.16301003798,33.6888636910999,1754.8936210922,505.65976751584,42.9847978208899,6395.5509873291,7.61734686869999,11.1689514381499,116.27265424682,1754.8936210922,505.65976751584,33.6888636910999,15.16301003798
220210,NEWTON IN MAKERFIELD EMMANUEL,WINWICK,Liverpool,5284,3891.7756159803,7.82578318717,18.8104575161799,0.99999999898,18.00766283288,2.99999999864999,15.74746514914,1025.3668127614,302.466202574019,7.82578318717,3891.7756159803,18.8104575161799,0.99999999898,18.00766283288,1025.3668127614,302.466202574019,15.74746514914,2.99999999864999
220211,ST. PETER NEWTON IN MAKERFIELD,WINWICK,Liverpool,6981,5276.07500737129,22.4516020248699,8.21303241711,1.91219655889,35.7315081077499,0,35.93080767331,1263.11925984368,337.56658592552,22.4516020248699,5276.07500737129,8.21303241711,1.91219655889,35.7315081077499,1263.11925984368,337.56658592552,35.93080767331,0
220212,ALL SAINTS NEWTON-LE-WILLOWS,WINWICK,Liverpool,5372,4040.5466987238,14.42374086581,13.9999999999399,0.09604519767,40.5667971551,3.99999999675,7.71425754869999,1003.82347666163,246.82898378591,14.42374086581,4040.5466987238,13.9999999999399,0.09604519767,40.5667971551,1003.82347666163,246.82898378591,7.71425754869999,3.99999999675
220213,ST. ANDREW ORFORD,WARRINGTON,Liverpool,9322,6354.58633702059,7.91198830065999,8.69665706392,0,52.2494400998099,1.00000000202,28.4200961502999,2305.85470744979,563.280773909979,7.91198830065999,6354.58633702059,8.69665706392,0,52.2494400998099,2305.85470744979,563.280773909979,28.4200961502999,1.00000000202
220214,ST. MARGARET AND ALL HALLOWS ORFORD,WARRINGTON,Liverpool,7207,5334.5192697779,22.86620527787,4.34879747907,3.00000000082,41.02928986616,0,12.10741138707,1384.68809558226,404.44093057625,22.86620527787,5334.5192697779,4.34879747907,3.00000000082,41.02928986616,1384.68809558226,404.44093057625,12.10741138707,0
220215,PADGATE,WARRINGTON,Liverpool,8949,7033.77373066909,14.8030499902399,2.99999999996,2.00000000019,18.1938192211899,1.0000000017,19.0198700801599,1359.41242479838,497.797105280539,14.8030499902399,7033.77373066909,2.99999999996,2.00000000019,18.1938192211899,1359.41242479838,497.797105280539,19.0198700801599,1.0000000017
220217,BIRCHWOOD AND WOOLSTON,WARRINGTON,Liverpool,17855,12660.3363242224,40.99999999889,79.9999999992099,17.0371229643599,121.98402562749,29.99999999622,41.9999999970799,3804.68700077936,1057.95552636332,40.99999999889,12660.3363242224,79.9999999992099,17.0371229643599,121.98402562749,3804.68700077936,1057.95552636332,41.9999999970799,29.99999999622
220218,"HOLY TRINITY, WARRINGTON",WARRINGTON,Liverpool,2360,1357.35451512449,11.71170948583,79.540354421360007,0,149.46848041846,0.584795322,8.66566448378,619.4407599636,133.233720794759,11.71170948583,1357.35451512449,79.540354421360007,0,149.46848041846,619.4407599636,133.233720794759,8.66566448378,0.584795322
220220,"ST. ANN, WARRINGTON",WARRINGTON,Liverpool,5406,3711.4738915011,12.53594118306,15.05734820317,0,78.6493665094099,9.00000000051,21.33112980146,1263.7262930066,294.22602980395,12.53594118306,3711.4738915011,15.05734820317,0,78.6493665094099,1263.7262930066,294.22602980395,21.33112980146,9.00000000051
220221,ST. BARNABAS WARRINGTON,WARRINGTON,Liverpool,9854,6444.6485857543,10.30260869797,47.92200727766,3.00000000189,215.571209448829,5.00000000088,34.03519059202,2512.2015929652,581.318805086929,10.30260869797,6444.6485857543,47.92200727766,3.00000000189,215.571209448829,2512.2015929652,581.318805086929,34.03519059202,5.00000000088
220222,WARRINGTON,WARRINGTON,Liverpool,10920,7287.45707384949,21.94444444719,64.4802900999599,6.00000000124,146.54051777216,5.4152046772999904,23.99051720912,2665.54506918243,698.626882835199,21.94444444719,7287.45707384949,64.4802900999599,6.00000000124,146.54051777216,2665.54506918243,698.626882835199,23.99051720912,5.4152046772999904
220225,WINWICK,WINWICK,Liverpool,2444,1795.42105266609,7.00000000167,13.00000000006,2.99999999818,17.99999999779,5.00000000182,7.00000000024,464.4210526207,131.15789473956,7.00000000167,1795.42105266609,13.00000000006,2.99999999818,17.99999999779,464.4210526207,131.15789473956,7.00000000024,5.00000000182
220227,ALL SAINTS LIVERPOOL,LIVERPOOL NORTH,Liverpool,21361,13640.4585787929,195.271989173559,262.081692294749,18.3166366823899,1259.26446604064,38.6907248783599,60.1886955701899,4449.03549679458,1437.69171973555,195.271989173559,13640.4585787929,262.081692294749,18.3166366823899,1259.26446604064,4449.03549679458,1437.69171973555,60.1886955701899,38.6907248783599
220262,"HOUGH GREEN, ST. BASIL AND ALL SAINTS",WIDNES,Liverpool,9224,7487.59447918529,15.00000000241,29.15974440448,1.14163090242,26.31948881761,8.00000000064,17.21992600865,1212.49119974684,427.07353099186,15.00000000241,7487.59447918529,29.15974440448,1.14163090242,26.31948881761,1212.49119974684,427.07353099186,17.21992600865,8.00000000064
220265,CINNAMON BROW,WARRINGTON,Liverpool,9238,6477.7065962372,18.94405262133,12.9545454575399,3.00000000213999,77.31787668845,6.99999999983,32.47012028228,2112.39105706639,496.21575172535,18.94405262133,6477.7065962372,12.9545454575399,3.00000000213999,77.31787668845,2112.39105706639,496.21575172535,32.47012028228,6.99999999983
220267,WESTBROOK ST. PHILIP (OLDHALL AND CALLANDS),WARRINGTON,Liverpool,11392,7918.8148645692,22.74861367922,193.31703760162,5.00000000243,197.90967370087,102.46615982246,40.6527281532099,2241.49452796419,669.596394531569,22.74861367922,7918.8148645692,193.31703760162,5.00000000243,197.90967370087,2241.49452796419,669.596394531569,40.6527281532099,102.46615982246
220268,WESTBROOK ST. JAMES (HOOD  MANOR),WARRINGTON,Liverpool,10183,6896.457329737,21.2513863220799,251.223502936699,0.999999999289999,283.47443224815,67.4874825647399,24.34727185108,2137.240213374,500.518380837889,21.2513863220799,6896.457329737,251.223502936699,0.999999999289999,283.47443224815,2137.240213374,500.518380837889,24.34727185108,67.4874825647399
220274,KEW,North Meols,Liverpool,2328,1644.9999999919,5.99999999895,24.0000000012099,0.9999999994,34.00000000114,1,8.99999999896,442.0000000133,165.99999998789,5.99999999895,1644.9999999919,24.0000000012099,0.9999999994,34.00000000114,442.0000000133,165.99999998789,8.99999999896,1
220275,"ST. CUTHBERT, CROXTETH PARK",WEST DERBY,Liverpool,7044,5858.05330180489,33.0940628340299,35.0000000032999,1.9999999997,59.11224489844,3.00000000044,11.00000000304,724.556302192589,318.184088270699,33.0940628340299,5858.05330180489,35.0000000032999,1.9999999997,59.11224489844,724.556302192589,318.184088270699,11.00000000304,3.00000000044
220277,ST. HELENS ST ANDREW,SAINT HELENS,Liverpool,7696,6109.3880989982,12.15463917372,5.51630777897999,0,20.12249972455,0.02230483272,12.45722303542,1100.87492703581,435.463999514119,12.15463917372,6109.3880989982,5.51630777897999,0,20.12249972455,1100.87492703581,435.463999514119,12.45722303542,0.02230483272
220279,"ST. MATTHEW AND ST. LEONARD, BOOTLE",Sefton South,Liverpool,18734,13904.9292209844,31.19718531586,49.73668521872,4.38043478175999,152.18532355081,7.99999999913999,47.47750233872,3318.43748870804,1217.65615922788,31.19718531586,13904.9292209844,49.73668521872,4.38043478175999,152.18532355081,3318.43748870804,1217.65615922788,47.47750233872,7.99999999913999
220280,TOXTETH ST. PHILEMON,TOXTETH & WAVERTREE,Liverpool,10053,5803.34094791009,66.38991100462,100.555182250039,10.3775278094999,1298.8466671881,9.72206542519,45.83847313121,1980.71197113747,737.217254231179,66.38991100462,5803.34094791009,100.555182250039,10.3775278094999,1298.8466671881,1980.71197113747,737.217254231179,45.83847313121,9.72206542519
220281,DINGLE ST. GABRIEL AND ST. CLEOPAS,TOXTETH & WAVERTREE,Liverpool,8652,6522.69477538269,33.92789118961,40.68825882442,10.28051041301,284.065658845159,1.34004637438,22.81426325981,1168.29482339782,567.893772240309,33.92789118961,6522.69477538269,40.68825882442,10.28051041301,284.065658845159,1168.29482339782,567.893772240309,22.81426325981,1.34004637438
220282,WIGAN CENTRAL,Wigan,Liverpool,27133,21375.5981205488,56.71120077467,42.49520767633,5.99999999782,279.128037093139,11.81002638587,64.4929259611199,3863.57874002612,1433.18574162825,56.71120077467,21375.5981205488,42.49520767633,5.99999999782,279.128037093139,3863.57874002612,1433.18574162825,64.4929259611199,11.81002638587
220283,WIGAN EAST (CHAPELFIELDS),Wigan,Liverpool,37528,29340.8788227016,55.39929327106,39.00000000175,6.95518868034,200.14199220026,12.99999999881,71.2884288545799,5681.05219711648,2120.28407708537,55.39929327106,29340.8788227016,39.00000000175,6.95518868034,200.14199220026,5681.05219711648,2120.28407708537,71.2884288545799,12.99999999881
220284,WIGAN NORTH EAST,Wigan,Liverpool,13317,11192.1021269781,21.6799289388799,17.0350194560299,2.99999999827,55.0955400605499,0,23.65208209582,1332.74626598156,671.68903648265,21.6799289388799,11192.1021269781,17.0350194560299,2.99999999827,55.0955400605499,1332.74626598156,671.68903648265,23.65208209582,0
220285,WIGAN NORTH WEST,Wigan,Liverpool,25658,19878.3089285929,37.1797550041299,38.9966000239899,6.99999999613,139.80855021568,1.9999999978,60.5669111281599,4026.8250000895,1467.31425489603,37.1797550041299,19878.3089285929,38.9966000239899,6.99999999613,139.80855021568,4026.8250000895,1467.31425489603,60.5669111281599,1.9999999978
220286,WIGAN SOUTH,Wigan,Liverpool,36614,29652.7277503577,46.54362415891,34.0258632545699,9.0000000011,69.5240520558,11.99999999982,77.46675197936,4789.47859383816,1923.23336427991,46.54362415891,29652.7277503577,34.0258632545699,9.0000000011,69.5240520558,4789.47859383816,1923.23336427991,77.46675197936,11.99999999982
220287,WIGAN TOWN CENTRE,Wigan,Liverpool,17596,13121.980126919,90.5743336806399,85.81609424431,4.00000000052999,248.343677826749,1.99999999824999,42.9397562093999,2918.94855480666,1081.39745636827,90.5743336806399,13121.980126919,85.81609424431,4.00000000052999,248.343677826749,2918.94855480666,1081.39745636827,42.9397562093999,1.99999999824999
220288,WIGAN WEST,Wigan,Liverpool,28149,22853.7407667346,65.06706318289,31.25301517744,6.00000000099999,157.63762037981,2.9999999988,34.1300064632399,3567.08789816669,1431.08362990759,65.06706318289,22853.7407667346,31.25301517744,6.00000000099999,157.63762037981,3567.08789816669,1431.08362990759,34.1300064632399,2.9999999988
220289,UP HOLLAND AND DALTON,Ormskirk,Liverpool,32311,23268.9248276648,30.5311572806599,63.43658841792,14.99999999696,93.9622477535999,34.00000000129,80.97411681459,6964.39400657071,1759.77705559461,30.5311572806599,23268.9248276648,63.43658841792,14.99999999696,93.9622477535999,6964.39400657071,1759.77705559461,80.97411681459,34.00000000129
220290,WIDNES ST. JOHN AND ST. PAUL,WIDNES,Liverpool,13393,10508.8520815356,24.9675675737399,23.9999999995399,4.80094786664,47.6018957359,8.20379146741,35.99999999912,1973.65735881607,764.91635710306,24.9675675737399,10508.8520815356,23.9999999995399,4.80094786664,47.6018957359,1973.65735881607,764.91635710306,35.99999999912,8.20379146741
220291,EVERTON ST. PETER WITH ST. JOHN CHRYSOSTOM,LIVERPOOL NORTH,Liverpool,6775,5026.47555849699,28.38628304157,38.49632646438,4.68407260406,193.610239904209,2.8014184394,19.6849126501299,973.784914538139,487.076273847549,28.38628304157,5026.47555849699,38.49632646438,4.68407260406,193.610239904209,973.784914538139,487.076273847549,19.6849126501299,2.8014184394
220292,WEST DERBY ST. LUKE AND STOCKBRIDGE VILLAGE ST. JUDE,Huyton,Liverpool,16519,13179.3713886533,32.6354316979599,17.1954140237499,9.99059561542,79.9041560664199,1.02857142626,24.6852077852899,2155.7196300174,1018.46960468814,32.6354316979599,13179.3713886533,17.1954140237499,9.99059561542,79.9041560664199,2155.7196300174,1018.46960468814,24.6852077852899,1.02857142626
220293,EARLSFIELD ST. MARY WITH ST. GEORGE,Huyton,Liverpool,11177,8879.70154312199,10.98699699673,14.0888382682099,6.99999999864999,26.1862265114899,0.00683371299,8.10647921375,1484.09764676334,746.82543531145,10.98699699673,8879.70154312199,14.0888382682099,6.99999999864999,26.1862265114899,1484.09764676334,746.82543531145,8.10647921375,0.00683371299
221001,LIVERPOOL CATHEDRAL PRECINCT ex. Par,Closed or Unattached churches,Liverpool,184,90.0877598152,1.69976905335999,0.42494226288,0.42494226288,3.39953810671999,0,0.42494226288,69.6905311711999,17.84757505752,1.69976905335999,90.0877598152,0.42494226288,0.42494226288,3.39953810671999,69.6905311711999,17.84757505752,0.42494226288,0
