rel..sa_id,rel..total_persons,rel..christian_church_of_scotland,rel..christian_roman_catholic,rel..christian_other_christian,rel..buddhist,rel..hindu,rel..jewish,rel..muslim,rel..sikh,rel..other_religion,rel..no_religion,rel..religion_not_stated
S00094124,62,27,2,11,0,0,0,0,0,0,15,7
S00094125,50,11,5,7,0,0,0,0,0,1,21,5
S00094126,56,41,0,0,0,0,0,0,0,0,10,5
S00094127,56,38,0,6,0,1,0,0,0,0,7,4
S00094128,101,41,5,12,0,0,0,0,0,0,41,2
S00094129,128,59,9,6,0,0,0,0,0,0,44,10
S00094130,120,73,4,11,0,0,0,0,0,2,24,6
S00094131,80,50,1,6,1,0,0,0,0,1,14,7
S00094132,101,44,6,12,0,0,0,0,0,2,25,12
S00094133,94,25,1,10,0,0,0,1,0,4,37,16
S00094119,133,62,8,9,0,0,0,0,0,0,43,11
S00094120,78,19,2,10,2,0,0,0,0,0,26,19
S00094121,100,24,3,6,1,0,0,0,1,0,51,14
S00094122,136,36,3,17,0,0,0,0,0,0,71,9
S00094595,119,44,3,15,0,0,0,0,0,0,50,7
S00094725,87,36,1,11,0,0,0,0,0,0,31,8
S00094726,113,56,4,6,0,0,0,0,0,1,39,7
S00094727,106,25,5,17,0,0,0,0,0,1,56,2
S00094556,153,49,7,11,0,0,0,0,0,3,74,9
S00094557,50,26,4,2,0,0,0,0,0,0,12,6
S00094558,116,33,9,14,0,0,0,0,0,0,44,16
S00094559,121,56,6,10,0,0,0,0,0,0,43,6
S00094560,111,42,11,7,0,0,0,0,0,0,42,9
S00094561,159,45,7,25,0,0,0,0,0,1,75,6
S00094562,64,23,0,4,1,0,0,0,0,1,28,7
S00094563,71,26,1,10,1,0,1,0,0,0,29,3
S00094564,109,44,5,11,0,0,0,0,0,0,43,6
S00094118,88,44,4,6,0,0,0,0,0,0,28,6
S00094123,177,55,13,27,2,0,0,0,0,1,58,21
S00094592,95,35,8,7,0,0,0,0,0,0,31,14
S00094593,92,32,3,7,0,0,0,0,0,1,34,15
S00094800,103,45,8,9,0,0,0,0,0,0,38,3
S00094801,61,26,1,14,0,0,0,0,0,0,14,6
S00094115,82,28,5,11,0,0,3,0,0,1,20,14
S00094116,96,14,3,10,2,0,1,0,0,0,58,8
S00094117,113,32,9,14,0,0,0,0,0,1,46,11
S00094594,129,24,6,27,0,0,0,0,0,0,56,16
S00094724,134,60,3,15,0,0,0,0,0,0,40,16
S00094508,148,66,25,7,1,0,0,0,0,0,42,7
S00094509,128,55,21,13,1,0,0,0,0,0,26,12
S00094510,115,51,21,10,0,0,0,0,0,0,26,7
S00094511,55,17,3,9,0,0,0,0,0,1,22,3
S00094512,127,66,9,12,1,0,0,0,0,1,26,12
S00094514,143,62,23,7,0,0,0,0,0,1,40,10
S00094661,82,29,14,12,0,0,0,0,0,0,14,13
S00094079,129,21,24,0,0,0,0,2,0,1,75,6
S00094791,127,30,33,7,0,0,0,0,0,0,53,4
S00094792,212,96,36,16,0,0,0,4,0,0,47,13
S00094794,206,58,29,8,0,0,0,0,0,0,86,25
S00094795,112,38,17,5,0,0,0,0,0,0,46,6
S00094517,90,43,13,4,1,0,0,0,0,1,22,6
S00094519,99,49,17,5,0,0,0,0,0,0,20,8
S00094520,157,67,42,11,0,0,0,0,0,0,31,6
S00094526,78,38,15,0,0,0,0,0,0,3,8,14
S00094790,100,48,25,1,0,0,0,0,0,0,20,6
S00094793,166,75,27,10,2,0,0,1,0,0,43,8
S00094530,113,68,12,4,1,0,0,0,0,0,23,5
S00094531,103,28,22,4,0,0,0,0,0,0,45,4
S00094666,64,32,4,8,0,0,0,0,0,4,13,3
S00094786,173,86,23,17,0,0,0,4,0,0,34,9
S00094787,128,56,18,16,0,0,0,0,0,0,30,8
S00094788,190,93,25,13,0,0,0,0,0,0,50,9
S00094527,80,29,13,2,0,0,0,0,0,0,30,6
S00094528,172,51,42,7,2,0,0,0,0,1,60,9
S00094529,111,47,26,15,0,0,0,0,0,0,18,5
S00094665,124,48,25,3,0,0,1,0,0,0,39,8
S00094680,65,18,22,2,1,0,0,0,0,0,19,3
S00094681,161,49,28,6,0,0,0,0,0,0,54,24
S00094789,73,29,11,8,0,0,0,0,0,0,25,0
S00094524,129,76,14,7,0,1,0,0,0,0,28,3
S00094525,87,34,19,5,0,0,0,0,0,0,23,6
S00094663,108,53,14,8,0,0,0,0,0,0,32,1
S00094667,139,51,26,14,1,0,0,0,0,0,41,6
S00094780,112,62,20,0,1,0,0,0,0,1,24,4
S00094781,79,28,13,7,0,0,0,0,0,1,21,9
S00094784,182,94,20,7,0,0,0,0,0,0,50,11
S00094785,80,36,13,3,0,0,0,1,0,0,25,2
S00094518,65,34,11,4,0,0,0,0,0,0,15,1
S00094522,104,48,29,7,0,0,0,0,0,0,17,3
S00094523,94,26,22,4,0,0,0,2,0,0,31,9
S00094782,105,36,16,0,0,0,0,0,0,0,33,20
S00094783,152,58,33,3,0,1,0,0,0,0,53,4
S00094513,113,42,13,16,0,0,0,0,0,0,36,6
S00094515,88,26,9,3,0,0,0,0,0,0,40,10
S00094516,128,37,16,8,1,0,0,0,0,0,55,11
S00094521,73,29,16,3,0,1,0,0,0,0,24,0
S00094778,96,44,19,10,0,0,0,0,0,0,20,3
S00094779,65,17,17,2,1,0,0,0,0,1,20,7
S00094532,121,37,19,8,0,3,0,4,0,1,48,1
S00094533,108,40,24,8,0,0,0,0,0,0,28,8
S00094535,140,66,15,7,0,0,0,0,0,0,40,12
S00094540,124,44,16,11,0,0,0,0,0,0,32,21
S00094541,105,30,24,4,0,3,0,0,1,0,37,6
S00094542,92,23,12,1,0,0,0,0,0,0,54,2
S00094668,67,28,9,3,1,0,0,0,0,1,16,9
S00094669,154,61,22,16,0,0,0,0,0,0,39,16
S00094534,126,47,15,11,0,0,0,0,0,0,42,11
S00094536,134,64,23,10,1,0,0,0,0,0,31,5
S00094538,144,63,22,6,0,0,0,0,0,0,44,9
S00094682,128,59,32,2,0,0,0,0,0,0,25,10
S00094537,156,56,20,13,0,0,0,5,0,0,52,10
S00094539,107,49,15,8,0,0,0,0,0,0,24,11
S00094543,83,28,15,5,0,0,0,0,0,2,21,12
S00094545,108,20,28,12,0,0,0,0,0,0,42,6
S00094546,83,29,14,9,0,0,0,0,0,0,24,7
S00094547,125,56,27,6,0,0,0,0,0,0,33,3
S00094796,114,43,17,5,0,0,0,0,0,1,41,7
S00094797,78,25,16,4,1,0,0,0,0,1,26,5
S00094544,137,32,29,8,0,0,0,0,0,0,59,9
S00094548,72,35,8,7,0,0,0,0,0,0,14,8
S00094549,135,59,19,4,0,0,0,0,0,1,36,16
S00094550,52,21,7,2,0,0,0,0,0,0,16,6
S00094551,106,35,21,5,0,0,0,0,0,1,37,7
S00094090,167,71,14,19,0,0,0,0,0,0,58,5
S00094091,129,46,25,14,0,0,0,0,0,0,36,8
S00094092,164,85,9,10,0,0,0,0,0,0,45,15
S00094581,171,91,20,21,1,0,0,0,0,1,28,9
S00094584,108,45,15,6,1,0,0,0,0,0,38,3
S00094552,175,89,19,9,0,0,0,0,0,0,39,19
S00094553,129,71,16,4,0,0,3,0,0,0,24,11
S00094554,139,63,28,4,0,0,0,0,0,2,34,8
S00094555,112,35,20,7,1,0,0,0,0,1,42,6
S00094670,70,19,10,6,0,0,0,0,0,0,31,4
S00094586,122,56,2,11,0,0,0,0,0,0,42,11
S00094715,157,70,3,13,2,0,0,0,0,0,28,41
S00094716,158,56,17,15,0,0,0,0,0,2,59,9
S00094717,170,79,13,21,0,0,0,0,0,1,54,2
S00094718,110,32,10,12,0,0,0,0,0,0,50,6
S00094719,150,66,4,20,0,0,1,0,0,0,54,5
S00094720,58,25,0,9,0,0,0,0,0,0,20,4
S00094098,59,27,3,7,0,0,0,0,0,0,20,2
S00094099,128,72,8,5,1,0,0,0,0,1,34,7
S00094582,87,39,6,8,0,0,0,0,0,0,30,4
S00094583,105,50,6,9,1,0,0,0,0,1,31,7
S00094587,116,47,2,17,0,0,0,0,0,1,32,17
S00094721,62,26,3,6,0,0,0,0,0,0,22,5
S00094722,136,64,11,16,0,0,0,0,0,2,37,6
S00094093,108,45,6,19,0,0,0,0,0,0,27,11
S00094094,99,51,4,9,0,0,0,0,0,0,27,8
S00094095,142,65,6,10,0,1,0,0,0,0,54,6
S00094096,131,58,8,10,0,0,0,0,0,1,37,17
S00094097,120,50,17,10,0,0,0,0,0,0,34,9
S00094585,136,52,8,13,0,0,1,0,0,1,53,8
S00094085,136,51,18,12,0,0,0,0,0,0,42,13
S00094086,125,61,8,15,0,0,0,0,0,0,32,9
S00094087,89,47,11,3,0,0,0,0,0,0,21,7
S00094088,120,64,12,3,1,0,0,0,0,0,33,7
S00094713,143,59,11,16,1,0,0,0,0,2,49,5
S00094714,143,65,14,13,0,0,0,0,0,0,41,10
S00094078,167,51,14,16,0,0,0,0,0,2,72,12
S00094080,84,29,4,10,0,0,0,0,0,0,31,10
S00094083,104,34,8,9,0,0,0,0,0,0,42,11
S00094084,76,33,1,6,1,0,0,0,0,0,31,4
S00094089,109,43,8,5,0,1,0,0,0,0,43,9
S00094711,138,52,9,20,0,0,0,0,0,0,52,5
S00094712,108,38,25,6,0,0,0,0,0,0,36,3
S00093995,52,19,6,5,0,0,0,0,0,0,22,0
S00094069,79,26,8,14,0,0,0,0,0,1,17,13
S00094070,164,49,12,28,1,1,0,0,0,1,57,15
S00094071,121,42,46,9,0,0,0,0,0,0,18,6
S00094572,192,66,30,14,0,0,0,0,0,0,61,21
S00094709,72,28,6,3,1,0,0,0,0,0,27,7
S00094710,126,46,27,3,0,0,1,0,0,0,39,10
S00094077,117,46,4,11,0,0,2,0,0,0,41,13
S00094081,103,38,11,4,2,0,0,0,0,0,38,10
S00094082,147,60,9,21,0,0,0,0,0,0,43,14
S00094577,108,34,5,4,0,0,0,0,0,0,49,16
S00094578,113,33,18,18,0,0,0,0,0,0,36,8
S00094579,57,11,5,7,0,0,0,0,0,0,31,3
S00094072,79,12,9,11,0,0,0,0,0,0,43,4
S00094073,109,39,8,18,0,0,0,0,0,0,36,8
S00094074,72,37,3,8,0,0,0,0,0,0,23,1
S00094075,88,31,17,13,0,0,0,0,0,0,21,6
S00094076,109,40,5,10,0,0,0,0,0,1,47,6
S00094573,70,23,4,8,0,0,0,0,0,0,32,3
S00094574,128,64,2,10,0,0,0,0,0,1,44,7
S00094575,94,33,10,11,0,0,0,0,0,0,40,0
S00094576,59,8,4,2,0,0,0,0,0,1,40,4
S00094062,87,38,6,1,0,0,0,0,0,0,38,4
S00094063,114,52,6,4,0,0,0,0,0,0,42,10
S00094064,83,55,6,0,0,0,0,0,0,0,20,2
S00094065,116,64,6,1,0,0,0,0,0,1,37,7
S00094066,91,39,12,12,0,0,0,0,0,1,19,8
S00094067,86,31,13,3,0,0,0,0,1,0,24,14
S00094068,86,41,6,6,0,0,0,0,0,1,30,2
S00094571,106,47,6,0,0,0,1,0,0,0,33,19
S00094059,130,46,6,19,0,0,0,0,0,0,48,11
S00094060,162,75,12,12,1,0,0,0,0,0,41,21
S00094061,218,78,21,17,0,0,0,0,0,4,85,13
S00094700,104,33,6,9,1,0,0,0,0,0,44,11
S00094707,85,44,4,14,3,0,0,0,0,0,13,7
S00094708,71,24,6,11,0,0,0,0,0,0,26,4
S00094053,204,64,20,12,0,0,0,0,0,1,104,3
S00094054,74,18,6,7,0,0,0,0,0,0,37,6
S00094055,96,29,4,5,0,0,0,0,0,0,52,6
S00094056,134,41,6,18,2,0,0,0,0,0,45,22
S00094057,62,19,1,2,0,0,0,0,0,0,28,12
S00094701,81,17,3,6,1,0,0,0,0,0,46,8
S00094702,127,55,8,10,0,0,0,0,0,0,41,13
S00094703,114,48,7,10,0,0,0,0,0,0,39,10
S00094704,80,39,2,3,0,0,0,0,0,1,33,2
S00094058,121,27,12,11,1,0,1,0,0,0,57,12
S00094568,114,41,7,5,0,0,0,0,0,0,51,10
S00094570,137,31,3,11,1,0,0,0,0,0,75,16
S00094705,69,27,7,3,0,0,0,0,0,3,21,8
S00094706,194,85,23,13,0,0,0,2,0,2,62,7
S00094486,147,77,15,2,0,0,0,0,0,1,45,7
S00094487,142,73,9,4,0,0,0,0,0,0,40,16
S00094488,129,78,5,9,0,0,0,0,0,0,33,4
S00094489,132,54,7,5,0,0,0,0,0,1,42,23
S00094490,85,38,8,7,0,2,0,0,0,1,16,13
S00094491,63,30,3,8,0,0,0,0,0,1,16,5
S00094498,106,33,13,7,0,0,0,0,0,2,40,11
S00094499,136,37,13,8,0,0,0,0,0,0,58,20
S00094492,116,62,4,10,0,0,0,0,0,0,34,6
S00094493,79,45,2,0,0,0,0,0,0,0,31,1
S00094494,107,35,9,4,0,0,0,2,0,1,51,5
S00094496,146,63,8,20,0,0,0,0,0,0,38,17
S00094658,99,57,8,2,0,0,0,0,0,0,21,11
S00094659,70,35,4,9,0,0,0,0,0,0,19,3
S00094774,130,37,10,8,0,0,0,0,0,0,67,8
S00094775,114,55,9,8,0,0,0,0,0,0,34,8
S00094495,138,68,11,10,1,0,0,0,0,0,36,12
S00094497,106,32,13,5,0,0,0,0,0,1,35,20
S00094699,84,26,4,5,0,0,0,0,0,1,35,13
S00094773,107,55,3,13,0,0,0,0,0,2,22,12
S00094776,170,82,10,5,0,0,0,0,0,0,57,16
S00094777,70,28,8,2,0,0,0,3,0,0,27,2
S00094482,202,83,16,7,1,0,0,0,0,0,87,8
S00094483,124,52,10,5,0,0,0,0,0,1,49,7
S00094484,145,62,14,5,1,0,0,1,0,0,47,15
S00094656,53,24,7,2,1,0,0,0,0,0,18,1
S00094657,83,24,5,8,1,0,0,0,0,1,35,9
S00094478,143,54,11,12,1,0,0,0,0,0,50,15
S00094479,160,95,8,7,0,1,0,0,0,0,41,8
S00094480,81,46,5,3,1,0,0,0,0,0,22,4
S00094481,112,62,2,6,1,0,0,0,0,0,31,10
S00094485,95,34,10,4,0,0,1,2,0,1,30,13
S00094771,65,24,7,5,0,0,0,0,0,1,23,5
S00094772,86,36,2,8,1,0,0,0,0,1,29,9
S00094049,141,54,14,15,0,0,0,0,0,1,40,17
S00094050,119,48,9,10,0,1,0,0,0,0,31,20
S00094051,113,45,16,8,0,0,0,0,0,1,35,8
S00094052,141,46,5,15,0,0,0,0,0,0,63,12
S00094567,118,43,2,8,0,0,0,0,0,2,40,23
S00094697,52,28,3,5,0,0,0,0,0,0,15,1
S00094698,63,21,5,4,0,0,0,0,0,0,29,4
S00094044,148,72,6,16,0,0,0,0,0,1,39,14
S00094045,100,43,5,11,0,0,0,0,0,0,33,8
S00094046,172,62,19,14,0,0,0,0,0,0,65,12
S00094047,69,27,2,8,0,0,0,0,0,0,28,4
S00094048,106,44,8,9,2,0,0,0,0,0,32,11
S00094246,103,42,3,3,0,0,0,0,0,0,41,14
S00094247,161,70,8,10,0,0,0,0,0,1,61,11
S00094252,111,57,2,6,0,0,0,0,0,0,35,11
S00094253,78,33,7,12,0,0,0,0,0,0,16,10
S00094254,97,41,2,14,1,0,0,0,0,0,20,19
S00094620,97,58,7,0,1,0,0,0,0,0,26,5
S00094622,83,35,1,6,2,0,0,0,0,0,29,10
S00094248,96,65,7,1,2,0,0,0,0,1,16,4
S00094249,111,71,2,0,1,4,0,0,0,0,28,5
S00094250,100,55,11,9,0,0,0,0,0,0,21,4
S00094251,82,50,1,8,0,0,0,0,0,1,16,6
S00094621,60,30,3,3,0,0,0,0,0,0,21,3
S00094113,62,41,1,2,0,0,0,0,0,0,14,4
S00094114,134,48,5,8,4,0,0,0,0,0,60,9
S00094591,132,40,9,25,1,0,0,0,0,2,44,11
S00094103,75,32,0,6,0,0,0,0,0,1,26,10
S00094104,73,25,6,9,0,0,0,0,0,0,29,4
S00094110,88,32,6,11,0,0,0,0,0,0,29,10
S00094111,89,46,0,13,0,0,0,0,0,0,20,10
S00094112,150,68,13,3,0,3,1,0,0,0,48,14
S00094589,87,43,7,4,1,0,0,0,0,0,30,2
S00094590,103,45,5,5,0,4,0,0,0,0,42,2
S00094723,168,76,6,7,1,0,0,1,0,0,60,17
S00094101,150,92,2,11,0,0,0,0,0,0,38,7
S00094102,102,35,2,8,0,0,1,0,0,0,42,14
S00094105,127,85,7,6,1,0,0,0,0,0,26,2
S00094106,51,37,0,0,1,0,0,0,0,0,10,3
S00094107,71,47,3,2,0,0,0,0,0,0,16,3
S00094108,88,42,8,10,0,0,0,0,0,0,18,10
S00094109,95,62,0,2,0,0,0,0,0,0,27,4
S00094588,81,45,1,6,0,0,0,0,0,1,25,3
S00094197,89,53,0,0,0,0,0,0,0,0,34,2
S00094198,126,68,12,3,0,0,0,0,0,0,30,13
S00094199,71,43,3,5,0,0,0,0,0,0,15,5
S00094200,173,88,5,15,0,0,0,0,0,0,51,14
S00094201,111,45,14,7,0,0,0,0,0,0,38,7
S00094202,149,64,6,6,0,0,0,1,0,0,53,19
S00094609,65,28,9,5,0,0,0,0,0,0,20,3
S00094191,86,34,7,8,0,0,0,0,0,0,23,14
S00094192,98,71,3,3,0,0,0,0,0,1,18,2
S00094193,162,88,12,16,1,0,0,0,0,0,39,6
S00094194,147,82,14,6,0,0,0,0,0,0,31,14
S00094195,91,56,1,6,0,0,0,0,0,0,20,8
S00094196,114,55,5,4,0,0,0,0,0,1,45,4
S00094608,148,84,0,11,0,0,0,0,0,0,41,12
S00094035,96,68,4,7,0,0,0,0,0,0,10,7
S00094036,67,25,4,8,0,0,0,0,0,0,16,14
S00094040,76,43,3,4,0,0,0,0,0,0,19,7
S00094041,111,66,6,6,1,0,0,0,0,1,17,14
S00094042,92,42,3,10,0,0,0,0,0,2,22,13
S00094043,97,40,5,5,0,0,0,0,0,1,43,3
S00094100,163,69,7,8,0,0,0,0,0,5,68,6
S00094037,107,44,7,16,0,0,0,0,0,0,32,8
S00094038,104,59,2,16,0,0,0,0,0,0,24,3
S00094039,84,44,4,5,1,0,0,0,0,0,26,4
S00094565,78,46,3,5,0,0,0,0,0,0,19,5
S00094675,118,63,2,4,0,0,0,2,0,2,34,11
S00094677,72,44,7,2,0,0,0,0,0,2,13,4
S00094695,128,80,5,7,0,0,0,0,0,1,30,5
S00094696,87,52,6,6,0,0,0,0,0,0,19,4
S00094033,117,48,11,1,0,0,0,0,0,1,42,14
S00094034,116,60,14,6,0,0,0,0,0,0,29,7
S00094671,84,54,2,9,0,0,0,0,0,0,13,6
S00094672,88,56,3,4,0,0,0,0,0,0,11,14
S00094673,109,79,5,9,0,0,0,0,0,0,13,3
S00094674,153,76,9,21,2,0,0,1,0,0,37,7
S00094693,87,55,5,2,0,0,0,0,0,0,14,11
S00094694,113,63,4,7,0,0,0,0,0,1,32,6
S00094803,119,92,3,3,0,0,0,0,0,0,19,2
S00094662,73,43,6,2,0,0,0,0,0,0,16,6
S00094664,165,101,9,3,0,0,0,1,0,0,31,20
S00094691,113,64,10,19,0,0,0,0,0,0,9,11
S00094692,57,33,2,0,0,0,0,0,0,0,20,2
S00094802,97,52,3,6,0,0,0,0,0,0,28,8
S00094176,136,78,6,10,0,0,0,0,0,1,33,8
S00094177,160,95,9,13,0,0,0,0,0,0,35,8
S00094178,102,50,8,6,0,0,0,0,0,0,28,10
S00094179,75,48,2,0,1,0,0,0,0,0,15,9
S00094180,165,68,12,8,0,0,0,0,0,1,65,11
S00094183,88,54,3,3,0,0,0,0,0,2,18,8
S00094676,80,48,3,4,0,0,0,0,0,0,19,6
S00094172,198,75,24,4,0,0,0,5,0,0,83,7
S00094173,56,35,4,2,0,0,1,0,0,0,10,4
S00094174,102,43,4,4,0,0,0,0,0,0,43,8
S00094175,143,65,7,8,0,0,0,5,0,0,49,9
S00094181,82,56,1,3,0,0,0,0,0,0,15,7
S00094182,97,53,6,3,0,0,0,0,0,0,29,6
S00094187,72,44,5,5,0,0,0,0,0,0,14,4
S00094184,105,60,3,5,0,0,0,0,0,0,28,9
S00094185,102,34,8,1,0,0,0,0,0,0,45,14
S00094186,90,56,3,4,0,0,0,0,0,0,21,6
S00094188,54,30,0,1,0,0,0,0,0,0,19,4
S00094189,100,58,3,3,0,0,0,0,0,1,25,10
S00094606,168,79,10,6,3,0,0,0,0,0,50,20
S00094678,54,39,4,1,0,0,0,0,0,0,4,6
S00094679,137,81,6,5,0,0,0,0,0,0,30,15
S00094164,106,30,11,4,0,0,0,0,0,1,52,8
S00094165,99,33,6,4,1,0,0,0,0,0,48,7
S00094170,102,52,2,8,0,0,0,2,0,0,26,12
S00094171,77,34,15,3,1,0,0,1,0,0,19,4
S00094735,151,39,11,9,0,0,0,0,0,0,83,9
S00094159,78,45,2,7,1,0,0,0,0,0,20,3
S00094160,71,48,4,1,0,0,0,0,0,0,11,7
S00094161,62,53,1,3,0,0,0,0,0,0,4,1
S00094167,101,54,5,5,0,0,0,0,0,0,31,6
S00094168,129,68,5,2,0,0,0,0,0,0,46,8
S00094169,51,36,1,6,0,0,0,0,0,0,8,0
S00094605,101,52,5,11,0,0,0,2,0,0,30,1
S00094607,65,44,3,2,0,0,0,0,0,0,14,2
S00094156,143,76,5,6,0,0,0,0,0,0,41,15
S00094157,205,109,14,15,0,0,0,0,0,0,58,9
S00094158,157,85,10,6,1,0,0,0,0,1,49,5
S00094190,52,28,2,3,0,0,0,0,0,0,18,1
S00094733,52,38,0,0,0,0,0,0,0,1,10,3
S00094734,143,90,15,3,0,0,0,0,0,0,29,6
S00094032,107,63,8,2,0,0,0,0,0,1,25,8
S00094162,99,71,6,7,1,0,0,0,0,0,13,1
S00094163,161,102,6,12,0,0,0,0,0,0,34,7
S00094166,126,73,12,3,0,0,0,1,0,1,31,5
S00094736,128,64,13,10,0,0,0,0,0,0,26,15
S00094243,60,31,13,1,0,0,0,0,0,0,12,3
S00094244,113,60,17,6,0,0,0,0,0,0,24,6
S00094245,69,32,4,6,0,0,0,0,0,1,19,7
S00094746,89,37,22,7,0,0,0,0,0,1,16,6
S00094747,61,17,9,6,0,0,0,0,0,0,25,4
S00094748,78,32,10,7,0,0,0,0,0,0,21,8
S00094237,136,50,33,7,0,0,0,0,0,1,35,10
S00094238,82,42,6,6,0,0,0,0,0,0,21,7
S00094239,127,64,28,2,0,0,0,0,0,0,33,0
S00094240,105,43,15,8,1,0,0,0,0,1,32,5
S00094241,76,40,6,2,1,0,0,0,0,0,23,4
S00094242,101,60,7,8,0,0,0,0,0,0,22,4
S00094619,113,47,13,5,0,0,0,0,0,1,34,13
S00094217,84,49,5,0,0,0,0,3,0,1,22,4
S00094218,99,31,17,2,0,0,0,0,0,0,41,8
S00094219,108,37,13,5,0,0,0,0,0,0,49,4
S00094220,106,53,11,4,0,0,1,0,0,1,29,7
S00094221,125,53,23,6,0,0,0,0,0,1,37,5
S00094222,113,41,28,9,0,0,0,0,0,0,27,8
S00094610,105,46,15,4,0,0,0,0,0,0,33,7
S00094611,86,37,10,6,0,0,0,0,0,0,26,7
S00093998,136,80,6,4,0,0,0,0,0,0,36,10
S00094566,61,36,7,1,0,0,0,0,1,0,14,2
S00094569,145,62,18,8,0,0,0,5,0,0,46,6
S00094580,135,63,11,4,0,0,0,0,0,0,42,15
S00094798,85,48,8,3,0,0,0,0,0,0,17,9
S00094799,89,46,4,3,0,0,1,0,0,0,26,9
S00094235,120,46,17,5,1,0,0,0,0,0,45,6
S00094236,114,63,14,4,0,0,0,0,0,0,25,8
S00094616,62,23,4,11,0,0,0,0,0,0,21,3
S00094617,51,35,4,2,0,0,0,0,0,0,8,2
S00094742,96,34,19,6,0,3,0,0,0,0,23,11
S00094233,59,18,15,7,0,0,0,0,0,0,12,7
S00094234,214,62,23,18,0,0,0,0,0,0,95,16
S00094740,77,46,11,5,0,0,1,0,0,0,12,2
S00094741,52,4,13,6,0,0,0,0,0,2,20,7
S00094743,120,23,13,5,0,0,0,0,0,0,73,6
S00094745,73,30,18,4,0,0,0,0,0,1,14,6
S00094227,65,19,10,4,1,0,0,0,0,0,27,4
S00094228,94,40,17,8,0,0,0,0,0,0,22,7
S00094229,83,27,16,4,1,0,0,0,0,0,30,5
S00094230,88,27,17,6,0,0,0,0,0,1,33,4
S00094231,82,37,8,5,0,0,0,0,0,0,20,12
S00094232,54,15,15,2,2,0,0,0,0,0,13,7
S00094744,77,34,9,2,0,0,0,1,0,0,20,11
S00094223,126,49,17,6,0,0,0,0,0,3,36,15
S00094224,90,49,11,9,0,0,0,0,0,0,18,3
S00094225,126,65,13,3,0,0,0,0,0,0,31,14
S00094226,93,43,15,1,0,0,0,0,0,0,23,11
S00094613,56,13,12,6,1,0,0,0,0,2,21,1
S00094737,110,51,23,4,0,0,0,0,0,0,27,5
S00094203,60,24,11,2,0,0,0,0,0,0,18,5
S00094204,101,41,18,1,0,0,0,0,0,0,29,12
S00094205,115,50,21,9,0,0,0,0,0,0,28,7
S00094206,108,35,18,0,0,0,0,0,0,1,45,9
S00094207,146,44,16,10,1,0,0,0,0,2,66,7
S00094208,80,34,19,0,0,0,0,0,0,0,26,1
S00094209,130,37,18,5,0,0,0,0,0,0,54,16
S00094210,135,52,24,9,0,0,0,0,0,2,43,5
S00094211,82,21,18,3,1,0,0,0,0,0,37,2
S00094212,110,25,23,2,0,0,0,0,0,0,50,10
S00094213,52,22,20,4,0,0,0,0,0,0,4,2
S00094214,128,50,13,10,0,0,0,0,0,4,41,10
S00094215,67,28,9,4,0,0,0,0,0,1,18,7
S00094216,133,45,16,11,0,0,0,0,0,2,41,18
S00094738,50,21,6,1,1,0,0,0,0,3,17,1
S00094739,132,51,18,5,0,0,0,0,0,1,43,14
S00093999,104,49,5,6,0,1,0,0,0,1,34,8
S00094000,72,25,9,8,2,0,0,0,0,0,21,7
S00094001,50,27,3,4,0,0,0,0,0,0,11,5
S00094002,55,22,4,1,0,0,0,0,0,0,24,4
S00094003,64,31,2,2,0,0,0,0,0,0,25,4
S00094004,87,46,7,2,0,0,0,1,0,0,23,8
S00094005,96,48,2,9,0,0,0,0,0,0,27,10
S00094006,130,53,7,9,0,0,0,0,0,0,48,13
S00094007,119,24,17,18,0,0,0,0,0,2,52,6
S00094008,177,72,8,12,0,1,0,0,0,0,63,21
S00094009,59,37,4,0,1,0,0,0,0,0,10,7
S00094010,51,23,9,1,0,0,0,0,0,0,12,6
S00094026,92,45,8,1,0,0,0,0,0,1,25,12
S00094255,128,47,12,8,0,0,0,1,0,0,48,12
S00094260,87,32,8,11,0,0,0,0,0,0,25,11
S00094612,78,43,9,1,0,0,0,0,0,0,12,13
S00094614,76,21,6,6,4,0,0,0,0,0,37,2
S00094615,155,40,12,18,2,0,0,1,0,0,72,10
S00094618,118,56,19,8,0,0,0,0,0,0,28,7
S00094256,93,42,13,7,1,0,0,0,0,0,21,9
S00094257,130,50,18,8,0,0,0,2,0,0,42,10
S00094258,109,37,13,6,2,0,0,0,0,1,38,12
S00094259,130,57,20,9,0,0,0,0,0,1,30,13
S00094261,59,22,8,7,0,0,0,0,0,0,14,8
S00094623,56,34,4,7,0,0,0,0,0,0,8,3
S00094624,122,58,9,4,0,0,0,0,0,0,45,6
S00094749,87,31,13,3,0,0,0,0,0,0,36,4
S00094019,58,18,3,2,0,0,0,0,0,0,20,15
S00094020,128,55,3,9,0,0,0,0,0,0,52,9
S00094021,75,33,5,1,1,0,0,0,0,0,27,8
S00094022,136,59,12,15,1,0,0,0,0,2,44,3
S00094023,90,45,4,7,0,0,0,0,0,5,26,3
S00094633,66,29,5,7,0,0,0,0,0,1,19,5
S00094686,108,36,10,8,2,0,0,0,0,0,36,16
S00094687,110,53,9,7,0,0,0,0,0,0,25,16
S00094688,120,45,8,14,0,0,0,0,0,0,41,12
S00094689,56,25,5,3,0,0,0,0,0,0,18,5
S00094015,125,53,16,5,1,0,0,0,0,0,36,14
S00094016,124,45,14,2,3,0,0,0,0,0,43,17
S00094017,62,26,6,6,0,0,0,1,0,2,17,4
S00094018,157,49,12,8,0,0,0,1,0,1,73,13
S00094631,58,31,4,9,1,0,0,0,0,0,9,4
S00094685,116,44,15,9,0,0,0,0,0,0,38,10
S00094690,72,32,2,13,0,0,0,0,0,0,18,7
S00094024,78,25,14,6,1,0,1,0,0,0,25,6
S00094025,143,53,15,14,1,0,0,0,0,0,49,11
S00094027,141,68,3,12,0,0,0,0,1,1,42,14
S00094028,54,26,6,3,0,0,0,0,0,0,14,5
S00094029,116,55,8,7,0,0,0,0,0,2,35,9
S00094030,145,74,7,15,0,0,0,0,0,0,39,10
S00094031,126,42,15,18,0,0,0,0,0,2,35,14
S00093997,68,20,7,6,0,0,0,0,0,0,24,11
S00094013,163,66,15,8,0,0,0,0,0,0,62,12
S00094014,167,70,19,11,1,0,0,0,0,0,54,12
S00094331,137,43,21,10,0,0,0,0,0,1,52,10
S00094332,110,43,17,0,0,0,0,0,0,0,44,6
S00094683,164,68,11,18,0,0,0,0,0,3,61,3
S00094684,82,45,6,2,0,0,0,0,0,1,21,7
S00094333,162,68,12,17,3,0,0,0,0,0,47,15
S00094334,124,54,12,9,1,0,0,1,0,2,31,14
S00094754,110,52,8,14,0,0,0,0,1,0,27,8
S00094755,83,37,6,17,0,0,0,0,0,0,16,7
S00094756,55,17,6,0,1,0,0,1,0,0,25,5
S00094293,111,45,6,0,0,0,0,0,0,0,51,9
S00094294,80,48,5,2,0,0,0,1,0,0,15,9
S00094295,163,77,13,30,0,0,0,0,0,0,33,10
S00094296,89,49,6,5,3,0,0,0,0,0,10,16
S00094297,81,37,12,6,0,0,0,0,0,1,19,6
S00094298,80,36,9,3,0,0,0,0,0,1,23,8
S00094299,166,64,29,19,0,0,0,0,0,0,40,14
S00094330,65,28,15,7,0,0,0,0,0,0,13,2
S00094632,60,24,2,3,0,0,0,0,0,1,25,5
S00094750,74,24,15,1,0,0,0,0,0,0,27,7
S00094751,74,30,10,4,0,0,0,0,0,0,27,3
S00094301,151,44,21,11,0,0,0,0,0,0,54,21
S00094326,65,28,4,4,0,0,0,0,0,0,26,3
S00094328,197,69,35,5,1,0,0,0,0,1,77,9
S00094329,176,60,21,7,0,0,0,0,0,1,37,50
S00094752,84,40,13,2,1,0,1,0,0,0,20,7
S00094753,114,46,22,7,0,0,0,0,0,0,26,13
S00094308,133,52,27,9,1,0,0,0,0,0,38,6
S00094309,105,57,20,3,0,0,0,0,0,0,19,6
S00094314,101,32,17,4,0,0,0,0,0,1,34,13
S00094323,147,65,36,3,2,0,0,0,0,0,33,8
S00094324,90,32,8,12,0,0,0,0,0,0,24,14
S00094327,111,47,13,8,0,0,0,0,0,0,39,4
S00094315,141,39,17,4,0,0,0,0,0,0,74,7
S00094316,114,35,8,7,0,0,0,0,0,2,54,8
S00094317,91,21,5,4,0,0,0,0,0,1,52,8
S00094318,103,36,16,9,0,0,0,0,0,0,37,5
S00094320,155,47,33,6,0,0,0,0,0,1,61,7
S00094321,90,35,12,4,0,0,0,0,0,0,33,6
S00094322,88,22,16,8,0,0,0,0,0,0,35,7
S00094325,115,40,15,7,0,0,0,0,0,0,44,9
S00094012,102,35,19,6,0,0,0,0,0,0,29,13
S00094285,120,50,19,8,1,0,0,0,0,3,36,3
S00094300,94,48,11,8,1,0,0,0,0,0,20,6
S00094319,82,46,12,2,0,0,0,0,0,1,14,7
S00094630,80,32,7,1,0,0,0,0,0,0,38,2
S00094305,67,28,10,2,0,0,0,0,0,3,20,4
S00094306,58,16,6,5,0,0,0,0,0,0,29,2
S00094307,80,28,11,14,0,0,0,0,0,0,20,7
S00094311,101,43,12,10,0,0,0,0,0,0,31,5
S00094312,82,38,5,4,0,0,0,0,0,0,29,6
S00094313,77,34,10,6,0,0,0,0,0,0,16,11
S00094284,129,26,29,5,0,0,0,1,0,0,58,10
S00094302,84,19,16,3,1,0,0,1,2,1,33,8
S00094303,113,32,33,1,0,0,0,0,1,0,39,7
S00094304,86,32,20,4,0,0,0,0,0,0,23,7
S00094310,85,28,14,3,0,0,0,0,0,2,28,10
S00094628,65,35,9,3,0,0,0,0,0,0,13,5
S00094287,114,47,13,13,1,0,0,0,0,0,29,11
S00094288,127,33,34,6,0,0,0,0,0,0,48,6
S00094289,88,9,27,5,0,0,0,0,0,2,35,10
S00094292,113,21,27,9,2,0,0,0,0,1,44,9
S00094629,99,36,12,6,1,0,0,0,0,1,36,7
S00094280,131,49,14,9,0,0,0,0,0,1,55,3
S00094281,132,48,23,12,1,0,0,0,0,0,35,13
S00094282,114,41,8,3,1,0,0,0,0,0,52,9
S00094283,93,30,18,6,0,0,0,0,0,0,36,3
S00094286,148,52,14,9,0,0,1,5,0,0,60,7
S00094290,111,43,13,6,3,0,0,0,0,1,40,5
S00094291,57,16,9,3,0,0,0,0,0,3,22,4
S00094270,98,35,14,3,1,1,0,0,0,1,41,2
S00094271,91,38,14,0,0,0,0,0,0,0,34,5
S00094273,64,18,11,3,0,0,0,0,0,1,29,2
S00094274,69,36,10,8,0,0,0,0,0,0,11,4
S00094275,86,23,18,4,0,1,0,0,0,2,27,11
S00094276,66,25,5,2,0,0,0,0,0,1,28,5
S00094277,68,24,8,1,0,0,0,0,0,1,26,8
S00094278,111,52,20,5,0,0,0,1,0,1,18,14
S00094627,87,32,13,7,0,0,0,0,0,1,24,10
S00094265,127,60,9,6,2,0,0,0,0,0,41,9
S00094267,105,38,3,1,0,0,0,0,0,1,54,8
S00094268,99,50,5,3,0,0,0,0,0,0,30,11
S00094269,110,32,15,11,0,0,0,0,0,2,49,1
S00094279,158,66,25,4,0,0,0,0,0,0,53,10
S00094626,117,49,21,6,0,0,0,0,0,0,35,6
S00094011,149,67,7,18,0,0,0,0,0,0,49,8
S00094262,246,125,37,24,0,1,1,0,0,0,44,14
S00094263,110,47,18,7,0,0,0,0,0,0,28,10
S00094264,82,15,9,11,0,0,0,4,0,0,41,2
S00094266,155,84,12,4,2,0,0,0,0,1,32,20
S00094272,82,26,9,4,0,1,0,5,1,0,31,5
S00094625,77,27,8,6,1,0,0,0,0,0,34,1
S00135056,136,15,106,0,0,0,0,1,0,0,9,5
S00135057,95,11,70,1,0,0,0,0,0,0,12,1
S00135062,157,25,110,6,0,0,0,0,0,0,13,3
S00135257,90,2,68,4,0,0,0,0,0,0,11,5
S00135263,143,27,72,4,1,0,0,0,0,1,25,13
S00135054,124,25,88,0,0,0,0,0,0,0,10,1
S00135055,96,8,70,2,0,0,0,0,0,0,11,5
S00135058,137,10,93,5,0,0,0,0,0,0,23,6
S00135059,120,25,71,0,0,0,0,0,0,1,20,3
S00135060,108,14,82,2,0,0,0,4,0,0,4,2
S00135061,58,5,38,6,0,0,0,0,0,0,3,6
S00135063,143,3,117,4,0,0,0,0,0,1,13,5
S00135064,83,10,57,4,0,0,0,0,0,0,6,6
S00135065,111,10,79,5,0,0,0,0,0,0,13,4
S00135066,106,9,64,2,0,0,0,0,0,5,19,7
S00135067,87,17,64,1,0,0,0,0,0,0,1,4
S00135068,54,5,32,3,0,0,0,0,0,0,8,6
S00135070,147,10,121,3,0,0,0,0,0,1,11,1
S00135255,119,7,95,3,0,0,0,0,0,0,11,3
S00135266,160,24,92,11,1,0,0,0,0,0,28,4
S00135267,69,4,49,5,0,0,0,0,0,0,6,5
S00135268,73,12,46,8,0,0,0,0,0,0,2,5
S00135069,99,7,62,6,0,0,0,0,0,0,16,8
S00135071,96,8,78,1,0,0,0,0,0,0,6,3
S00135072,93,28,36,5,0,0,0,0,0,0,18,6
S00135073,69,9,41,2,0,0,0,0,0,0,10,7
S00135074,66,28,11,5,0,0,0,0,0,0,20,2
S00135075,92,10,55,6,0,0,0,0,0,0,18,3
S00135076,127,22,81,7,0,0,0,0,0,0,15,2
S00135077,103,20,55,7,0,0,0,0,0,0,12,9
S00135153,70,14,33,7,0,0,0,0,0,0,16,0
S00135154,144,48,72,0,0,0,0,1,0,0,19,4
S00135155,83,31,39,0,0,0,0,0,0,0,10,3
S00135156,89,20,54,2,0,0,0,0,0,0,13,0
S00135157,133,45,53,13,0,0,0,1,0,1,15,5
S00135158,118,56,33,11,0,0,0,0,0,0,12,6
S00135159,51,21,10,3,0,0,0,0,0,0,15,2
S00135160,126,34,45,6,1,0,0,0,0,0,38,2
S00135161,134,42,48,19,1,0,0,0,0,0,20,4
S00135248,159,55,55,11,1,0,0,2,0,0,34,1
S00135287,55,11,13,5,1,0,0,0,0,0,19,6
S00135288,168,51,70,13,0,0,0,1,0,0,29,4
S00135082,144,80,4,33,0,0,0,0,0,0,16,11
S00135083,122,71,7,15,0,0,0,0,0,0,23,6
S00135084,77,32,2,7,0,0,0,0,0,0,30,6
S00135085,105,61,3,16,0,0,0,0,0,0,12,13
S00135260,74,45,3,6,0,0,0,0,0,1,5,14
S00135302,128,81,14,6,0,0,0,1,0,2,23,1
S00135303,81,39,0,20,0,0,0,0,0,0,16,6
S00135078,81,23,7,22,0,0,0,0,0,2,25,2
S00135079,88,37,11,10,0,0,0,0,0,0,24,6
S00135080,109,60,3,10,1,0,0,0,0,0,25,10
S00135081,66,39,9,7,0,0,0,5,0,0,3,3
S00135086,78,50,1,8,0,1,0,0,0,3,12,3
S00135087,108,67,4,6,0,0,0,1,0,0,15,15
S00135088,56,25,0,6,0,0,0,0,0,3,17,5
S00135089,72,41,7,4,0,0,0,0,0,0,10,10
S00135090,89,55,2,5,0,0,0,0,0,0,21,6
S00135261,60,33,4,4,1,0,0,0,0,0,15,3
S00135304,81,42,4,6,0,0,0,0,0,1,24,4
S00135094,72,27,2,16,0,1,0,0,0,0,18,8
S00135095,59,33,0,9,0,0,0,0,0,0,12,5
S00135096,75,41,2,7,0,0,0,0,0,0,17,8
S00135097,62,33,7,10,0,0,0,0,0,0,7,5
S00135098,85,46,2,23,0,0,0,0,0,0,10,4
S00135099,101,49,3,32,0,0,0,0,0,0,10,7
S00135100,181,116,17,20,0,0,0,0,0,0,22,6
S00135262,116,58,3,29,0,0,0,0,0,2,11,13
S00135305,98,22,8,32,0,0,0,0,0,0,11,25
S00135306,87,35,0,22,0,0,0,0,0,0,17,13
S00135091,115,32,0,63,1,0,1,0,0,1,11,6
S00135092,111,63,5,22,0,0,0,4,0,0,15,2
S00135093,94,73,0,7,0,0,0,0,0,0,9,5
S00135101,103,72,0,9,0,0,0,0,0,0,20,2
S00135102,102,71,4,19,0,0,0,0,0,0,5,3
S00135264,67,39,4,12,0,0,0,0,0,0,11,1
S00135269,105,15,2,72,0,0,1,0,0,1,11,3
S00135270,71,28,1,35,0,0,1,0,0,0,5,1
S00135271,122,75,4,18,0,0,0,0,0,0,10,15
S00135272,90,44,9,14,0,0,0,0,0,2,21,0
S00135105,50,27,0,7,0,0,0,0,0,0,14,2
S00135106,69,34,2,14,0,0,0,0,0,0,15,4
S00135107,89,25,1,34,0,0,0,0,0,0,21,8
S00135108,105,27,2,48,0,0,0,0,0,0,15,13
S00135109,141,56,0,38,1,0,0,0,0,2,31,13
S00135110,137,62,1,33,0,0,0,0,0,0,39,2
S00135111,111,60,4,28,0,0,0,0,0,1,15,3
S00135112,106,30,5,43,0,0,0,0,0,0,21,7
S00135113,110,63,1,25,0,0,0,0,0,0,14,7
S00135103,140,48,2,46,0,0,0,0,0,0,38,6
S00135104,91,41,2,26,0,0,0,0,0,0,16,6
S00135114,159,61,5,52,0,1,0,0,0,1,31,8
S00135115,93,32,3,22,0,0,0,0,0,0,32,4
S00135116,76,29,1,20,0,0,0,0,0,0,13,13
S00135265,132,43,3,53,0,0,0,0,0,0,26,7
S00135273,147,83,3,26,0,0,0,0,0,0,17,18
S00135274,54,22,4,10,0,0,0,0,0,2,13,3
S00135118,124,73,3,18,0,0,0,0,0,1,22,7
S00135119,66,45,1,7,0,0,0,0,0,0,5,8
S00135120,124,54,3,21,1,0,0,1,0,1,35,8
S00135121,113,36,8,24,1,0,0,0,0,1,35,8
S00135122,94,43,0,7,1,0,0,0,0,1,28,14
S00135123,152,69,4,6,0,0,0,0,0,1,57,15
S00135124,100,59,2,10,0,0,0,0,0,5,17,7
S00135117,111,45,3,34,0,0,0,0,0,0,22,7
S00135125,109,42,2,26,1,0,0,0,0,0,26,12
S00135126,125,56,0,46,0,0,0,0,0,1,16,6
S00135133,77,34,1,18,0,0,0,0,0,1,20,3
S00135134,74,26,0,28,0,0,0,0,0,1,15,4
S00135127,138,60,7,27,0,0,0,0,0,0,25,19
S00135132,154,56,3,58,0,0,0,0,0,1,27,9
S00135135,94,39,6,34,0,0,0,0,0,2,7,6
S00135136,94,44,7,17,1,0,0,0,0,0,20,5
S00135245,70,19,5,31,0,0,0,0,0,1,9,5
S00135275,71,10,2,41,1,0,0,0,0,0,5,12
S00135128,125,52,3,33,0,0,0,0,0,1,21,15
S00135129,81,26,3,15,0,0,0,0,0,1,28,8
S00135130,139,45,7,49,0,0,0,0,0,0,25,13
S00135131,106,43,0,38,0,0,0,0,0,1,13,11
S00135137,142,49,2,48,1,0,0,0,0,0,36,6
S00135276,140,47,1,43,0,0,0,0,0,1,40,8
S00135138,109,63,6,20,0,0,0,0,0,0,20,0
S00135139,82,48,3,17,0,0,0,0,0,0,9,5
S00135140,127,72,6,30,0,0,0,0,0,0,14,5
S00135279,125,62,8,21,0,0,0,0,0,0,27,7
S00135280,118,75,3,30,1,0,0,0,0,2,3,4
S00135281,147,63,1,40,2,0,0,0,0,1,29,11
S00135282,53,33,2,3,0,0,0,0,0,0,9,6
S00135141,127,67,2,33,0,0,0,0,0,0,18,7
S00135142,72,18,6,18,0,0,0,0,0,0,24,6
S00135238,152,89,0,39,0,0,0,0,0,1,13,10
S00135259,100,64,0,21,0,0,0,0,0,0,10,5
S00135277,153,51,3,43,1,0,0,0,0,1,50,4
S00135278,56,20,4,21,0,0,0,0,0,0,9,2
S00135239,99,44,7,17,0,0,0,0,0,0,24,7
S00135240,104,48,0,28,0,0,0,0,0,0,19,9
S00135241,102,46,1,29,0,0,0,0,0,0,17,9
S00135242,76,27,1,11,0,0,0,0,0,0,22,15
S00135243,93,32,0,26,0,1,0,0,0,2,27,5
S00135244,91,30,2,37,0,0,0,0,0,0,16,6
S00135300,178,73,6,51,0,0,0,0,0,2,28,18
S00135301,52,24,3,6,0,0,0,0,0,0,10,9
S00135150,208,69,9,83,0,0,0,0,0,0,30,17
S00135246,131,48,5,46,0,0,0,0,0,0,21,11
S00135247,97,44,4,31,0,0,0,0,0,0,11,7
S00135285,67,17,1,31,0,0,0,0,0,0,13,5
S00135286,206,53,3,117,0,0,0,0,0,0,19,14
S00135221,97,42,3,26,0,0,0,0,0,1,14,11
S00135222,106,45,9,26,0,0,0,0,0,0,16,10
S00135223,167,63,9,32,2,0,0,0,0,0,43,18
S00135224,138,48,5,55,0,0,0,0,0,0,21,9
S00135225,63,29,4,19,1,0,0,0,0,0,9,1
S00135226,256,99,11,79,0,0,0,0,0,2,46,19
S00135258,103,40,2,37,0,0,0,0,0,1,17,6
S00135149,132,50,3,39,1,0,0,0,0,0,32,7
S00135227,168,75,0,27,0,0,0,0,0,0,60,6
S00135228,143,51,3,55,0,0,0,0,0,1,18,15
S00135229,121,60,1,17,0,0,0,0,0,1,32,10
S00135230,54,17,2,11,0,0,0,0,0,0,12,12
S00135231,234,118,4,47,0,0,0,0,0,0,44,21
S00135232,107,55,2,15,0,0,0,0,0,0,27,8
S00135233,115,59,6,13,0,0,0,0,0,0,35,2
S00135172,149,97,2,30,0,0,0,0,0,0,15,5
S00135173,177,101,11,32,1,0,0,0,0,0,24,8
S00135250,141,78,7,14,0,0,0,0,0,0,38,4
S00135251,96,44,2,29,0,0,0,0,0,0,10,11
S00135289,181,99,7,33,1,0,0,0,0,0,26,15
S00135290,149,74,3,19,0,0,0,0,0,2,47,4
S00135174,165,65,12,46,0,0,0,0,0,0,30,12
S00135175,78,41,0,13,0,0,0,0,0,0,13,11
S00135194,139,77,10,21,0,0,0,0,0,0,25,6
S00135220,116,70,3,16,0,0,0,0,0,0,16,11
S00135252,161,79,5,24,2,0,0,0,0,0,40,11
S00135253,67,45,7,1,0,0,0,0,0,0,11,3
S00135254,70,35,5,10,0,0,0,0,0,0,17,3
S00135291,108,36,6,4,0,0,0,9,0,0,35,18
S00135292,119,71,3,20,0,0,0,0,0,2,17,6
S00135293,67,43,1,12,1,0,0,0,0,0,7,3
S00135193,134,65,10,20,1,3,0,0,0,0,30,5
S00135196,92,35,8,7,0,0,0,0,0,1,35,6
S00135197,74,23,7,9,0,0,0,0,0,0,21,14
S00135198,64,20,5,2,0,0,0,3,0,0,23,11
S00135219,137,75,8,17,0,0,0,0,0,0,24,13
S00135294,101,58,5,21,0,2,0,0,0,0,9,6
S00135295,59,37,3,15,0,0,0,0,0,0,4,0
S00135188,128,53,10,17,0,0,0,2,0,0,35,11
S00135190,53,35,1,4,0,0,0,0,0,0,9,4
S00135203,168,108,8,18,0,0,0,3,0,0,18,13
S00135204,147,80,0,28,1,4,0,0,0,0,25,9
S00135208,71,27,1,7,0,2,0,3,0,0,26,5
S00135256,86,38,1,30,0,0,0,0,0,0,10,7
S00135177,69,35,2,12,0,0,0,0,0,1,13,6
S00135181,80,27,3,17,0,7,0,0,0,0,19,7
S00135182,111,37,8,19,0,0,0,0,0,0,42,5
S00135183,88,44,2,16,0,0,0,0,0,1,19,6
S00135184,79,37,3,16,0,5,0,0,0,0,16,2
S00135185,91,53,4,17,0,0,0,0,0,0,10,7
S00135186,58,17,10,12,0,0,0,0,0,0,17,2
S00135187,122,69,4,9,2,0,0,0,0,0,31,7
S00135189,69,30,0,7,0,0,0,0,0,0,25,7
S00135192,105,64,0,10,0,0,0,0,0,0,22,9
S00135176,109,51,2,14,0,0,0,0,0,0,28,14
S00135178,100,44,2,25,0,0,0,0,0,0,19,10
S00135179,120,36,1,36,0,3,0,1,0,2,34,7
S00135180,113,44,8,15,0,0,0,2,0,0,36,8
S00135216,123,55,3,23,0,3,0,0,0,1,21,17
S00135217,111,55,0,12,0,0,0,0,0,0,26,18
S00135218,173,81,5,27,0,0,0,0,0,1,14,45
S00135211,122,69,4,17,1,0,0,4,0,0,14,13
S00135212,90,52,4,14,0,0,0,0,0,0,19,1
S00135213,55,30,3,8,0,0,0,0,0,1,9,4
S00135214,149,99,0,16,0,0,0,0,0,1,23,10
S00135296,105,62,5,11,0,0,0,0,0,0,18,9
S00135297,104,54,10,11,0,1,0,0,0,0,17,11
S00135191,52,31,2,6,0,0,0,4,0,0,7,2
S00135200,180,102,6,27,0,0,0,0,0,0,35,10
S00135205,76,49,0,13,0,0,0,0,0,0,9,5
S00135206,56,21,3,8,0,0,0,0,0,0,16,8
S00135207,86,45,3,19,0,1,0,0,0,0,16,2
S00135209,101,56,1,21,3,0,0,0,0,2,15,3
S00135210,151,93,5,18,0,0,0,0,0,0,9,26
S00135298,110,48,4,17,0,0,0,5,0,4,22,10
S00135299,57,39,0,6,0,0,0,1,0,1,5,5
S00135170,109,51,0,26,0,0,0,0,0,0,19,13
S00135195,95,47,4,16,0,0,0,0,0,0,17,11
S00135199,139,68,9,28,0,2,0,1,0,0,16,15
S00135201,102,54,0,37,0,0,0,0,0,0,6,5
S00135202,113,57,3,13,0,0,0,0,0,0,36,4
S00135215,96,58,2,20,0,0,0,0,0,0,13,3
S00135165,110,63,0,21,0,0,0,0,0,0,15,11
S00135166,97,58,2,13,0,0,0,0,0,0,14,10
S00135167,164,92,6,11,0,0,0,0,0,0,45,10
S00135168,124,47,3,27,0,0,0,0,0,0,24,23
S00135169,111,65,5,25,0,0,0,0,0,0,13,3
S00135171,156,75,0,47,0,0,0,0,0,0,21,13
S00135249,110,63,0,19,1,0,0,1,0,0,23,3
S00135146,176,79,3,45,0,0,0,0,0,0,36,13
S00135147,96,36,3,19,0,0,0,0,0,0,28,10
S00135148,117,55,6,29,0,0,0,0,0,0,16,11
S00135151,164,59,8,48,0,0,0,0,1,1,39,8
S00135163,82,41,4,8,0,0,0,0,0,1,17,11
S00135164,170,88,2,41,0,0,0,0,0,1,24,14
S00135143,187,79,6,25,0,0,0,0,0,1,48,28
S00135144,90,40,2,18,0,0,0,0,0,0,26,4
S00135145,123,51,2,52,0,0,0,0,0,1,13,4
S00135162,185,98,6,47,0,0,0,0,0,0,21,13
S00135283,98,55,4,16,0,0,0,0,0,0,16,7
S00135284,154,60,4,36,0,0,0,0,0,1,34,19
S00135152,130,33,3,43,0,0,0,0,0,0,36,15
S00135234,140,61,1,33,0,0,0,0,0,0,35,10
S00135235,75,28,5,15,0,0,0,0,0,1,20,6
S00135236,134,68,5,27,1,0,0,0,0,0,24,9
S00135237,137,62,8,30,0,0,0,0,0,0,27,10
S00117855,140,63,17,13,1,0,0,0,0,1,38,7
S00117856,141,55,14,20,0,0,0,0,0,1,45,6
S00119159,153,31,24,3,0,0,0,2,0,0,78,15
S00119624,97,42,7,13,0,0,0,0,0,3,29,3
S00117858,113,17,31,12,0,0,0,0,0,0,32,21
S00117859,101,49,9,16,0,0,0,0,0,3,20,4
S00117860,86,41,4,10,0,0,0,0,0,0,25,6
S00119158,108,12,21,12,0,0,0,0,0,0,50,13
S00119625,150,56,24,9,0,0,0,0,0,0,40,21
S00117863,69,19,21,1,1,0,0,0,0,1,23,3
S00117864,98,21,48,2,0,0,0,0,0,1,22,4
S00117865,124,34,42,4,0,1,0,0,0,0,38,5
S00117866,91,13,34,1,0,0,0,0,0,0,30,13
S00117867,129,29,56,2,0,1,0,0,0,0,35,6
S00117868,157,33,26,17,0,0,1,0,0,0,63,17
S00119314,93,31,25,2,0,0,0,0,0,0,31,4
S00119315,76,22,29,2,0,0,0,0,0,0,17,6
S00118199,168,51,49,8,0,0,0,0,0,0,52,8
S00118200,70,25,15,5,0,0,0,0,0,0,21,4
S00118201,95,36,20,4,1,0,0,0,0,0,30,4
S00118202,121,56,30,7,0,0,0,0,0,0,25,3
S00118203,144,50,46,6,0,0,0,0,0,0,36,6
S00118204,107,32,31,1,0,1,1,0,0,0,36,5
S00118205,101,39,27,2,0,0,0,0,0,0,30,3
S00117832,76,19,5,4,0,0,0,0,0,0,35,13
S00117842,70,27,3,10,0,0,0,0,1,0,20,9
S00117857,174,59,13,16,0,0,0,0,0,1,72,13
S00119153,105,33,7,10,0,0,0,0,0,0,42,13
S00119301,55,30,0,1,0,0,0,0,0,2,21,1
S00119302,58,17,1,2,0,0,0,0,0,0,28,10
S00119307,130,68,11,8,1,0,0,0,0,0,29,13
S00119308,66,29,6,6,0,0,0,1,0,0,23,1
S00119311,55,23,3,6,0,0,0,0,0,0,13,10
S00119312,61,33,4,0,0,0,0,0,0,1,23,0
S00119313,139,44,14,24,0,0,0,0,0,2,42,13
S00117840,150,62,25,8,0,0,0,0,0,1,41,13
S00117841,116,33,30,20,0,0,0,0,0,0,26,7
S00117843,175,61,29,22,0,0,0,0,0,0,47,16
S00117844,162,33,29,17,0,0,0,0,0,0,74,9
S00117845,130,40,16,17,0,0,0,1,0,0,50,6
S00117861,161,18,26,25,0,0,0,0,0,3,73,16
S00117862,52,12,9,8,0,0,0,0,0,0,23,0
S00117838,178,63,14,9,0,0,0,3,5,0,60,24
S00119157,128,36,17,14,0,0,0,0,0,0,45,16
S00119305,140,52,19,18,0,0,0,7,0,0,36,8
S00119306,73,37,8,6,0,0,0,0,0,0,17,5
S00117833,60,17,13,9,1,0,0,0,0,0,19,1
S00117834,133,41,4,15,0,0,0,0,0,0,59,14
S00119154,128,38,7,19,0,1,0,5,0,0,52,6
S00119155,113,41,22,15,0,0,0,0,0,0,28,7
S00119156,226,69,10,46,1,0,0,0,0,0,73,27
S00117835,148,42,15,20,0,0,0,0,0,0,54,17
S00118120,153,55,28,8,1,0,0,0,0,1,50,10
S00119197,108,31,13,17,0,0,0,0,0,0,20,27
S00119396,74,33,6,9,0,0,0,0,0,0,20,6
S00119397,112,39,21,19,0,0,0,0,0,1,29,3
S00119398,124,34,10,8,1,0,0,0,0,0,55,16
S00119399,95,30,17,8,0,0,0,0,0,1,36,3
S00118121,106,26,13,4,1,0,0,7,0,0,51,4
S00118122,108,35,14,6,0,0,0,0,0,0,49,4
S00118123,59,28,6,9,0,0,0,0,0,1,11,4
S00118124,98,44,8,8,0,0,0,0,0,1,28,9
S00118125,109,30,6,9,1,0,0,0,0,0,52,11
S00118126,78,25,10,9,0,0,0,0,0,0,26,8
S00118127,66,19,10,4,1,0,0,0,0,2,20,10
S00119198,86,22,6,4,0,0,0,0,0,1,50,3
S00119199,118,27,24,11,0,0,0,0,0,0,52,4
S00119200,68,21,7,18,0,0,0,0,0,0,19,3
S00117837,127,28,49,15,0,0,0,0,0,0,24,11
S00119145,88,20,6,14,0,0,0,0,0,0,41,7
S00119303,97,29,25,10,0,0,0,0,0,1,30,2
S00119304,156,39,33,14,0,0,0,0,0,0,44,26
S00119310,150,54,7,19,0,0,0,2,0,1,50,17
S00117836,176,40,44,16,0,0,0,0,0,0,61,15
S00117850,199,73,29,26,0,0,0,0,0,0,45,26
S00117851,131,46,28,7,0,0,0,0,0,0,36,14
S00117852,103,43,23,9,0,0,0,0,0,1,21,6
S00119309,102,41,11,8,1,0,0,0,0,0,26,15
S00117846,54,18,4,4,0,0,0,0,0,0,24,4
S00117847,113,40,12,6,0,0,0,0,0,0,32,23
S00117848,80,27,5,10,0,0,0,0,0,0,30,8
S00117849,143,49,21,20,0,0,0,0,0,0,43,10
S00117853,108,49,4,7,0,0,0,0,0,0,36,12
S00117854,167,86,13,15,1,0,0,0,0,2,37,13
S00117794,94,30,9,14,0,0,0,0,0,0,26,15
S00117830,63,20,2,9,0,0,0,0,0,0,28,4
S00117831,126,29,27,15,1,0,0,0,0,0,38,16
S00118220,180,72,27,14,2,0,0,0,0,0,53,12
S00118221,125,59,16,4,1,0,0,1,0,0,36,8
S00118222,95,57,5,5,1,0,0,0,0,1,17,9
S00118223,72,21,9,8,0,0,0,0,0,0,24,10
S00119213,149,54,19,10,0,0,0,0,0,0,46,20
S00118006,136,59,12,15,0,0,0,0,0,4,41,5
S00118017,187,65,22,19,0,0,0,0,0,0,70,11
S00119233,155,44,6,10,1,0,1,0,0,7,70,16
S00119234,51,24,2,1,1,0,0,0,0,3,17,3
S00119370,95,41,4,1,0,0,0,0,0,0,42,7
S00119371,139,47,5,8,2,0,0,0,0,1,56,20
S00119372,88,25,5,9,0,0,0,0,0,1,43,5
S00119373,61,25,3,7,1,0,0,0,0,0,15,10
S00118003,114,54,2,2,0,0,0,0,0,0,46,10
S00118004,127,62,7,15,0,0,0,0,0,4,32,7
S00118005,73,22,6,12,0,0,0,0,0,0,24,9
S00118018,135,62,5,13,0,0,1,0,0,0,41,13
S00119181,109,58,3,16,0,0,0,0,1,0,29,2
S00119183,124,47,14,6,0,0,0,0,0,0,44,13
S00119184,126,38,10,15,1,0,0,0,0,3,45,14
S00119185,149,37,12,21,1,0,0,0,0,3,51,24
S00118013,164,47,5,21,0,0,0,0,0,2,67,22
S00118014,125,43,2,14,0,0,0,0,0,0,52,14
S00118015,168,60,9,23,0,0,0,0,0,4,53,19
S00118056,97,17,4,37,0,0,0,0,0,1,25,13
S00119182,74,20,2,12,0,0,0,0,0,0,23,17
S00118007,132,30,11,19,1,0,0,0,0,0,48,23
S00118008,129,40,16,9,0,0,4,0,0,1,53,6
S00118009,97,27,2,18,0,0,0,0,0,0,38,12
S00118010,94,34,4,20,0,0,0,0,0,1,27,8
S00118011,126,38,8,11,2,0,0,0,0,3,54,10
S00118012,76,27,2,7,0,0,0,0,0,1,27,12
S00119368,121,22,7,25,0,0,0,0,0,3,55,9
S00119369,138,48,11,22,1,0,0,0,0,2,42,12
S00118016,81,33,2,15,1,0,0,0,0,1,24,5
S00118025,148,50,16,30,2,0,0,0,0,0,42,8
S00118026,108,36,8,9,0,0,0,0,0,0,37,18
S00119177,109,15,0,36,1,0,0,0,0,0,33,24
S00119178,55,18,3,10,0,0,0,0,0,0,21,3
S00118029,150,59,7,25,0,0,0,0,0,0,47,12
S00118030,84,24,6,27,0,0,0,0,0,0,18,9
S00118031,77,33,4,16,0,0,0,0,0,0,17,7
S00118032,130,44,10,54,0,0,0,0,0,0,19,3
S00118033,68,24,3,17,1,0,0,0,0,3,14,6
S00118034,117,40,9,38,0,0,0,0,0,1,16,13
S00118028,100,41,4,15,0,0,0,0,0,2,29,9
S00118575,110,45,8,9,0,0,0,0,0,1,34,13
S00118576,118,42,10,16,0,0,0,0,0,0,37,13
S00118577,63,29,5,10,0,0,0,0,0,1,16,2
S00118578,59,24,3,7,0,0,0,0,0,0,22,3
S00118579,132,64,2,32,0,0,0,6,0,0,18,10
S00118570,50,21,5,5,0,0,0,0,0,0,19,0
S00118571,125,45,0,13,0,5,0,0,0,3,49,10
S00118572,107,30,14,17,1,0,0,0,0,0,34,11
S00118573,54,17,2,6,0,0,0,0,0,1,18,10
S00118574,59,24,3,11,0,0,0,0,0,1,15,5
S00119055,64,20,3,22,0,0,0,0,0,0,13,6
S00119500,66,33,3,11,0,0,0,0,0,0,15,4
S00119501,108,47,1,21,0,0,0,0,0,0,26,13
S00118027,167,38,12,23,1,0,0,0,0,4,76,13
S00118580,109,52,2,22,0,0,0,0,0,0,24,9
S00118581,95,51,1,20,0,0,0,0,0,0,22,1
S00118582,102,51,5,17,0,0,0,0,0,0,24,5
S00119502,113,29,13,10,0,0,0,3,0,0,53,5
S00119503,118,31,9,11,0,0,0,1,0,2,47,17
S00119504,136,59,10,13,0,0,0,0,0,0,42,12
S00119505,118,55,13,21,0,0,0,0,0,0,24,5
S00119506,76,38,0,9,0,0,0,0,0,0,25,4
S00119507,69,24,1,5,1,1,0,0,0,0,32,5
S00118019,97,34,7,24,1,0,0,0,0,0,25,6
S00118020,101,21,9,24,0,0,0,4,0,0,41,2
S00118021,130,62,1,32,0,0,0,0,0,0,23,12
S00118022,89,26,6,11,0,0,0,0,0,0,35,11
S00118023,140,52,2,40,0,0,0,0,0,0,41,5
S00118024,155,65,11,16,0,0,0,0,0,0,49,14
S00119374,173,51,6,43,0,0,0,0,0,4,54,15
S00119375,82,15,3,12,1,0,0,0,0,0,43,8
S00118035,125,60,7,13,1,0,0,0,0,1,35,8
S00118036,102,50,2,16,0,0,0,0,0,0,23,11
S00118037,103,39,3,14,0,0,0,0,0,0,35,12
S00118038,93,44,3,19,0,0,0,0,0,1,21,5
S00118039,160,58,15,31,0,0,0,0,0,0,32,24
S00118040,74,24,0,22,0,0,0,0,0,2,22,4
S00118041,106,29,6,16,0,0,0,0,0,0,45,10
S00119376,124,48,6,10,0,0,0,0,0,0,41,19
S00119377,88,38,6,16,0,0,0,0,0,1,19,8
S00118051,95,12,2,15,0,0,0,1,0,0,43,22
S00118052,89,39,0,13,0,0,0,0,1,1,34,1
S00118053,87,29,4,18,3,1,0,0,2,0,20,10
S00118054,149,38,9,44,0,0,1,0,0,0,45,12
S00118055,171,50,9,42,0,0,0,0,0,1,52,17
S00119378,87,35,2,14,0,0,0,0,0,0,27,9
S00119379,93,32,3,14,0,0,0,0,0,1,40,3
S00118046,97,25,2,19,0,0,0,1,0,1,33,16
S00118047,60,13,1,10,0,0,0,0,0,0,31,5
S00118048,111,28,10,15,0,0,0,0,0,0,42,16
S00118049,130,34,2,34,0,0,0,0,0,1,38,21
S00118050,153,58,8,17,1,0,0,0,0,0,60,9
S00119187,58,3,1,15,1,0,0,0,0,0,28,10
S00121909,186,63,9,8,0,0,0,0,0,0,98,8
S00121910,71,35,4,2,0,0,0,0,0,0,21,9
S00121911,149,48,8,20,1,0,0,1,0,0,58,13
S00121912,128,64,16,7,0,0,0,0,0,0,35,6
S00121913,108,41,9,8,0,0,0,0,0,0,30,20
S00122807,82,30,3,14,0,0,0,2,0,1,29,3
S00122810,114,59,3,10,0,0,0,0,0,1,29,12
S00122818,67,33,3,4,0,0,0,0,0,0,24,3
S00121907,101,44,9,5,0,0,0,0,0,2,33,8
S00121908,94,27,1,6,21,0,0,0,0,0,28,11
S00121922,117,43,5,15,0,0,0,0,0,1,38,15
S00121923,70,21,8,8,0,0,0,0,0,0,33,0
S00122808,102,34,4,26,0,0,0,0,0,0,21,17
S00122821,84,31,0,13,0,0,0,0,0,2,33,5
S00122822,95,45,8,6,0,0,0,0,0,0,27,9
S00122927,89,34,1,8,0,0,0,0,0,2,42,2
S00121919,159,45,6,17,24,0,0,0,0,2,49,16
S00121920,126,37,13,14,0,0,0,0,0,1,54,7
S00121921,81,34,7,5,0,0,2,0,0,0,25,8
S00122820,138,49,9,9,0,0,0,0,0,3,53,15
S00122926,97,33,19,12,1,0,2,0,0,0,24,6
S00121914,87,34,3,7,0,0,0,0,0,1,38,4
S00121915,60,26,0,0,0,0,0,0,0,0,29,5
S00121916,51,29,1,5,0,0,0,0,0,2,13,1
S00121917,99,35,4,4,0,0,0,0,0,2,46,8
S00122924,109,31,5,7,0,0,0,0,0,0,52,14
S00122925,53,24,0,4,0,0,0,0,0,0,24,1
S00121926,97,27,11,15,0,0,0,0,0,0,42,2
S00121927,120,35,4,5,4,0,0,0,0,2,57,13
S00122895,64,31,0,4,0,0,0,0,0,0,21,8
S00122896,114,44,12,7,0,0,0,0,0,0,35,16
S00122928,68,38,4,3,0,0,0,0,0,3,14,6
S00122929,69,27,0,5,0,0,0,0,0,0,26,11
S00121918,114,40,16,3,1,0,0,0,0,0,36,18
S00121928,85,39,5,5,0,0,0,0,0,0,32,4
S00121929,97,59,4,4,0,0,0,0,0,0,25,5
S00122826,55,28,2,2,0,0,0,0,0,0,21,2
S00122827,64,34,5,3,0,0,0,0,0,0,20,2
S00122930,124,40,9,11,0,0,0,0,0,0,53,11
S00121906,75,39,9,3,0,0,0,1,0,0,20,3
S00121931,151,64,15,9,0,0,0,0,0,2,53,8
S00121932,131,49,9,12,0,0,0,0,3,0,45,13
S00121933,66,21,1,2,0,0,0,0,0,0,35,7
S00121934,111,49,2,6,0,0,0,0,0,2,48,4
S00122805,68,33,1,5,0,0,0,0,0,0,20,9
S00122806,87,27,8,7,0,0,0,0,0,0,33,12
S00122828,115,42,8,3,4,0,0,0,0,0,49,9
S00122829,68,40,10,3,1,0,0,0,0,3,11,0
S00132921,99,50,8,7,0,0,2,3,1,0,21,7
S00132922,67,20,4,2,0,0,0,0,0,0,28,13
S00133504,92,38,2,5,0,0,0,0,0,0,42,5
S00133505,144,58,23,9,1,1,0,0,0,0,43,9
