house..sa_id,house..total_households,house..one_person_household_65,house..one_person_household_64,house..couple_no_dependent_children,house..couple_dependent_children,house..lone_parent_dependent_children,house..other_household_no_dependent_children,house..other_household_dependent_children
S00094124,28,4,6,12,3,0,1,2
S00094125,23,6,3,7,6,1,0,0
S00094126,32,11,6,5,3,6,0,1
S00094127,29,7,6,10,4,0,1,1
S00094128,50,7,14,18,8,2,0,1
S00094129,55,10,6,22,13,0,1,3
S00094130,61,14,12,20,5,5,0,5
S00094131,38,8,6,11,7,1,2,3
S00094132,47,5,11,16,6,5,0,4
S00094133,40,0,11,18,4,3,1,3
S00094119,51,7,6,14,16,4,1,3
S00094120,32,5,4,12,6,1,1,3
S00094121,41,6,3,17,8,0,1,6
S00094122,48,6,4,22,15,0,0,1
S00094595,53,6,8,23,9,2,2,3
S00094725,38,6,7,15,5,0,3,2
S00094726,55,11,10,20,8,1,1,4
S00094727,40,5,2,22,5,1,1,4
S00094556,74,13,14,20,8,7,3,9
S00094557,35,17,9,4,4,0,0,1
S00094558,61,6,20,18,6,5,2,4
S00094559,55,9,9,21,8,1,3,4
S00094560,65,12,22,22,3,2,0,4
S00094561,60,6,4,21,20,4,1,4
S00094562,29,6,2,13,6,2,0,0
S00094563,35,3,12,3,6,8,0,3
S00094564,46,1,9,18,10,5,0,3
S00094118,47,6,15,16,5,5,0,0
S00094123,69,9,23,19,13,0,1,4
S00094592,44,7,9,20,5,0,0,3
S00094593,47,11,8,20,7,1,0,0
S00094800,48,5,13,19,7,1,0,3
S00094801,26,8,3,8,6,1,0,0
S00094115,41,9,0,28,2,2,0,0
S00094116,43,4,4,26,6,1,0,2
S00094117,38,7,3,14,11,0,1,2
S00094594,71,13,21,30,4,0,1,2
S00094724,59,10,5,28,12,0,2,2
S00094508,56,0,6,25,18,0,1,6
S00094509,48,5,2,20,13,2,1,5
S00094510,52,10,7,22,7,2,2,2
S00094511,29,3,10,8,5,0,0,3
S00094512,54,6,11,26,9,1,0,1
S00094514,52,1,5,26,10,1,3,6
S00094661,32,2,4,14,9,2,1,0
S00094079,41,1,6,4,22,8,0,0
S00094791,50,0,10,11,18,4,2,5
S00094792,69,5,3,14,36,4,3,4
S00094794,72,2,12,7,22,23,3,3
S00094795,44,2,12,5,11,12,1,1
S00094517,49,12,12,12,5,5,2,1
S00094519,49,9,9,15,6,4,0,6
S00094520,75,9,22,23,6,8,1,6
S00094526,23,1,4,13,4,0,0,1
S00094790,53,9,13,16,6,6,0,3
S00094793,80,29,14,19,11,3,0,4
S00094530,49,2,10,24,9,1,0,3
S00094531,42,3,11,13,11,4,0,0
S00094666,23,4,0,8,8,0,0,3
S00094786,74,8,8,36,15,4,0,3
S00094787,57,7,8,24,11,1,0,6
S00094788,75,12,8,20,29,2,0,4
S00094527,29,0,3,4,7,9,0,6
S00094528,72,2,14,16,12,19,1,8
S00094529,48,10,5,15,10,0,0,8
S00094665,46,2,9,7,10,8,2,8
S00094680,25,2,3,5,7,4,0,4
S00094681,59,1,9,16,10,16,2,5
S00094789,31,3,4,6,4,6,3,5
S00094524,57,10,12,15,7,4,3,6
S00094525,45,12,5,19,6,1,0,2
S00094663,47,1,13,20,7,2,0,4
S00094667,53,5,6,21,7,7,3,4
S00094780,62,11,16,20,5,8,0,2
S00094781,29,5,4,5,13,1,0,1
S00094784,51,8,4,21,7,2,3,6
S00094785,34,6,7,10,5,1,2,3
S00094518,52,34,11,2,1,0,1,3
S00094522,76,29,25,7,3,4,0,8
S00094523,58,6,27,12,4,4,0,5
S00094782,41,1,11,3,10,12,0,4
S00094783,80,8,28,16,6,13,2,7
S00094513,73,20,28,13,3,0,0,9
S00094515,50,8,25,6,5,0,0,6
S00094516,87,18,40,14,3,8,0,4
S00094521,38,1,14,12,2,5,1,3
S00094778,64,20,20,15,1,2,0,6
S00094779,42,7,21,8,3,1,0,2
S00094532,65,9,25,9,7,5,2,8
S00094533,59,9,22,14,5,1,2,6
S00094535,55,6,7,20,16,1,1,4
S00094540,54,9,12,15,10,2,0,6
S00094541,66,10,29,13,6,3,0,5
S00094542,42,3,15,14,3,1,0,6
S00094668,36,3,13,14,3,3,0,0
S00094669,67,10,12,27,8,3,5,2
S00094534,55,14,5,18,11,3,2,2
S00094536,65,10,11,16,13,5,0,10
S00094538,62,16,3,20,11,5,1,6
S00094682,62,17,9,14,11,2,1,8
S00094537,68,18,5,19,14,5,2,5
S00094539,38,7,4,17,4,2,0,4
S00094543,43,4,13,11,6,8,0,1
S00094545,39,5,19,5,6,1,1,2
S00094546,44,2,15,13,5,5,0,4
S00094547,55,14,6,16,10,4,2,3
S00094796,57,2,16,21,7,3,0,8
S00094797,43,6,18,7,7,2,0,3
S00094544,47,5,14,12,6,8,0,2
S00094548,48,10,23,7,4,2,0,2
S00094549,62,7,9,21,12,7,0,6
S00094550,24,5,2,10,1,1,1,4
S00094551,60,9,25,10,9,4,0,3
S00094090,75,12,7,39,10,1,0,6
S00094091,48,5,5,18,13,2,2,3
S00094092,66,8,12,18,23,1,0,4
S00094581,75,10,7,41,14,0,3,0
S00094584,47,10,6,20,7,0,0,4
S00094552,78,11,13,25,19,4,0,6
S00094553,52,9,4,20,12,3,0,4
S00094554,56,8,6,21,10,2,1,8
S00094555,53,10,8,21,7,2,0,5
S00094670,41,15,8,10,2,2,0,4
S00094586,49,4,5,28,8,0,1,3
S00094715,39,4,3,20,6,2,2,2
S00094716,73,16,9,29,13,3,0,3
S00094717,62,7,5,24,20,2,1,3
S00094718,50,7,6,14,9,0,0,14
S00094719,66,8,9,25,17,2,1,4
S00094720,27,1,6,9,5,1,0,5
S00094098,26,6,1,12,6,0,1,0
S00094099,51,8,3,23,8,3,3,3
S00094582,43,14,1,20,6,2,0,0
S00094583,50,10,3,29,3,2,1,2
S00094587,53,12,3,21,10,2,0,5
S00094721,32,13,2,8,2,4,0,3
S00094722,55,8,4,28,11,0,1,3
S00094093,41,4,5,18,12,1,0,1
S00094094,40,2,4,21,10,0,1,2
S00094095,57,7,5,25,12,2,1,5
S00094096,57,9,9,20,14,2,1,2
S00094097,53,9,4,25,12,0,1,2
S00094585,57,6,5,26,12,3,0,5
S00094085,64,12,9,25,10,4,0,4
S00094086,55,9,8,25,11,1,1,0
S00094087,40,6,4,17,8,2,0,3
S00094088,64,13,16,20,10,3,0,2
S00094713,60,6,14,15,15,7,0,3
S00094714,59,4,8,22,17,6,0,2
S00094078,68,9,7,29,11,3,2,7
S00094080,40,3,9,18,6,1,1,2
S00094083,45,6,8,17,10,1,0,3
S00094084,35,5,5,14,4,0,1,6
S00094089,50,5,15,18,10,1,0,1
S00094711,54,5,7,24,11,1,0,6
S00094712,45,2,7,23,10,2,0,1
S00093995,27,4,6,12,3,0,0,2
S00094069,35,6,5,18,4,1,0,1
S00094070,67,9,14,25,8,5,1,5
S00094071,48,7,7,19,10,1,1,3
S00094572,68,10,6,30,14,2,2,4
S00094709,39,9,6,18,3,1,0,2
S00094710,55,11,4,15,12,5,0,8
S00094077,54,8,7,24,8,4,1,2
S00094081,44,4,13,17,4,3,1,2
S00094082,58,4,11,32,6,1,1,3
S00094577,46,3,11,13,10,6,0,3
S00094578,49,4,12,16,8,1,2,6
S00094579,26,3,3,16,3,0,0,1
S00094072,36,6,5,16,7,2,0,0
S00094073,56,9,12,25,5,2,0,3
S00094074,26,3,3,11,5,1,2,1
S00094075,37,5,2,21,6,0,0,3
S00094076,54,8,11,25,8,0,2,0
S00094573,35,7,7,13,7,0,0,1
S00094574,64,17,9,25,10,0,1,2
S00094575,43,8,7,17,8,1,1,1
S00094576,29,1,8,11,5,3,0,1
S00094062,30,2,4,18,3,0,0,3
S00094063,46,3,9,15,12,4,0,3
S00094064,50,16,11,12,3,4,0,4
S00094065,47,3,8,12,14,2,3,5
S00094066,48,8,10,20,4,0,1,5
S00094067,34,4,11,12,7,0,0,0
S00094068,47,12,14,13,4,0,1,3
S00094571,41,6,4,15,9,2,2,3
S00094059,63,10,6,38,4,3,0,2
S00094060,76,12,9,36,12,0,2,5
S00094061,91,11,16,29,20,7,2,6
S00094700,49,7,13,15,7,5,0,2
S00094707,43,7,4,21,4,2,0,5
S00094708,33,5,3,17,7,0,0,1
S00094053,85,18,4,35,15,3,0,10
S00094054,39,10,5,16,3,2,1,2
S00094055,44,6,5,24,6,2,0,1
S00094056,63,6,4,40,8,2,0,3
S00094057,29,4,3,16,4,0,0,2
S00094701,36,4,8,15,7,0,0,2
S00094702,50,5,5,23,12,3,0,2
S00094703,51,14,9,12,12,1,1,2
S00094704,39,6,6,16,7,0,0,4
S00094058,49,4,6,20,12,3,1,3
S00094568,60,9,16,25,7,2,0,1
S00094570,67,7,16,18,12,3,0,11
S00094705,30,3,4,14,6,2,0,1
S00094706,86,7,14,37,21,2,1,4
S00094486,72,14,12,26,10,1,1,8
S00094487,60,7,4,29,15,2,0,3
S00094488,60,11,8,26,11,2,0,2
S00094489,59,8,12,21,12,1,1,4
S00094490,44,9,11,15,6,3,0,0
S00094491,32,9,4,9,6,1,0,3
S00094498,51,4,15,16,12,3,0,1
S00094499,56,4,12,14,15,8,0,3
S00094492,64,14,19,16,7,3,0,5
S00094493,41,11,4,15,4,2,0,5
S00094494,64,8,28,13,3,7,2,3
S00094496,70,10,12,30,10,2,0,6
S00094658,48,12,7,13,6,1,0,9
S00094659,48,13,21,8,3,1,0,2
S00094774,56,4,15,11,11,12,0,3
S00094775,58,13,9,20,10,4,0,2
S00094495,57,5,14,16,16,3,1,2
S00094497,30,3,9,7,9,1,0,1
S00094699,38,3,13,6,9,6,1,0
S00094773,44,1,6,22,12,1,0,2
S00094776,69,5,12,20,16,8,1,7
S00094777,28,4,5,5,10,0,0,4
S00094482,73,5,7,25,23,6,0,7
S00094483,61,10,13,16,11,8,0,3
S00094484,80,21,16,30,11,1,0,1
S00094656,22,4,0,12,5,1,0,0
S00094657,38,5,8,7,10,5,0,3
S00094478,76,13,28,19,9,5,0,2
S00094479,69,9,10,25,15,4,1,5
S00094480,36,3,8,16,8,0,0,1
S00094481,64,21,13,18,8,1,0,3
S00094485,53,16,13,9,7,4,0,4
S00094771,28,6,2,12,5,0,1,2
S00094772,43,3,14,14,9,1,0,2
S00094049,57,4,8,19,16,5,2,3
S00094050,59,10,13,25,7,1,1,2
S00094051,54,7,11,23,9,1,1,2
S00094052,64,12,6,27,15,0,0,4
S00094567,58,15,11,12,10,5,1,4
S00094697,26,5,6,12,2,0,0,1
S00094698,35,6,9,15,2,1,0,2
S00094044,71,10,9,38,8,2,0,4
S00094045,50,6,11,24,4,1,1,3
S00094046,75,4,16,37,11,1,3,3
S00094047,28,2,3,15,6,1,0,1
S00094048,47,6,7,24,5,1,1,3
S00094246,55,9,16,10,10,4,0,6
S00094247,66,7,11,23,18,3,1,3
S00094252,71,18,30,9,8,1,0,5
S00094253,37,7,3,17,5,0,0,5
S00094254,48,10,6,20,5,1,1,5
S00094620,44,6,6,18,9,1,0,4
S00094622,55,7,29,12,1,5,0,1
S00094248,54,7,17,18,3,7,0,2
S00094249,58,14,12,16,8,4,0,4
S00094250,45,6,5,22,6,0,3,3
S00094251,43,7,11,15,4,0,1,5
S00094621,27,5,3,10,6,1,0,2
S00094113,27,4,7,8,5,2,0,1
S00094114,66,13,13,28,9,1,1,1
S00094591,74,21,15,30,5,0,1,2
S00094103,31,6,2,11,10,1,0,1
S00094104,36,2,12,14,7,1,0,0
S00094110,48,12,12,16,5,0,1,2
S00094111,42,9,9,13,4,2,2,3
S00094112,65,14,6,16,10,10,1,8
S00094589,42,10,8,12,9,2,0,1
S00094590,45,11,5,16,9,2,0,2
S00094723,84,14,15,36,9,4,0,6
S00094101,63,10,3,36,12,2,0,0
S00094102,47,10,6,22,6,1,1,1
S00094105,57,13,4,27,12,0,0,1
S00094106,20,3,5,5,6,0,0,1
S00094107,37,4,12,11,4,2,0,4
S00094108,42,9,4,23,4,0,1,1
S00094109,46,7,5,22,6,5,0,1
S00094588,34,2,3,19,7,1,1,1
S00094197,42,6,10,12,4,5,0,5
S00094198,50,2,10,18,9,6,0,5
S00094199,40,12,7,15,1,3,0,2
S00094200,67,6,7,31,13,1,1,8
S00094201,50,6,10,16,11,4,0,3
S00094202,68,9,12,17,10,10,1,9
S00094609,33,9,3,13,2,2,1,3
S00094191,35,6,4,11,6,4,1,3
S00094192,43,7,6,17,9,1,0,3
S00094193,68,7,9,27,16,2,0,7
S00094194,70,14,9,28,6,0,1,12
S00094195,53,9,17,14,2,4,1,6
S00094196,63,16,17,11,6,8,1,4
S00094608,58,8,5,20,13,7,0,5
S00094035,42,5,7,16,10,3,0,1
S00094036,29,6,4,12,6,0,0,1
S00094040,41,10,8,14,5,0,0,4
S00094041,45,5,4,18,12,0,0,6
S00094042,46,12,4,19,6,4,0,1
S00094043,37,5,6,8,14,3,0,1
S00094100,74,11,17,21,10,7,1,7
S00094037,48,6,5,29,6,1,1,0
S00094038,62,19,12,27,0,1,0,3
S00094039,38,7,2,20,3,1,0,5
S00094565,41,11,4,17,3,0,1,5
S00094675,56,13,8,20,9,4,0,2
S00094677,36,8,7,13,3,4,0,1
S00094695,56,4,4,34,9,2,0,3
S00094696,38,4,1,22,7,0,0,4
S00094033,50,5,4,23,8,4,0,6
S00094034,53,5,10,17,10,3,0,8
S00094671,37,4,6,19,5,0,0,3
S00094672,44,3,10,22,4,1,0,4
S00094673,42,5,5,16,12,2,0,2
S00094674,63,5,9,28,17,3,0,1
S00094693,41,10,6,14,7,1,0,3
S00094694,47,3,10,18,10,1,3,2
S00094803,42,3,3,16,15,0,1,4
S00094662,32,4,6,14,7,0,0,1
S00094664,66,10,7,26,17,0,3,3
S00094691,49,8,6,19,9,4,0,3
S00094692,30,6,6,11,3,1,0,3
S00094802,42,8,2,15,10,2,0,5
S00094176,66,16,9,26,9,1,0,5
S00094177,58,9,4,28,12,2,1,2
S00094178,56,12,14,18,8,2,0,2
S00094179,38,5,6,19,2,4,0,2
S00094180,75,3,19,26,12,11,0,4
S00094183,42,8,9,10,8,3,1,3
S00094676,32,3,5,13,9,1,1,0
S00094172,71,5,15,10,22,16,1,2
S00094173,35,10,10,11,0,3,0,1
S00094174,59,8,24,11,3,7,1,5
S00094175,77,17,26,15,9,7,0,3
S00094181,41,11,6,15,6,1,0,2
S00094182,53,15,8,14,4,6,1,5
S00094187,55,34,10,6,0,4,0,1
S00094184,57,4,22,13,6,10,0,2
S00094185,50,6,12,12,10,5,0,5
S00094186,46,9,7,21,4,1,0,4
S00094188,43,9,28,1,2,2,1,0
S00094189,48,7,7,17,8,5,0,4
S00094606,70,10,13,21,15,7,2,2
S00094678,34,10,9,10,1,2,0,2
S00094679,64,15,12,18,12,2,2,3
S00094164,77,11,46,11,3,4,0,2
S00094165,59,5,25,9,4,8,0,8
S00094170,54,3,28,11,7,2,3,0
S00094171,48,6,24,5,7,2,0,4
S00094735,64,12,22,15,6,5,0,4
S00094159,48,10,21,11,2,4,0,0
S00094160,48,18,15,12,3,0,0,0
S00094161,38,22,1,8,4,0,0,3
S00094167,57,9,22,16,6,2,0,2
S00094168,71,11,23,18,6,8,0,5
S00094169,31,16,3,7,2,0,0,3
S00094605,41,5,7,11,10,5,0,3
S00094607,46,25,7,10,1,3,0,0
S00094156,57,9,6,18,14,6,0,4
S00094157,75,6,4,29,22,9,1,4
S00094158,62,8,8,16,20,2,0,8
S00094190,20,1,3,9,4,1,0,2
S00094733,27,6,4,13,3,0,0,1
S00094734,61,10,4,25,11,3,1,7
S00094032,50,14,5,17,9,1,1,3
S00094162,48,6,8,27,5,0,0,2
S00094163,65,6,8,28,19,2,0,2
S00094166,71,26,16,16,10,1,1,1
S00094736,68,18,16,18,9,3,0,4
S00094243,37,15,7,13,2,0,0,0
S00094244,46,9,4,13,14,2,1,3
S00094245,52,22,16,11,3,0,0,0
S00094746,41,5,10,15,6,2,2,1
S00094747,42,12,16,10,2,1,0,1
S00094748,55,14,24,7,3,3,0,4
S00094237,71,14,10,35,8,2,0,2
S00094238,36,9,5,13,4,1,1,3
S00094239,55,8,8,19,13,5,0,2
S00094240,70,16,32,12,6,3,1,0
S00094241,38,10,4,17,4,1,1,1
S00094242,54,16,5,26,6,0,0,1
S00094619,70,15,25,17,6,6,0,1
S00094217,38,6,5,18,5,0,1,3
S00094218,42,6,10,19,5,0,1,1
S00094219,43,8,1,21,10,0,2,1
S00094220,47,6,8,18,13,1,0,1
S00094221,60,12,4,29,8,4,0,3
S00094222,48,6,5,23,10,1,1,2
S00094610,39,8,6,14,7,0,0,4
S00094611,42,7,8,19,5,0,1,2
S00093998,51,5,2,26,15,0,1,2
S00094566,38,13,7,16,1,0,1,0
S00094569,74,12,14,34,6,0,0,8
S00094580,52,6,5,22,14,0,1,4
S00094798,42,7,8,21,3,0,2,1
S00094799,45,10,6,19,5,3,1,1
S00094235,57,14,10,18,9,2,1,3
S00094236,73,23,19,16,2,5,2,6
S00094616,34,7,7,11,4,2,0,3
S00094617,21,0,4,10,3,1,1,2
S00094742,57,13,21,17,5,0,0,1
S00094233,38,7,20,5,4,1,0,1
S00094234,77,3,16,17,23,15,1,2
S00094740,47,11,11,13,4,4,0,4
S00094741,32,6,13,1,4,7,0,1
S00094743,54,4,13,8,12,13,0,4
S00094745,67,43,18,3,0,0,0,3
S00094227,40,11,11,9,2,4,1,2
S00094228,67,17,32,13,0,2,0,3
S00094229,53,8,26,9,3,4,0,3
S00094230,51,11,19,9,5,4,0,3
S00094231,45,11,12,7,6,1,0,8
S00094232,41,7,25,5,0,3,0,1
S00094744,54,11,26,10,2,4,0,1
S00094223,64,14,9,24,7,7,0,3
S00094224,42,6,10,15,8,2,0,1
S00094225,76,20,20,19,6,5,0,6
S00094226,53,17,14,10,6,3,0,3
S00094613,42,7,26,3,1,1,0,4
S00094737,74,14,33,16,2,4,0,5
S00094203,42,25,6,4,3,3,0,1
S00094204,45,10,3,18,8,4,0,2
S00094205,49,12,10,8,8,6,1,4
S00094206,57,8,15,12,8,10,0,4
S00094207,49,4,5,14,13,5,4,4
S00094208,38,6,12,11,4,4,0,1
S00094209,57,7,8,26,11,3,1,1
S00094210,53,5,4,22,9,5,3,5
S00094211,34,2,5,10,4,12,0,1
S00094212,45,5,6,9,5,10,2,8
S00094213,42,31,2,8,0,1,0,0
S00094214,74,15,22,25,4,8,0,0
S00094215,46,8,27,7,1,1,1,1
S00094216,68,13,28,12,5,3,0,7
S00094738,23,5,4,5,5,3,0,1
S00094739,78,30,19,20,6,1,0,2
S00093999,57,12,12,25,4,0,0,4
S00094000,46,12,13,15,2,1,0,3
S00094001,30,7,4,19,0,0,0,0
S00094002,30,6,10,7,3,3,1,0
S00094003,28,4,8,7,5,3,1,0
S00094004,43,10,7,20,4,0,0,2
S00094005,57,14,10,28,3,0,0,2
S00094006,64,11,12,27,10,1,0,3
S00094007,58,4,11,34,5,0,1,3
S00094008,76,4,7,47,13,1,0,4
S00094009,31,10,2,15,3,0,0,1
S00094010,24,5,2,11,4,1,0,1
S00094026,41,5,8,19,8,0,0,1
S00094255,57,10,5,18,10,9,1,4
S00094260,36,3,1,25,7,0,0,0
S00094612,36,5,3,22,3,0,0,3
S00094614,34,2,4,22,3,2,0,1
S00094615,62,12,7,23,8,5,2,5
S00094618,57,8,8,31,5,1,1,3
S00094256,49,17,2,22,5,2,0,1
S00094257,58,10,3,32,9,1,0,3
S00094258,60,13,11,25,6,3,0,2
S00094259,79,23,19,24,7,1,0,5
S00094261,27,1,3,18,4,0,0,1
S00094623,24,3,1,14,4,2,0,0
S00094624,60,13,6,28,11,0,0,2
S00094749,46,8,6,25,2,1,1,3
S00094019,26,4,5,11,4,0,0,2
S00094020,67,15,12,33,3,0,0,4
S00094021,38,10,6,15,2,0,1,4
S00094022,61,9,9,26,9,2,0,6
S00094023,44,7,8,19,7,3,0,0
S00094633,32,4,4,18,4,1,0,1
S00094686,55,8,16,23,3,2,1,2
S00094687,46,14,11,13,6,1,1,0
S00094688,63,7,15,29,9,0,0,3
S00094689,32,7,2,23,0,0,0,0
S00094015,64,11,10,25,5,5,1,7
S00094016,55,10,7,20,7,7,0,4
S00094017,31,6,3,15,4,1,0,2
S00094018,77,12,11,36,10,5,1,2
S00094631,28,5,5,11,5,0,0,2
S00094685,61,10,11,31,8,0,0,1
S00094690,34,8,1,19,2,0,2,2
S00094024,40,7,10,19,3,0,1,0
S00094025,62,6,16,15,18,2,1,4
S00094027,74,14,7,41,6,0,0,6
S00094028,31,12,2,12,2,0,1,2
S00094029,53,9,10,19,10,3,1,1
S00094030,74,29,9,16,11,4,2,3
S00094031,54,8,10,21,8,2,2,3
S00093997,33,2,6,20,4,0,0,1
S00094013,71,10,11,28,10,9,2,1
S00094014,72,12,5,30,14,6,1,4
S00094331,67,10,21,12,9,6,3,6
S00094332,49,11,7,10,8,8,1,4
S00094683,70,8,5,36,12,4,1,4
S00094684,42,14,3,16,3,3,0,3
S00094333,68,10,5,33,11,5,1,3
S00094334,46,6,10,23,2,0,0,5
S00094754,53,6,4,33,5,2,0,3
S00094755,46,11,5,26,1,1,0,2
S00094756,23,4,2,9,7,1,0,0
S00094293,27,4,0,13,6,1,1,2
S00094294,54,29,8,15,0,0,0,2
S00094295,70,13,7,32,9,2,3,4
S00094296,40,9,8,15,4,1,1,2
S00094297,49,11,15,14,3,3,0,3
S00094298,40,7,5,20,4,0,1,3
S00094299,72,11,9,33,12,1,2,4
S00094330,38,9,11,9,4,2,0,3
S00094632,33,12,4,9,5,0,0,3
S00094750,37,5,12,9,7,0,0,4
S00094751,47,9,17,14,5,1,0,1
S00094301,73,16,10,25,12,4,0,6
S00094326,30,3,6,14,5,2,0,0
S00094328,68,5,12,19,20,3,3,6
S00094329,55,11,2,28,5,2,1,6
S00094752,26,1,0,11,9,2,2,1
S00094753,64,15,13,23,5,2,0,6
S00094308,70,15,14,28,6,1,1,5
S00094309,64,32,2,24,5,0,0,1
S00094314,55,13,16,18,4,3,0,1
S00094323,61,10,3,27,12,2,3,4
S00094324,41,6,8,14,6,1,1,5
S00094327,57,18,5,24,3,4,1,2
S00094315,64,8,21,5,13,15,1,1
S00094316,51,3,11,13,10,10,1,3
S00094317,44,4,17,4,2,12,0,5
S00094318,53,14,13,13,9,3,1,0
S00094320,66,6,11,14,10,12,1,12
S00094321,44,4,10,9,4,9,1,7
S00094322,41,8,9,11,5,6,0,2
S00094325,46,7,8,12,9,5,1,4
S00094012,38,3,3,17,7,2,3,3
S00094285,69,18,19,14,7,7,1,3
S00094300,46,8,8,22,6,2,0,0
S00094319,27,5,1,12,5,3,0,1
S00094630,35,1,9,9,6,8,0,2
S00094305,41,12,13,3,3,5,0,5
S00094306,41,7,20,5,1,4,0,4
S00094307,46,12,11,12,4,5,1,1
S00094311,47,10,9,12,10,6,0,0
S00094312,58,39,5,8,1,4,0,1
S00094313,43,9,19,6,7,0,1,1
S00094284,64,11,20,15,11,4,0,3
S00094302,56,14,19,7,1,6,0,9
S00094303,57,11,15,15,9,2,1,4
S00094304,46,16,5,14,2,4,0,5
S00094310,38,8,2,16,6,2,2,2
S00094628,34,7,7,13,4,0,0,3
S00094287,48,11,5,18,10,3,0,1
S00094288,46,3,7,4,13,9,3,7
S00094289,37,7,5,8,4,8,2,3
S00094292,50,1,20,5,9,8,1,6
S00094629,52,7,25,9,2,6,1,2
S00094280,60,8,11,22,14,2,0,3
S00094281,68,9,22,16,10,6,0,5
S00094282,58,9,21,8,10,4,1,5
S00094283,50,4,23,11,7,2,1,2
S00094286,62,7,11,20,11,8,1,4
S00094290,49,4,14,18,6,4,3,0
S00094291,31,5,10,9,3,4,0,0
S00094270,47,9,6,12,7,7,0,6
S00094271,48,9,16,3,6,9,0,5
S00094273,45,6,26,6,2,2,0,3
S00094274,34,6,14,5,4,0,1,4
S00094275,47,3,23,7,2,5,2,5
S00094276,31,2,7,13,3,3,0,3
S00094277,35,4,12,6,8,1,0,4
S00094278,62,10,20,19,5,3,0,5
S00094627,40,6,6,19,7,0,1,1
S00094265,50,4,9,18,8,7,2,2
S00094267,51,7,9,16,8,8,0,3
S00094268,48,8,12,8,10,5,0,5
S00094269,47,3,12,12,12,4,2,2
S00094279,66,7,13,24,11,4,3,4
S00094626,58,6,26,10,11,3,0,2
S00094011,74,17,14,26,11,4,0,2
S00094262,74,10,7,29,15,6,1,6
S00094263,49,8,7,19,9,6,0,0
S00094264,38,5,9,14,6,1,1,2
S00094266,67,8,8,30,13,3,0,5
S00094272,35,8,8,8,7,2,0,2
S00094625,37,5,7,19,4,0,1,1
S00135056,48,4,11,9,15,6,1,2
S00135057,50,12,14,13,6,1,0,4
S00135062,73,14,19,20,13,1,2,4
S00135257,38,6,9,6,9,2,0,6
S00135263,75,12,26,13,9,9,2,4
S00135054,49,8,6,15,9,3,3,5
S00135055,46,8,7,18,5,4,0,4
S00135058,72,16,22,13,9,6,1,5
S00135059,52,8,9,14,12,6,0,3
S00135060,52,15,9,10,10,4,0,4
S00135061,32,6,6,15,3,1,0,1
S00135063,73,15,18,21,11,3,0,5
S00135064,47,10,12,16,5,1,0,3
S00135065,47,7,6,18,9,3,0,4
S00135066,45,6,8,12,11,0,1,7
S00135067,38,11,4,10,9,1,0,3
S00135068,35,6,16,7,2,1,0,3
S00135070,54,3,9,17,17,3,0,5
S00135255,53,9,12,19,8,0,0,5
S00135266,78,6,26,16,8,13,1,8
S00135267,27,1,5,8,8,2,0,3
S00135268,31,2,3,17,5,1,0,3
S00135069,49,8,7,22,5,3,0,4
S00135071,35,3,6,7,10,4,0,5
S00135072,42,4,10,12,7,8,0,1
S00135073,33,3,12,8,3,4,1,2
S00135074,24,1,4,6,5,1,1,6
S00135075,42,5,12,13,6,0,1,5
S00135076,61,5,18,18,8,8,0,4
S00135077,40,6,5,13,12,1,1,2
S00135153,28,3,5,13,6,1,0,0
S00135154,56,7,5,13,16,5,2,8
S00135155,37,5,7,11,7,2,0,5
S00135156,37,3,6,14,5,3,1,5
S00135157,63,7,18,25,5,3,1,4
S00135158,56,10,10,23,10,0,1,2
S00135159,26,6,4,6,3,2,0,5
S00135160,65,4,26,10,8,15,0,2
S00135161,59,8,11,19,13,2,0,6
S00135248,65,10,11,23,18,1,1,1
S00135287,26,4,6,6,5,2,2,1
S00135288,69,7,13,19,22,2,1,5
S00135082,69,15,10,28,10,0,0,6
S00135083,56,13,10,13,7,2,3,8
S00135084,35,3,10,9,6,4,0,3
S00135085,51,13,9,18,9,0,0,2
S00135260,38,7,13,5,4,5,0,4
S00135302,54,6,7,28,7,0,1,5
S00135303,41,8,9,13,6,0,1,4
S00135078,38,8,7,13,5,0,0,5
S00135079,42,7,10,13,6,0,3,3
S00135080,55,17,13,13,6,1,0,5
S00135081,27,4,4,9,5,1,1,3
S00135086,46,10,13,15,4,2,0,2
S00135087,54,11,8,23,4,4,0,4
S00135088,22,1,2,8,7,3,0,1
S00135089,42,8,15,6,5,2,0,6
S00135090,43,6,9,18,7,2,0,1
S00135261,36,16,6,7,5,0,0,2
S00135304,42,13,2,18,3,0,0,6
S00135094,34,8,6,12,6,0,0,2
S00135095,34,11,6,10,1,0,0,6
S00135096,42,11,10,12,6,0,0,3
S00135097,29,6,4,15,3,0,0,1
S00135098,37,8,3,17,7,0,0,2
S00135099,44,10,7,12,11,1,1,2
S00135100,77,11,18,24,16,2,1,5
S00135262,53,7,14,14,10,1,1,6
S00135305,43,13,7,14,6,0,0,3
S00135306,42,7,9,15,6,0,1,4
S00135091,57,18,8,15,6,0,2,8
S00135092,57,8,17,18,2,7,0,5
S00135093,44,10,8,15,7,0,1,3
S00135101,56,19,9,18,6,0,0,4
S00135102,51,15,7,16,7,0,0,6
S00135264,36,5,8,17,2,1,0,3
S00135269,48,14,4,23,6,0,0,1
S00135270,33,8,4,9,7,0,0,5
S00135271,56,13,15,11,9,3,0,5
S00135272,38,2,6,12,9,1,1,7
S00135105,25,7,6,7,4,0,0,1
S00135106,39,9,10,8,5,1,0,6
S00135107,46,8,16,9,7,2,0,4
S00135108,53,11,13,14,8,2,0,5
S00135109,58,7,10,22,12,1,3,3
S00135110,63,7,18,15,12,7,1,3
S00135111,51,8,10,16,11,0,1,5
S00135112,50,7,7,24,7,0,0,5
S00135113,48,8,10,13,9,1,0,7
S00135103,60,10,8,24,10,0,1,7
S00135104,42,5,7,15,8,1,1,5
S00135114,71,10,12,30,9,0,2,8
S00135115,41,6,7,12,9,4,1,2
S00135116,41,8,8,15,3,0,1,6
S00135265,61,5,9,25,6,1,2,13
S00135273,69,14,12,21,9,3,0,10
S00135274,26,1,10,4,5,4,0,2
S00135118,57,8,10,22,10,1,0,6
S00135119,38,10,8,13,1,0,1,5
S00135120,60,6,10,30,7,2,1,4
S00135121,54,12,9,16,6,6,1,4
S00135122,48,8,17,9,8,3,0,3
S00135123,70,12,12,25,11,3,2,5
S00135124,46,7,10,14,6,0,2,7
S00135117,59,14,16,18,9,0,0,2
S00135125,49,7,16,10,10,0,2,4
S00135126,53,11,9,18,9,0,0,6
S00135133,35,4,6,13,7,1,0,4
S00135134,36,8,6,12,5,0,1,4
S00135127,56,8,12,14,10,4,0,8
S00135132,71,14,12,20,11,2,1,11
S00135135,47,6,10,20,6,1,0,4
S00135136,46,3,17,15,6,3,1,1
S00135245,35,8,7,12,4,0,0,4
S00135275,31,8,1,11,5,1,1,4
S00135128,54,8,12,19,10,1,2,2
S00135129,40,2,12,10,3,7,0,6
S00135130,53,4,10,18,13,3,2,3
S00135131,48,9,9,17,5,0,2,6
S00135137,62,11,9,20,12,1,1,8
S00135276,64,9,10,25,8,6,1,5
S00135138,52,10,13,9,10,5,1,4
S00135139,43,6,12,17,2,0,0,6
S00135140,56,6,9,19,8,2,0,12
S00135279,52,5,8,17,11,1,0,10
S00135280,53,8,5,25,9,2,0,4
S00135281,68,8,17,16,14,4,0,9
S00135282,32,7,10,8,1,3,0,3
S00135141,63,12,13,21,7,5,2,3
S00135142,28,6,0,12,7,1,0,2
S00135238,66,20,4,21,10,1,4,6
S00135259,46,8,6,19,5,2,0,6
S00135277,73,11,14,30,4,5,1,8
S00135278,23,2,6,6,5,2,1,1
S00135239,42,9,9,11,10,0,1,2
S00135240,45,10,5,10,9,2,1,8
S00135241,53,10,12,16,10,1,0,4
S00135242,36,13,4,12,6,0,1,0
S00135243,39,8,7,13,9,1,0,1
S00135244,48,12,12,14,5,1,0,4
S00135300,72,9,13,21,15,3,3,8
S00135301,24,3,5,5,4,2,0,5
S00135150,77,8,5,34,20,3,3,4
S00135246,60,11,14,16,8,4,0,7
S00135247,41,12,2,12,9,2,0,4
S00135285,24,3,4,8,7,2,0,0
S00135286,81,11,10,30,15,2,1,12
S00135221,41,5,6,19,5,2,0,4
S00135222,42,6,3,16,10,1,0,6
S00135223,73,13,14,26,13,2,2,3
S00135224,60,10,11,22,12,3,1,1
S00135225,22,3,4,6,6,0,3,0
S00135226,99,16,12,26,27,5,6,7
S00135258,44,5,6,21,9,2,0,1
S00135149,45,3,10,9,17,3,2,1
S00135227,61,10,7,12,20,11,0,1
S00135228,49,2,4,19,18,0,2,4
S00135229,51,5,10,17,11,3,2,3
S00135230,32,7,12,3,3,4,0,3
S00135231,96,17,15,25,25,2,2,10
S00135232,49,9,8,19,9,0,0,4
S00135233,54,2,23,9,14,5,0,1
S00135172,58,7,7,16,15,3,3,7
S00135173,68,6,12,16,22,8,0,4
S00135250,56,8,7,17,19,4,1,0
S00135251,46,9,8,17,6,2,1,3
S00135289,74,7,10,33,15,2,1,6
S00135290,65,1,21,6,13,15,1,8
S00135174,64,6,8,24,13,3,3,7
S00135175,33,6,4,12,9,0,1,1
S00135194,53,5,9,21,8,4,1,5
S00135220,57,5,14,24,7,3,1,3
S00135252,66,2,13,23,13,6,0,9
S00135253,25,2,4,8,5,0,1,5
S00135254,30,2,9,7,8,2,1,1
S00135291,35,1,7,2,13,6,1,5
S00135292,44,7,6,11,14,3,0,3
S00135293,33,5,2,17,4,2,0,3
S00135193,63,9,13,16,6,9,0,10
S00135196,47,5,16,5,3,11,0,7
S00135197,33,0,8,6,5,8,0,6
S00135198,30,1,9,6,3,11,0,0
S00135219,61,5,18,15,9,10,1,3
S00135294,55,13,14,20,4,3,0,1
S00135295,24,5,1,12,5,0,0,1
S00135188,57,8,25,10,4,4,1,5
S00135190,39,7,21,5,2,2,0,2
S00135203,78,11,16,19,13,8,3,8
S00135204,71,15,14,14,9,8,2,9
S00135208,39,10,12,5,6,5,0,1
S00135256,54,33,6,9,5,0,0,1
S00135177,45,9,21,9,1,2,1,2
S00135181,29,5,4,10,8,0,0,2
S00135182,70,10,38,14,5,1,0,2
S00135183,57,28,12,12,3,1,0,1
S00135184,49,12,18,8,6,0,0,5
S00135185,56,31,6,11,5,1,0,2
S00135186,33,2,16,7,4,2,0,2
S00135187,73,16,26,14,7,3,0,7
S00135189,48,12,20,7,3,2,1,3
S00135192,43,4,11,8,15,2,0,3
S00135176,46,4,13,8,11,4,1,5
S00135178,49,9,11,14,10,1,0,4
S00135179,58,9,11,12,15,3,1,7
S00135180,60,7,17,8,10,10,2,6
S00135216,57,12,11,14,9,4,0,7
S00135217,59,12,17,12,7,5,0,6
S00135218,72,13,24,24,7,2,2,0
S00135211,51,11,12,16,9,0,0,3
S00135212,46,4,13,17,1,1,0,10
S00135213,40,11,18,6,1,1,1,2
S00135214,62,4,12,20,10,2,1,13
S00135296,45,1,11,16,8,3,0,6
S00135297,49,2,13,12,11,6,0,5
S00135191,27,2,9,6,4,3,0,3
S00135200,70,10,15,24,8,7,1,5
S00135205,43,13,8,12,3,2,0,5
S00135206,35,10,9,6,1,5,0,4
S00135207,43,11,6,14,6,4,0,2
S00135209,52,15,7,23,6,1,0,0
S00135210,57,17,10,14,12,1,0,3
S00135298,53,7,12,15,5,9,0,5
S00135299,32,10,6,9,2,1,0,4
S00135170,46,4,7,17,10,3,0,5
S00135195,47,3,14,15,3,4,1,7
S00135199,54,10,10,16,8,4,1,5
S00135201,43,7,6,13,9,2,0,6
S00135202,44,3,6,15,10,5,0,5
S00135215,53,8,17,17,6,0,0,5
S00135165,51,4,7,24,8,4,1,3
S00135166,35,3,5,11,12,1,0,3
S00135167,66,7,19,10,13,8,2,7
S00135168,58,14,12,18,11,0,0,3
S00135169,49,4,12,17,9,0,2,5
S00135171,60,6,7,22,18,2,1,4
S00135249,44,8,4,16,10,4,1,1
S00135146,66,10,7,18,21,5,1,4
S00135147,38,5,5,13,8,2,1,4
S00135148,50,11,6,16,11,4,1,1
S00135151,70,9,16,22,14,2,2,5
S00135163,41,5,14,9,7,3,1,2
S00135164,71,11,9,27,21,0,1,2
S00135143,84,13,18,28,18,4,0,3
S00135144,37,5,4,15,8,0,2,3
S00135145,51,11,5,19,11,0,1,4
S00135162,74,9,8,31,16,0,2,8
S00135283,38,3,8,11,6,1,6,3
S00135284,64,9,7,24,12,2,0,10
S00135152,50,5,7,13,18,0,3,4
S00135234,56,6,6,20,12,3,1,8
S00135235,38,6,12,10,6,1,1,2
S00135236,67,14,12,29,8,1,1,2
S00135237,63,13,8,22,11,3,1,5
S00117855,71,16,18,19,14,0,1,3
S00117856,65,11,7,30,10,3,1,3
S00119159,67,3,18,22,15,4,0,5
S00119624,44,6,8,22,5,2,1,0
S00117858,48,8,6,21,9,0,2,2
S00117859,40,7,5,11,10,2,0,5
S00117860,34,4,2,14,9,2,0,3
S00119158,56,6,9,30,5,1,0,5
S00119625,66,9,13,19,9,11,1,4
S00117863,33,5,8,6,3,5,3,3
S00117864,47,11,5,22,5,1,0,3
S00117865,52,2,8,26,9,2,0,5
S00117866,36,5,3,16,9,3,0,0
S00117867,56,5,10,18,14,4,1,4
S00117868,76,7,20,25,12,3,1,8
S00119314,39,4,9,14,8,2,0,2
S00119315,41,7,13,8,6,4,0,3
S00118199,62,8,6,21,15,7,1,4
S00118200,35,8,9,12,2,2,0,2
S00118201,45,5,14,11,7,3,0,5
S00118202,63,7,22,23,8,2,0,1
S00118203,61,10,10,16,15,2,2,6
S00118204,38,2,6,11,14,3,0,2
S00118205,41,5,8,12,11,2,0,3
S00117832,36,3,8,16,6,0,0,3
S00117842,23,1,2,13,5,0,1,1
S00117857,71,6,13,36,13,0,0,3
S00119153,54,14,13,15,9,3,0,0
S00119301,33,8,11,6,5,0,0,3
S00119302,24,4,2,8,6,1,0,3
S00119307,57,8,9,18,12,3,0,7
S00119308,30,6,3,9,7,2,0,3
S00119311,26,4,2,12,5,2,0,1
S00119312,30,3,11,6,6,3,0,1
S00119313,65,8,15,23,9,6,0,4
S00117840,68,3,14,35,12,3,0,1
S00117841,43,9,5,11,12,1,1,4
S00117843,70,10,8,25,19,2,1,5
S00117844,63,2,5,34,10,1,0,11
S00117845,57,3,9,29,10,2,1,3
S00117861,67,7,10,27,14,4,0,5
S00117862,25,3,3,12,5,1,0,1
S00117838,76,8,14,36,14,1,1,2
S00119157,54,7,6,30,5,0,2,4
S00119305,71,10,11,37,6,2,1,4
S00119306,33,1,6,17,5,0,0,4
S00117833,26,4,6,11,5,0,0,0
S00117834,56,8,10,23,12,2,1,0
S00119154,56,6,8,28,11,0,0,3
S00119155,45,7,5,20,11,0,1,1
S00119156,76,6,7,30,18,1,4,10
S00117835,66,7,10,32,11,1,1,4
S00118120,67,6,13,21,17,6,1,3
S00119197,45,14,8,11,6,0,1,5
S00119396,34,4,9,8,7,4,0,2
S00119397,50,10,9,15,11,0,3,2
S00119398,52,6,6,22,9,1,3,5
S00119399,50,15,12,9,6,0,0,8
S00118121,61,9,28,8,3,5,2,6
S00118122,55,8,13,21,9,3,0,1
S00118123,24,4,2,9,5,1,0,3
S00118124,47,11,5,16,7,3,0,5
S00118125,48,9,2,17,8,8,0,4
S00118126,44,15,7,15,5,0,0,2
S00118127,37,5,11,8,4,6,0,3
S00119198,44,6,17,11,5,3,1,1
S00119199,56,14,9,13,7,8,1,4
S00119200,39,7,11,12,3,2,0,4
S00117837,59,15,6,17,10,1,1,9
S00119145,35,1,5,10,10,2,0,7
S00119303,45,2,15,16,7,1,1,3
S00119304,62,6,14,23,15,0,1,3
S00119310,64,10,6,29,13,1,1,4
S00117836,70,2,7,37,10,3,2,9
S00117850,68,3,5,34,19,2,2,3
S00117851,57,11,10,16,11,3,1,5
S00117852,41,5,6,13,9,4,2,2
S00119309,47,7,9,16,9,0,0,6
S00117846,24,3,4,9,5,2,0,1
S00117847,43,7,4,17,8,3,2,2
S00117848,29,1,2,17,6,0,1,2
S00117849,58,6,4,24,16,1,0,7
S00117853,47,5,6,30,3,3,0,0
S00117854,77,15,13,26,16,1,0,6
S00117794,44,11,4,21,6,0,1,1
S00117830,28,4,3,16,5,0,0,0
S00117831,51,5,5,25,9,0,1,6
S00118220,82,21,14,20,15,5,0,7
S00118221,48,6,5,16,13,2,0,6
S00118222,42,8,6,14,8,3,1,2
S00118223,41,10,10,14,5,2,0,0
S00119213,71,11,17,27,12,1,0,3
S00118006,65,4,21,25,8,3,1,3
S00118017,83,4,18,37,16,2,2,4
S00119233,60,6,6,29,15,2,1,1
S00119234,28,7,5,12,0,0,0,4
S00119370,34,2,2,11,7,5,3,4
S00119371,65,5,25,23,5,4,0,3
S00119372,44,6,15,10,6,3,1,3
S00119373,40,22,6,10,0,0,0,2
S00118003,51,7,15,8,9,7,1,4
S00118004,55,2,11,23,7,7,0,5
S00118005,33,2,3,14,4,1,1,8
S00118018,52,5,9,20,18,0,0,0
S00119181,48,9,9,19,7,1,1,2
S00119183,57,5,13,22,10,3,1,3
S00119184,58,4,22,8,15,7,0,2
S00119185,65,4,14,29,11,0,1,6
S00118013,71,15,6,26,13,5,2,4
S00118014,57,9,7,23,11,1,1,5
S00118015,68,8,2,38,14,0,1,5
S00118056,42,3,6,21,8,2,0,2
S00119182,35,3,5,21,4,0,0,2
S00118007,54,4,10,25,10,2,1,2
S00118008,52,4,7,23,13,0,1,4
S00118009,50,6,15,20,5,0,1,3
S00118010,45,1,21,10,6,3,2,2
S00118011,53,7,5,23,11,3,1,3
S00118012,38,4,9,14,6,0,0,5
S00119368,60,14,12,22,8,2,0,2
S00119369,40,7,5,22,3,1,0,2
S00118016,33,3,2,22,4,2,0,0
S00118025,62,6,9,29,13,2,1,2
S00118026,51,7,6,23,8,2,0,5
S00119177,52,11,10,19,5,6,0,1
S00119178,26,2,6,9,5,1,1,2
S00118029,60,6,5,28,16,0,0,5
S00118030,43,8,10,12,7,1,0,5
S00118031,36,4,6,12,6,2,0,6
S00118032,54,8,8,22,6,3,2,5
S00118033,29,2,6,11,6,1,0,3
S00118034,51,7,10,17,10,0,0,7
S00118028,46,2,12,20,10,0,0,2
S00118575,59,6,24,14,5,4,1,5
S00118576,65,19,14,11,9,6,0,6
S00118577,35,7,9,12,2,4,0,1
S00118578,29,1,9,12,3,1,0,3
S00118579,48,7,3,29,4,0,1,4
S00118570,25,5,6,5,3,3,1,2
S00118571,59,2,20,14,11,8,0,4
S00118572,55,12,10,15,7,5,1,5
S00118573,25,3,6,4,3,7,0,2
S00118574,29,6,4,10,3,1,0,5
S00119055,35,13,8,4,5,1,0,4
S00119500,28,4,5,13,3,0,0,3
S00119501,59,18,13,21,1,0,1,5
S00118027,75,2,24,18,18,11,1,1
S00118580,38,3,7,6,12,6,1,3
S00118581,42,8,7,12,8,3,1,3
S00118582,40,2,5,15,8,3,0,7
S00119502,43,1,13,3,17,7,0,2
S00119503,51,3,18,8,11,6,2,3
S00119504,45,0,6,8,19,6,0,6
S00119505,54,9,27,10,7,0,0,1
S00119506,35,6,9,9,8,1,1,1
S00119507,38,6,14,11,1,3,1,2
S00118019,36,6,0,13,12,2,0,3
S00118020,42,1,9,20,9,2,0,1
S00118021,53,7,4,24,14,2,0,2
S00118022,40,5,3,24,4,0,1,3
S00118023,59,12,8,18,13,3,1,4
S00118024,67,3,17,23,17,4,1,2
S00119374,68,6,7,37,9,2,2,5
S00119375,33,1,8,11,9,0,1,3
S00118035,55,8,6,22,10,2,0,7
S00118036,41,4,9,18,5,0,2,3
S00118037,47,8,9,15,10,1,0,4
S00118038,37,2,4,23,5,0,2,1
S00118039,74,12,13,33,12,0,0,4
S00118040,31,4,3,14,5,0,1,4
S00118041,48,8,6,22,6,0,0,6
S00119376,51,9,7,14,13,2,2,4
S00119377,39,8,4,15,9,1,1,1
S00118051,43,5,6,21,7,3,0,1
S00118052,42,7,7,13,6,4,0,5
S00118053,45,10,5,24,4,0,0,2
S00118054,76,10,12,42,7,2,0,3
S00118055,74,8,4,45,9,0,1,7
S00119378,46,12,6,21,5,1,0,1
S00119379,35,6,4,6,10,4,1,4
S00118046,48,4,11,27,3,3,0,0
S00118047,33,7,4,17,2,0,0,3
S00118048,52,5,6,30,8,0,1,2
S00118049,59,8,9,27,9,2,1,3
S00118050,72,17,13,23,10,5,2,2
S00119187,30,8,4,12,2,1,1,2
S00121909,75,5,7,37,20,1,1,4
S00121910,32,5,5,13,3,1,2,3
S00121911,68,11,9,31,11,2,0,4
S00121912,60,10,11,26,7,2,1,3
S00121913,46,8,11,19,3,0,2,3
S00122807,38,7,5,15,5,1,0,5
S00122810,54,17,10,18,6,0,0,3
S00122818,36,9,8,14,3,0,1,1
S00121907,42,4,12,8,14,3,1,0
S00121908,31,5,3,16,3,0,2,2
S00121922,46,5,8,22,6,1,1,3
S00121923,32,8,3,10,6,0,1,4
S00122808,47,5,6,24,7,0,2,3
S00122821,43,7,8,22,3,0,0,3
S00122822,49,9,10,16,5,3,0,6
S00122927,49,14,10,15,5,0,2,3
S00121919,62,16,5,27,10,1,1,2
S00121920,52,12,4,20,11,2,0,3
S00121921,35,6,2,19,4,2,1,1
S00122820,51,7,3,23,16,1,0,1
S00122926,24,4,2,9,6,0,1,2
S00121914,47,11,7,22,5,0,0,2
S00121915,27,1,5,14,2,2,0,3
S00121916,26,7,2,11,2,0,0,4
S00121917,30,6,1,12,4,5,0,2
S00122924,60,15,14,20,4,5,0,2
S00122925,29,9,5,12,2,0,0,1
S00121926,38,6,6,14,8,4,0,0
S00121927,45,1,6,14,11,9,2,2
S00122895,32,7,8,12,3,2,0,0
S00122896,58,20,6,23,6,0,1,2
S00122928,48,21,12,10,3,0,0,2
S00122929,38,13,9,9,4,1,0,2
S00121918,48,9,4,23,8,2,1,1
S00121928,42,8,5,18,5,2,0,4
S00121929,53,15,7,26,3,0,1,1
S00122826,27,7,2,14,1,3,0,0
S00122827,34,7,6,18,2,0,0,1
S00122930,70,19,16,23,7,0,0,5
S00121906,29,4,2,15,7,0,0,1
S00121931,69,16,14,21,7,5,1,5
S00121932,62,9,10,33,5,0,2,3
S00121933,25,5,2,12,4,1,0,1
S00121934,61,15,12,23,2,2,1,6
S00122805,42,18,7,7,3,3,0,4
S00122806,38,7,9,11,3,3,1,4
S00122828,43,5,4,13,13,3,1,4
S00122829,33,8,3,13,5,1,0,3
S00132921,36,5,9,10,12,0,0,0
S00132922,29,10,1,12,4,1,0,1
S00133504,35,2,3,20,7,0,1,2
S00133505,46,3,9,12,12,6,0,4
