pop..lsoa_id,pop..proportion_of_lsoa_within_co_m_boundary,pop..total_persons,pop..males,pop..females,pop..x0_4_years,pop..x5_11_years,pop..x12_17_years,pop..x18_29_years,pop..x30_39_years,pop..x40_59_years,pop..x60_74_years,pop..x75_years
W01000502,0.49929455889228902,2028,982,1046,81,119,112,216,164,516,451,369
W01000505,5.8621689929806403E-2,1468,742,726,36,107,80,166,151,425,313,190
W01000738,1.34053336249472E-2,1837,893,944,116,195,156,332,249,427,250,112
W01000751,0.27482990005892499,1417,709,708,50,108,67,166,114,393,327,192
W01000795,0.37132520058483398,1564,764,800,95,102,77,273,177,475,245,120
W01000797,2.88823859435971E-2,1433,722,711,51,101,98,180,156,376,306,165
W01000883,1,1376,680,696,28,84,60,119,152,318,456,159
W01000884,1,1300,665,635,90,150,90,214,207,313,158,78
W01000885,1.00000000000022,1455,670,785,86,104,80,232,216,384,214,139
W01000886,0.999999999998888,1678,844,834,125,156,113,255,266,428,238,97
W01000887,1.0000000000001199,2412,1188,1224,121,274,230,278,314,636,393,166
W01000888,0.89937692255317803,2786,1405,1381,152,251,164,355,387,792,467,218
W01000889,1.00000000000028,1740,842,898,80,95,87,223,203,511,332,209
W01000890,0.99999999999994205,1509,744,765,54,74,93,155,145,410,364,214
W01000891,1.0000000000003699,1500,733,767,66,109,114,205,201,391,237,177
W01000892,0.99999999999990097,1957,943,1014,110,134,153,210,285,435,379,251
W01000893,0.99999999999991696,2036,1015,1021,99,126,151,294,249,554,362,201
W01000894,0.99999999999992895,1450,702,748,87,99,100,205,178,340,267,174
W01000895,1,1446,724,722,77,97,109,218,197,380,271,97
W01000896,1.0000000000004099,1651,802,849,107,170,129,291,236,412,216,90
W01000897,0.99999999999894795,1312,638,674,66,111,72,187,185,316,244,131
W01000898,1,1591,799,792,87,116,113,221,156,471,296,131
W01000899,0.99999999999999101,1908,941,967,96,150,139,238,242,540,312,191
W01000900,0.99999999999999101,1616,764,852,61,130,109,221,200,420,335,140
W01000901,0.99999999999997902,1740,820,920,95,140,121,217,210,485,288,184
W01000902,1.0000000001290601,983,480,503,28,42,61,100,81,255,256,160
W01000903,1.00000000000003,1090,522,568,41,56,67,102,103,281,280,160
W01000904,1,1522,750,772,90,116,87,210,177,412,289,141
W01000905,1,1520,728,792,79,109,110,241,207,408,256,110
W01000906,0.99999999999997802,1031,497,534,47,48,49,116,57,267,282,165
W01000907,1,1774,817,957,67,132,132,249,189,514,284,207
W01000908,1.0000000000003799,1594,779,815,39,61,99,212,124,485,354,220
W01000909,0.99999999999992195,1198,561,637,45,69,105,136,112,304,239,188
W01000910,1.0000000000001901,1384,676,708,65,63,62,148,133,362,390,161
W01000911,1,1172,584,588,52,80,75,125,121,319,279,121
W01000912,0.999999999999997,1145,520,625,41,65,80,170,143,305,206,135
W01000913,1.00000000000001,1158,571,587,49,85,70,199,176,280,179,120
W01000914,1,1684,823,861,88,176,111,303,213,433,239,121
W01000915,1.00000000000006,1289,646,643,77,106,65,186,217,331,206,101
W01000916,0.98489048980142202,1247,635,612,53,69,82,222,173,309,214,125
W01000917,0.98756258785973605,4729,2458,2271,343,341,170,1271,736,1090,561,217
W01000918,0.99999999999997402,1980,981,999,126,133,119,249,254,498,420,181
W01000920,0.99999999999701095,1200,614,586,55,90,87,161,131,338,241,97
W01000921,1.0000000000001801,1602,805,797,89,155,123,256,184,399,272,124
W01000922,0.99999999999945099,1573,776,797,74,113,87,251,178,449,275,146
W01000923,1.0000000000070399,1450,696,754,37,106,97,128,163,401,342,176
W01000924,0.99999999999993106,993,493,500,66,86,39,134,98,237,259,74
W01000925,0.99999999999997102,1549,761,788,80,113,115,207,199,424,249,162
W01000926,0.99132343520051402,1756,853,903,83,118,83,190,208,464,364,246
W01000930,1,1310,664,646,75,118,86,214,142,361,204,110
W01000932,0.97644462478352601,1082,537,545,48,75,61,140,123,327,162,146
W01000933,0.99999999999991795,2069,1044,1025,76,182,211,285,167,684,319,145
W01000934,1,1259,650,609,68,92,69,191,189,344,199,107
W01000935,1,1651,828,823,81,128,74,249,226,439,313,141
W01000936,1.00000000000034,1523,758,765,95,141,107,261,208,415,214,82
W01000937,1.00000000000029,2204,1102,1102,126,236,154,300,323,571,366,128
W01000938,0.99999999999882905,1320,630,690,53,72,74,116,120,320,309,256
W01000939,1,1233,645,588,45,49,74,176,149,313,272,155
W01000940,0.99999999999997802,1325,655,670,89,136,94,180,177,317,219,113
W01000941,1,1601,805,796,107,153,130,244,184,425,254,104
W01000942,1.0000000000002001,1956,993,963,114,194,173,318,252,502,258,145
W01000943,1,1570,780,790,64,102,123,219,144,452,306,160
W01000944,0.88101095593176504,1214,601,613,73,122,69,119,149,303,256,123
W01000945,0.99999999999996603,1119,555,564,39,78,71,145,140,313,226,107
W01000948,4.17888278529416E-2,1875,947,928,61,102,119,265,232,509,415,172
W01000949,1.0000000000000699,1381,708,673,53,99,95,173,160,407,257,137
W01000950,1,1544,793,751,71,123,91,228,246,439,230,116
W01000951,0.99999999999876299,1674,890,784,60,118,113,281,204,513,284,101
W01000952,0.999999999999717,1230,587,643,95,111,66,175,157,305,228,93
W01000953,0.99999999999990596,1788,874,914,54,133,114,283,228,481,355,140
W01000954,0.99999999999951095,1403,690,713,67,110,89,213,165,335,266,158
W01000955,0.97765126596672602,1331,671,660,67,108,80,196,127,357,244,152
W01000956,0.99999999999999101,1197,592,605,27,77,65,100,75,283,384,186
W01000957,1.0000000000009699,1707,841,866,64,150,66,234,210,457,329,197
W01000958,1.0000000000123299,1661,757,904,70,154,154,249,205,408,307,114
W01000959,0.98253391558464798,1817,913,904,77,124,133,216,243,498,382,144
W01000960,1.00000000000029,1805,852,953,109,140,125,267,254,496,273,141
W01000961,0.99999999999998102,1586,743,843,79,144,127,184,201,386,283,182
W01000962,0.99999999999994904,1642,780,862,118,194,149,251,244,377,230,79
W01000963,1.00000000000031,1933,872,1061,96,210,136,304,258,454,293,182
W01000964,0.99999999999997902,1710,843,867,76,145,115,212,266,415,317,164
W01000965,0.98244926912772801,2107,1024,1083,119,159,154,295,229,534,411,206
W01000966,0.999999999999996,1410,716,694,74,101,75,174,201,351,274,160
W01000967,1.0000000000000799,1503,749,754,99,122,102,239,203,384,237,117
W01000968,1.0000000000000799,2024,982,1042,93,191,142,259,307,488,354,190
W01000969,1.00000000000001,1399,671,728,55,92,80,204,170,397,279,122
W01000970,0.99999999999956801,1245,608,637,57,87,87,179,146,316,211,162
W01000973,0.19223860071596099,1388,704,684,44,122,91,178,166,389,276,122
W01000974,0.99999999999998002,2560,1254,1306,139,199,154,367,387,713,413,188
W01000975,0.999999999999995,2280,1090,1190,129,261,201,331,313,564,363,118
W01000976,1,1103,516,587,53,112,104,175,125,269,188,77
W01000977,0.99999999999931599,1409,683,726,76,147,88,188,175,376,261,98
W01000978,0.999999999999998,1758,872,886,112,156,115,252,202,523,252,146
W01000979,1.00000000000003,1599,764,835,104,149,119,252,239,452,229,55
W01000980,0.99999999999954503,1361,693,668,88,115,88,177,200,387,223,83
W01000981,1,1221,579,642,83,157,125,168,182,333,123,50
W01000982,1.00000000000027,1410,688,722,49,84,55,176,161,367,320,198
W01000983,0.999999999999998,1539,786,753,89,149,96,202,241,464,238,60
W01000984,0.999999999999996,2369,1207,1162,124,259,157,394,401,587,318,129
W01000985,1.0000000000003899,1286,633,653,76,71,83,211,138,438,224,45
W01000986,0.99999999999969003,1634,814,820,114,119,102,302,234,454,231,78
W01000987,0.99999999999985201,2726,1314,1412,192,311,180,384,428,718,363,150
W01000989,0.99999999999997602,1426,683,743,60,83,82,179,151,370,297,204
W01000990,1.0000000000001401,1543,707,836,75,133,114,190,236,413,249,133
W01000991,0.99999999997408295,1191,575,616,88,156,115,145,142,306,163,76
W01000992,0.99999999999997902,1493,725,768,98,126,100,232,183,396,225,133
W01000993,0.99999999999998301,1465,720,745,95,139,99,254,168,368,258,84
W01000994,1.00000000000022,1405,729,676,95,141,108,215,188,348,206,104
W01000995,0.99999999999990596,1463,711,752,84,123,118,173,181,382,227,175
W01000996,1.00000000000005,1555,762,793,87,97,97,207,207,405,313,142
W01000997,1,1639,784,855,95,95,100,179,170,438,347,215
W01000998,1.00000000000002,6103,3885,2218,464,484,249,1393,1517,1332,476,188
W01000999,0.999999999999995,1450,671,779,62,126,106,176,207,376,262,135
W01001000,0.99999999999997502,1843,929,914,85,124,122,255,177,492,346,242
W01001001,1.00000000000002,1692,806,886,110,150,130,186,200,440,294,182
W01001002,0.99999999999997802,2620,1316,1304,191,288,192,479,460,598,281,131
W01001003,0.99999999999996703,1398,659,739,42,79,63,120,121,360,334,279
W01001004,0.99999999999999301,1127,571,556,60,96,63,138,171,275,193,131
W01001005,0.99999999999992994,1724,814,910,66,116,74,207,212,483,328,238
W01001006,1,2316,1118,1198,96,146,172,282,240,641,467,272
W01001007,0.99999999999998701,1934,967,967,106,209,170,254,234,555,272,134
W01001008,1,2419,1180,1239,148,166,115,270,275,634,478,333
W01001009,1,1273,642,631,57,120,94,173,153,368,218,90
W01001010,1.00000000000002,1266,586,680,79,117,95,171,149,328,237,90
W01001011,0.99999999999936195,1335,681,654,64,98,91,188,181,358,237,118
W01001012,0.999999999999996,1600,838,762,62,129,120,284,147,476,248,134
W01001013,0.99999999999998102,1466,734,732,67,108,96,168,169,348,337,173
W01001014,1.0000000000001299,1739,821,918,69,131,115,236,215,454,324,195
W01001015,0.99999999999991296,1442,655,787,58,133,123,203,145,416,275,89
W01001016,0.999999999999996,1606,808,798,52,97,103,175,149,374,395,261
W01001017,1,1499,724,775,58,127,114,211,170,413,273,133
W01001018,0.99999999999997302,1330,668,662,73,63,79,193,155,404,265,98
W01001019,0.999999999999999,1491,752,739,73,114,108,187,159,423,291,136
W01001020,1.00000000000005,1410,701,709,69,112,95,202,184,417,241,90
W01001021,1,1615,817,798,79,93,108,249,271,466,218,131
W01001022,1,1446,735,711,86,173,99,194,193,338,225,138
W01001023,1,1648,835,813,68,117,74,247,228,459,286,169
W01001024,0.99999999999987699,1165,562,603,71,84,87,172,134,343,204,70
W01001025,0.99999999999992295,1256,640,616,72,96,99,184,189,323,182,111
W01001026,1.0000000000006699,2060,999,1061,109,173,132,290,284,535,334,203
W01001027,1,1583,765,818,70,98,68,188,152,393,349,265
W01001028,1.00000000000002,1934,976,958,95,100,97,248,270,536,376,212
W01001029,0.999999999999865,1882,865,1017,48,91,89,211,130,484,487,342
W01001030,0.99938958337494299,1843,882,961,69,129,119,172,170,528,397,259
W01001031,0.99999999999998501,1466,679,787,51,58,67,147,109,336,415,283
W01001032,0.99999999999983602,1759,858,901,52,119,93,184,136,466,406,303
W01001033,1.00000000000003,1746,859,887,111,163,110,285,190,465,293,129
W01001034,1,1451,745,706,69,118,83,205,172,405,267,132
W01001035,0.99999999999896405,1907,946,961,119,162,117,376,282,505,234,112
W01001036,0.99999999999992195,1565,759,806,61,126,104,139,160,442,333,200
W01001037,1.0000000000003,1773,887,886,84,131,108,158,237,460,384,211
W01001038,1,2415,1100,1315,148,186,142,385,287,634,388,245
W01001039,1,1654,800,854,74,123,127,162,200,525,324,119
W01001040,1,1553,787,766,69,118,95,219,156,422,307,167
W01001041,0.99999999999998501,2442,1197,1245,102,166,158,277,230,700,516,293
W01001042,0.999999999999997,1255,633,622,61,79,89,211,153,373,199,90
W01001043,1,1146,573,573,74,107,59,177,141,310,208,70
W01001044,1,1619,803,816,49,112,98,182,151,434,384,209
W01001045,0.99959841717882603,1806,873,933,79,136,103,265,161,515,378,169
W01001046,0.99180740359059105,1858,869,989,53,134,92,203,150,439,404,383
W01001047,0.99999999999249201,1705,833,872,54,92,127,168,132,489,380,263
W01001048,1,1496,733,763,72,87,90,195,187,447,263,155
W01001049,1.00000000000005,1336,645,691,69,155,92,169,192,346,206,107
W01001050,1,1639,828,811,94,142,143,235,306,387,232,100
W01001051,1,1944,967,977,107,200,154,285,284,532,241,141
W01001052,1,1297,601,696,58,112,79,154,173,335,238,148
W01001053,0.999999999999308,946,466,480,33,44,46,58,55,223,291,196
W01001054,0.99254123515545101,1254,587,667,28,70,68,108,89,284,320,287
W01001055,0.99999999999950495,1231,590,641,81,97,110,198,154,305,176,110
W01001056,0.99999999999853695,1215,599,616,35,49,74,166,123,328,274,166
W01001057,1.0000000000006199,1774,852,922,108,160,98,239,255,492,311,111
W01001058,1,1973,955,1018,108,147,133,272,221,652,302,138
W01001059,1.00000000000006,1653,784,869,86,112,100,154,204,445,354,198
W01001060,1.0000000000004301,1523,718,805,71,94,86,157,129,401,349,236
W01001061,0.97810790859791397,3093,1503,1590,211,251,193,543,494,803,413,185
W01001062,0.99999999999995604,1340,653,687,55,119,92,156,207,409,198,104
W01001063,0.99999999999866296,1760,866,894,114,183,136,261,279,462,240,85
W01001064,1.00000000000033,1528,717,811,89,170,106,183,195,393,222,170
W01001065,1.00000000000054,1661,803,858,101,167,103,304,234,372,267,113
W01001066,0.99999999999903799,1647,762,885,106,120,109,240,217,454,268,133
W01001067,1,1441,666,775,90,141,88,213,163,357,287,102
W01001068,0.999999999999855,1727,843,884,106,147,124,253,237,527,257,76
W01001069,0.99999999999990696,1507,775,732,99,151,96,231,236,391,208,95
W01001070,1.00000000000002,1177,620,557,86,100,77,232,233,251,144,54
W01001071,0.99999999999994704,1530,735,795,87,125,98,230,186,397,294,113
W01001072,1.00000000000005,2884,1447,1437,160,239,233,432,304,945,447,124
W01001073,0.99964190333094005,2237,1115,1122,131,177,145,379,380,558,339,128
W01001075,1,1194,557,637,86,91,82,121,189,341,180,104
W01001076,1.00000000000001,1460,709,751,87,144,107,195,250,381,213,83
W01001077,1.00000000000003,1401,682,719,46,108,98,145,124,378,297,205
W01001078,0.99999999999989897,1307,614,693,64,98,104,148,114,413,212,154
W01001079,0.99999999999973799,1685,793,892,147,180,106,289,292,375,223,73
W01001080,1,1613,745,868,94,168,128,226,237,443,220,97
W01001081,1.0000000000001299,1783,822,961,128,245,115,273,273,374,230,145
W01001082,0.99999999999999201,1647,776,871,58,102,99,117,102,415,372,382
W01001083,1,1628,800,828,71,130,113,120,116,454,394,230
W01001084,0.999999999999997,1643,802,841,65,141,119,117,128,414,377,282
W01001085,0.99999999999996803,1655,823,832,88,144,110,145,160,475,345,188
W01001086,0.999999999999999,1589,779,810,77,86,87,148,112,489,315,275
W01001087,0.99999999999995903,1589,782,807,80,107,103,174,158,400,323,244
W01001088,0.99999999999965306,2111,975,1136,127,195,143,263,255,462,416,250
W01001089,0.99999999999990796,1516,716,800,68,98,72,162,155,409,351,201
W01001090,0.99999999999990496,1473,716,757,66,107,92,147,152,440,273,196
W01001091,1,1628,793,835,44,91,79,172,150,400,455,237
W01001092,0.99999999999984401,2182,1001,1181,182,200,172,325,313,549,294,147
W01001093,1.0000000000000699,1812,850,962,114,147,123,233,211,475,316,193
W01001094,0.99999999999994504,1348,583,765,87,162,98,216,198,336,153,98
W01001095,1,1622,757,865,113,227,108,270,201,398,220,85
W01001096,1.00000000000005,1362,688,674,69,105,102,159,192,326,256,153
W01001097,0.99999999999971501,1777,839,938,127,229,175,267,255,415,215,94
W01001098,0.99999999999974198,1084,529,555,29,94,63,105,85,264,298,146
W01001099,0.99999999999992495,1319,634,685,62,126,78,148,191,319,265,130
W01001100,1,1572,751,821,43,96,100,166,131,466,359,211
W01001101,1,1605,813,792,117,145,109,233,302,419,198,82
W01001102,1,1645,782,863,138,166,94,264,244,415,201,123
W01001103,0.99999999999998301,1202,598,604,56,76,65,113,145,334,293,120
W01001104,1.00000000000022,1928,942,986,75,146,164,203,170,610,330,230
W01001105,0.99999999999825895,2863,1408,1455,120,218,216,260,255,873,617,304
W01001106,1.0000000000003,1479,744,735,57,95,101,189,132,401,332,172
W01001107,0.99999999999995604,1564,727,837,48,117,81,138,139,382,392,267
W01001108,1.00000000000001,1867,926,941,110,175,110,313,293,446,299,121
W01001109,1.00000000000006,1483,727,756,49,113,112,138,127,407,337,200
W01001110,0.99974014704519998,1664,749,915,52,88,198,353,121,386,303,163
W01001111,0.99999999999996902,1494,702,792,72,144,125,221,181,362,256,133
W01001112,0.999999999999998,1415,666,749,74,120,100,150,186,407,243,135
W01001113,1.00000000000004,2319,1104,1215,86,204,226,185,170,691,509,248
W01001114,0.99992050860403803,1544,738,806,47,97,132,127,70,413,424,234
W01001115,0.99999999999977296,2289,1108,1181,110,212,213,223,232,699,364,236
W01001116,1.0000000000007701,1992,923,1069,58,127,174,185,97,557,380,414
W01001117,0.99857441543662295,1344,656,688,55,80,96,139,117,353,361,143
W01001118,1.00000000000006,2841,1395,1446,136,284,191,428,318,847,465,172
W01001119,0.99981192527822804,1976,967,1009,76,135,175,198,207,629,398,158
W01001120,0.99999999999999001,1323,651,672,37,85,75,158,123,346,360,139
W01001121,0.999999999999997,1621,798,823,57,146,154,177,179,428,319,161
W01001122,1.00000000000001,3154,1892,1262,209,262,235,901,508,702,244,93
W01001123,1.00000000000024,1566,766,800,43,70,77,200,173,389,356,258
W01001124,1,1496,733,763,65,128,110,208,211,425,246,103
W01001125,1.00000000000005,1578,752,826,74,159,121,158,185,468,255,158
W01001126,1.00000000000005,2683,1383,1300,119,163,131,457,489,763,435,126
W01001127,0.99776077927954498,1548,773,775,79,109,117,126,109,477,382,149
W01001128,0.99999999999999201,1698,852,846,101,148,99,153,185,451,382,179
W01001129,1,1666,811,855,104,217,152,185,273,425,196,114
W01001130,1,1343,666,677,64,157,116,138,139,419,221,89
W01001131,1.00000000000004,1853,851,1002,111,175,147,226,240,493,287,174
W01001132,1.0000000000003699,1404,679,725,75,116,88,155,166,423,266,115
W01001133,0.99968852169311595,2311,1142,1169,79,194,146,260,191,586,491,364
W01001134,1.0000000000003899,1186,555,631,52,92,73,76,118,312,287,176
W01001135,1.0000000000000899,2132,1031,1101,119,152,119,228,279,631,413,191
W01001136,0.99999999999998801,1389,638,751,65,99,61,123,139,312,333,257
W01001137,0.99999999999981204,2266,1078,1188,126,202,136,334,288,567,389,224
W01001138,1.00000000000002,1278,618,660,86,109,78,217,168,307,192,121
W01001139,0.99999999999807498,1639,828,811,140,160,96,247,276,386,226,108
W01001140,1.0000000000001801,1405,677,728,73,110,67,220,165,365,260,145
W01001141,0.99999999999999301,1593,807,786,133,127,108,264,195,380,223,163
W01001142,0.99999999999982803,1935,907,1028,114,179,125,338,219,513,314,133
W01001143,1,1522,759,763,80,118,96,224,211,388,279,126
W01001144,1.00000000000001,1666,765,901,92,171,131,309,211,408,263,81
W01001145,1.00000000000001,1823,897,926,101,195,133,321,281,422,238,132
W01001146,0.99999999999999201,1496,757,739,82,123,88,218,208,396,244,137
W01001147,1.0000000000001401,1684,804,880,65,100,112,211,159,489,360,188
W01001148,1,1834,888,946,125,146,99,263,289,494,260,158
W01001149,0.99999999999997602,1529,736,793,84,126,111,248,168,404,267,121
W01001150,0.99999999999879696,1799,903,896,109,138,111,275,273,418,311,164
W01001151,1,1636,810,826,72,104,107,182,151,434,323,263
W01001152,0.99192099724885696,1937,917,1020,113,146,111,260,232,521,347,207
W01001153,0.99999999999996703,1592,802,790,80,134,107,270,204,419,228,150
W01001154,1.00000000000001,1444,684,760,94,80,92,226,220,375,233,124
W01001155,1.00000000000001,1570,732,838,89,134,73,241,183,360,296,194
W01001156,1,1417,723,694,45,104,101,209,138,510,238,72
W01001157,1.0000000000001401,1348,652,696,73,92,68,165,208,322,299,121
W01001158,0.99999999999982403,1556,776,780,82,125,118,228,246,417,251,89
W01001159,1.00000000000027,1736,863,873,123,142,107,280,315,514,193,62
W01001160,0.99999999999993205,1600,783,817,68,129,119,173,195,418,346,152
W01001161,1.00000000000004,3188,1518,1670,270,342,202,448,563,794,419,150
W01001162,0.99999999999907896,2504,1237,1267,205,291,190,375,392,598,323,130
W01001164,0.99999999999948497,1590,800,790,111,141,103,260,226,396,220,133
W01001165,1,1288,618,670,59,125,76,204,193,353,224,54
W01001166,1.0000000000001199,1248,605,643,50,120,95,169,187,299,200,128
W01001167,0.999999999999994,1499,751,748,89,146,108,274,204,312,233,133
W01001168,0.99999999999996203,1471,711,760,78,112,103,227,164,354,259,174
W01001169,0.99999999999992095,2612,1290,1322,204,316,203,373,457,619,336,104
W01001170,0.99999999999963596,1159,586,573,48,70,65,110,111,298,291,166
W01001171,1.00000000000087,1312,636,676,55,87,74,151,218,326,285,116
W01001172,1.0000000000003,1455,705,750,89,116,72,237,184,367,246,144
W01001173,1.00000000000028,1268,651,617,64,130,88,178,172,323,219,94
W01001174,0.999999999999996,1486,712,774,103,156,98,242,199,312,261,115
W01001175,1,1386,646,740,80,102,64,180,169,339,286,166
W01001176,0.99999999999998801,1513,716,797,79,130,125,270,177,361,234,137
W01001177,1,1248,623,625,54,90,87,143,148,346,274,106
W01001178,1.00000000000583,1677,793,884,108,147,98,252,248,390,290,144
W01001179,1.0000000000003,1794,888,906,83,163,138,255,261,467,274,153
W01001180,1.00000000000027,1559,752,807,119,172,112,227,288,339,196,106
W01001181,1.0000000000000799,1462,719,743,69,92,80,209,162,454,292,104
W01001182,1.00000000000001,1394,683,711,72,108,102,271,187,365,198,91
W01001183,1,997,457,540,42,50,43,258,156,287,105,56
W01001184,1.00000000000002,2109,1014,1095,130,162,135,226,289,534,404,229
W01001185,1,2002,938,1064,149,152,115,303,307,516,297,163
W01001186,1,1763,864,899,84,183,158,235,228,471,293,111
W01001187,1,1390,704,686,46,120,104,201,166,367,261,125
W01001188,0.99999999999947398,1220,571,649,74,129,63,172,159,267,251,105
W01001189,0.99999999999994604,1576,784,792,108,180,104,189,234,393,287,81
W01001190,1.00000000000005,3054,1477,1577,177,324,200,395,511,879,404,164
W01001191,1,3319,1644,1675,227,339,225,456,494,946,452,180
W01001192,1,1432,711,721,82,167,102,190,203,343,236,109
W01001193,0.99999999999991995,1156,567,589,35,77,92,118,132,317,251,134
W01001194,0.99999999999981704,2235,1102,1133,113,201,194,266,267,668,388,138
W01001195,1.00000000000005,1489,764,725,58,119,95,185,174,454,254,150
W01001196,1,1515,777,738,75,117,98,198,221,427,278,101
W01001197,0.99999999999946998,1199,617,582,52,69,95,133,97,366,254,133
W01001198,1,1553,767,786,65,110,96,222,196,432,305,127
W01001199,0.99999999999974698,1626,779,847,71,134,113,206,231,429,288,154
W01001200,1,1006,504,502,41,74,75,137,153,260,151,115
W01001201,1,1236,576,660,66,105,87,201,134,285,237,121
W01001202,0.999999999999995,1732,849,883,107,137,119,265,204,414,330,156
W01001203,1.0000000000001601,1368,630,738,82,142,97,194,149,367,246,91
W01001204,0.99999999999987499,1489,734,755,83,131,109,225,215,367,245,114
W01001205,1.0000000000001601,1583,788,795,58,106,103,190,155,444,328,199
W01001206,1,1427,677,750,75,106,103,205,166,358,243,171
W01001207,1,1466,727,739,93,116,112,275,174,344,234,118
W01001208,0.99999999999991396,1593,763,830,101,114,102,222,202,425,258,169
W01001209,1.00000000000002,1436,685,751,115,133,124,279,181,338,186,80
W01001210,1,1563,777,786,80,139,104,217,241,357,278,147
W01001211,0.99999999999999101,1633,781,852,86,137,129,244,249,389,250,149
W01001212,1,1392,683,709,103,123,101,202,181,368,207,107
W01001213,1,1419,630,789,66,134,117,203,180,350,235,134
W01001214,1.00000000000005,1238,638,600,41,114,69,155,125,325,262,147
W01001215,1,1061,530,531,72,100,43,178,125,284,162,97
W01001216,1.00000000000089,1536,727,809,100,105,113,229,205,387,270,127
W01001217,0.99999999999977196,1177,567,610,69,118,82,212,132,305,191,68
W01001218,0.99999999999998201,1574,789,785,76,133,117,243,207,412,273,113
W01001219,1,1275,614,661,70,96,75,231,154,272,256,121
W01001220,0.99999999999999001,1501,737,764,119,118,106,230,180,375,260,113
W01001221,0.99999999999996003,1536,712,824,75,146,136,228,196,336,275,144
W01001222,0.99999999999910805,1648,781,867,98,176,156,272,253,362,241,90
W01001223,1,1752,877,875,72,140,118,186,247,472,315,202
W01001224,1.00000000000002,2056,988,1068,102,223,241,200,198,693,276,123
W01001225,0.999999999999999,1693,801,892,76,129,106,150,182,483,353,214
W01001226,1,1774,840,934,80,200,145,222,240,515,249,123
W01001227,0.99999999999998301,1312,615,697,99,94,75,128,165,371,251,129
W01001228,1.00000000000005,1560,770,790,50,103,91,229,191,394,318,184
W01001229,1.0000000000001801,1374,711,663,83,108,76,206,187,343,267,104
W01001230,1.00000000000028,1592,796,796,81,102,114,200,201,406,283,205
W01001231,0.99999999999858202,1522,722,800,105,121,93,247,242,383,213,118
W01001232,0.99999999999834199,1489,747,742,79,104,103,252,164,437,252,98
W01001233,0.28774412470736399,1743,897,846,57,132,115,243,181,457,379,179
W01001234,1.00000000000117,1389,686,703,78,114,73,184,181,409,260,90
W01001235,1,1695,808,887,82,146,141,318,241,382,206,179
W01001236,1,1656,792,864,75,131,115,242,191,423,284,195
W01001237,1,1495,695,800,75,129,93,276,182,373,258,109
W01001238,1.0000000000003799,1688,816,872,97,183,157,323,223,416,225,64
W01001239,1,1354,686,668,51,101,93,197,172,402,245,93
W01001240,1.00000000000001,1993,1021,972,74,158,92,251,285,559,397,177
W01001241,1,1795,876,919,85,157,124,254,292,477,259,147
W01001242,1.00000000000027,1298,651,647,58,93,109,144,121,344,230,199
W01001243,1.00000000000004,1527,743,784,82,116,90,173,231,391,284,160
W01001244,0.99999999999967304,1294,572,722,33,78,58,105,113,305,376,226
W01001245,1.00000000000001,1262,623,639,39,105,78,117,165,293,302,163
W01001246,1,1326,624,702,63,105,69,176,148,260,261,244
W01001247,1,1621,791,830,84,131,111,261,236,401,234,163
W01001248,1.0000000000002101,2161,1133,1028,110,145,183,372,297,549,308,197
W01001249,1,1399,697,702,49,103,84,236,140,355,280,152
W01001250,1.00000000000032,1493,734,759,68,129,103,183,138,415,249,208
W01001251,0.99999999999968603,1590,750,840,126,163,124,248,226,398,204,101
W01001252,1,1535,741,794,74,110,98,214,222,412,287,118
W01001253,1,1508,714,794,79,130,123,236,207,383,209,141
W01001255,1.00000000000034,1891,905,986,123,172,144,322,280,444,301,105
W01001256,1,1238,592,646,94,103,84,164,194,299,208,92
W01001257,1.00000000000001,1222,583,639,44,100,66,122,144,333,265,148
W01001258,1.00000000000003,1288,612,676,58,100,86,184,192,332,212,124
W01001259,1.0000000000001099,1671,835,836,86,141,120,244,231,419,265,165
W01001260,0.99999999999917,1204,554,650,85,143,71,201,185,253,176,90
W01001261,0.99999999999957301,1296,664,632,61,105,77,257,183,305,212,96
W01001262,0.99999999999999001,1405,749,656,54,87,81,473,226,275,147,62
W01001263,1.00000000000004,1758,987,771,57,110,100,843,208,253,121,66
W01001264,1,2019,1095,924,41,65,72,1338,169,185,96,53
W01001265,1.0000000000004701,1574,756,818,100,124,105,259,214,351,281,140
W01001266,0.99999999999982903,1403,725,678,84,112,86,214,152,339,260,156
W01001267,0.999999999999995,1455,690,765,79,118,94,193,195,359,278,139
W01001268,1,1457,755,702,83,132,113,221,166,341,264,137
W01001269,1,1393,660,733,51,103,85,187,170,343,255,199
W01001270,0.999999999999582,1474,735,739,58,91,97,193,177,379,266,213
W01001271,1.0000000000001199,1587,793,794,96,131,128,230,202,427,265,108
W01001272,1.0000000000001099,1485,707,778,70,129,116,200,185,386,262,137
W01001273,0.99999999999996902,1694,828,866,75,140,112,231,180,432,355,169
W01001274,0.99999999999998401,1280,636,644,116,144,105,230,173,270,171,71
W01001275,1.00000000000001,1816,908,908,95,199,142,274,316,420,244,126
W01001276,0.99999999999998701,1382,728,654,53,89,102,210,184,379,239,126
W01001277,1,1223,582,641,74,97,67,165,171,298,266,85
W01001278,1,1215,573,642,70,135,113,214,174,301,131,77
W01001279,1,1103,513,590,54,115,86,171,129,239,182,127
W01001280,1.00000000000001,1587,780,807,90,110,94,256,247,393,239,158
W01001281,0.99999999999974198,1697,838,859,102,136,98,270,232,389,287,183
W01001282,0.99999999999998301,1992,994,998,114,202,142,313,252,500,320,149
W01001283,0.99999999999995903,1497,721,776,84,106,98,216,171,361,296,165
W01001284,1,1081,541,540,50,73,71,195,146,332,147,67
W01001285,1,1399,725,674,41,73,85,213,192,367,252,176
W01001286,0.99999999999951295,1532,755,777,94,149,91,284,169,393,230,122
W01001287,1.0000000000004901,1453,742,711,58,112,104,210,187,399,272,111
W01001288,0.99999999999990097,1370,648,722,87,109,92,227,158,318,269,110
W01001289,0.999999999999999,1389,698,691,79,107,93,173,173,376,257,131
W01001290,0.99999999999995004,2375,1164,1211,162,247,155,361,357,572,363,158
W01001291,0.96601979112196201,2187,1046,1141,132,226,165,301,346,531,370,116
W01001292,0.97909036066784905,1869,871,998,153,239,141,284,271,460,239,82
W01001293,1,1824,900,924,109,157,114,247,299,403,334,161
W01001294,0.99999999999997402,1705,849,856,85,156,112,191,173,443,363,182
W01001295,0.99999999999998901,1535,744,791,120,116,99,255,231,350,238,126
W01001296,0.98847988005699805,1619,840,779,79,107,95,209,216,429,338,146
W01001297,1,1831,917,914,112,131,116,316,266,549,223,118
W01001298,0.99999999999989597,1802,886,916,99,148,107,304,258,483,305,98
W01001299,1,1678,740,938,138,193,126,275,226,385,229,106
W01001300,0.93469321206931399,1866,867,999,102,205,154,272,284,412,260,177
W01001301,1,2043,967,1076,129,239,188,285,340,467,259,136
W01001302,1.00000000000001,1226,604,622,98,96,96,209,164,287,201,75
W01001303,0.99999999999983202,1025,511,514,72,99,79,161,142,271,151,50
W01001304,1,1424,742,682,67,124,91,217,175,382,231,137
W01001305,1,1191,545,646,49,86,82,140,139,329,197,169
W01001306,0.98503028989895403,1511,717,794,78,115,100,180,259,409,251,119
W01001307,0.99999999999968203,1487,771,716,88,81,95,205,179,405,307,127
W01001308,1.0000000000000999,1318,625,693,76,191,130,218,166,328,162,47
W01001309,1.0000000000006299,1382,668,714,82,191,121,193,188,299,217,91
W01001310,1,1617,809,808,86,128,100,230,192,434,275,172
W01001311,1,1196,629,567,100,125,85,188,216,268,140,74
W01001312,0.99999999999998801,1526,774,752,64,108,87,192,180,355,312,228
W01001313,1.00000000000026,1511,740,771,59,131,86,228,177,403,277,150
W01001314,1,2265,1115,1150,112,209,151,328,294,593,367,211
W01001315,0.99999999999997902,1788,939,849,100,89,97,308,227,491,280,196
W01001316,0.99999999999945499,2980,1480,1500,121,272,208,470,414,838,447,210
W01001317,0.99999999999674305,1662,783,879,82,125,125,210,224,444,274,178
W01001318,1.00000000000005,1591,812,779,107,113,89,256,180,392,298,156
W01001319,1.00000000000002,1778,859,919,93,94,86,224,271,525,366,119
W01001320,0.99999999999981004,1430,706,724,58,108,100,175,164,378,325,122
W01001321,1.0000000000001701,1576,738,838,103,147,115,259,228,379,214,131
W01001322,0.99999999999943301,1626,776,850,118,135,91,242,239,328,323,150
W01001324,1.72420495573616E-2,2106,1081,1025,118,121,151,251,279,531,401,254
W01001325,1.1847961547656201E-2,1820,852,968,111,165,147,282,254,476,256,129
W01001330,1.00000000000002,1493,732,761,70,143,123,181,191,387,261,137
W01001331,0.99999999999987299,1760,894,866,116,167,113,285,288,456,247,88
W01001332,0.99999999999867295,1989,990,999,148,206,149,297,289,497,292,111
W01001333,0.99999999999981604,1569,726,843,102,166,133,272,236,379,195,86
W01001336,0.98235055067630594,1457,722,735,98,99,87,223,192,377,239,142
W01001337,0.99491683054273095,1516,769,747,66,105,104,243,171,443,237,147
W01001338,0.95706191378296201,1749,885,864,114,144,115,268,238,469,275,126
W01001339,0.99999999999988898,1446,645,801,126,149,90,244,181,314,213,129
W01001344,5.2285921305777999E-2,1618,788,830,59,129,124,200,187,417,325,177
W01001360,0.999999999999995,1379,664,715,44,121,99,206,170,358,260,121
W01001361,0.99999999999997302,1172,562,610,47,103,91,174,153,334,180,90
W01001362,0.99034234217205397,2077,1003,1074,124,170,110,285,230,558,374,226
W01001363,0.97369098553297295,1836,914,922,150,141,133,246,370,458,255,83
W01001364,1,1895,926,969,115,229,151,316,270,433,286,95
W01001365,1.00000000000003,2083,1015,1068,98,197,159,301,279,610,313,126
W01001366,0.98834487407377203,1714,838,876,68,149,105,236,235,409,340,172
W01001367,1.0000000000003799,1483,749,734,83,111,95,252,175,403,229,135
W01001368,0.98060028163802604,1490,723,767,80,101,108,184,206,411,295,105
W01001369,2.6246560180342E-2,2336,1119,1217,104,180,143,336,256,612,481,224
W01001370,0.99999999999999101,1845,889,956,63,144,136,201,242,500,359,200
W01001371,0.98321542649981897,1705,783,922,130,161,105,232,304,390,264,119
W01001372,0.93649472178393101,1797,873,924,68,149,118,210,180,512,390,170
W01001373,0.99999999999993605,2078,1053,1025,122,219,158,279,318,554,281,147
W01001377,0.99999999999993305,1548,740,808,57,93,92,204,137,443,316,206
W01001378,1,1483,636,847,75,90,84,197,144,356,323,214
W01001379,0.99999999999842104,1604,823,781,71,139,104,214,204,449,274,149
W01001384,8.9349708072554296E-2,1641,850,791,92,126,114,246,224,438,261,140
W01001385,0.57242862355474999,1545,772,773,92,104,101,253,185,403,225,182
W01001386,0.37809759965471601,1654,790,864,114,149,143,227,215,411,269,126
W01001387,4.4921205760452602E-2,1339,656,683,67,126,103,187,189,335,209,123
W01001389,6.12789609135811E-2,1109,549,560,69,62,83,154,129,297,201,114
W01001393,0.99999999999997702,1327,647,680,60,122,101,168,177,314,228,157
W01001394,1,1321,680,641,54,110,123,162,157,372,272,71
W01001395,1.00000000000001,1430,664,766,61,111,104,205,145,336,287,181
W01001396,0.99999999999904399,1639,770,869,92,174,137,258,181,446,233,118
W01001397,0.99999999999996803,1638,824,814,88,128,116,210,197,496,291,112
W01001398,1,2856,1427,1429,157,285,239,474,479,815,336,71
W01001399,0.99999999999918099,1280,643,637,69,113,80,117,197,299,271,134
W01001400,1,1492,684,808,119,154,132,251,214,365,184,73
W01001406,0.95056764531418603,1923,980,943,74,127,107,322,235,524,389,145
W01001414,1,1789,868,921,111,174,128,258,238,468,285,127
W01001415,0.96730596981679395,1431,686,745,63,73,89,175,179,381,298,173
W01001416,0.99999999999994005,1392,685,707,69,88,90,183,183,382,285,112
W01001417,0.99999999999998801,1425,686,739,81,108,106,232,163,360,238,137
W01001418,1,1605,812,793,63,124,87,170,144,536,363,118
W01001419,9.2198650263467699E-2,1276,583,693,47,84,75,145,134,349,310,132
W01001420,0.93110006578267202,1551,737,814,112,164,133,243,229,339,238,93
W01001421,1,1498,755,743,84,142,115,187,177,334,232,227
W01001422,1,1364,647,717,61,87,40,138,149,320,353,216
W01001423,1.00000000000059,1461,691,770,78,115,88,190,199,353,266,172
W01001424,0.99999999999960698,1734,856,878,75,140,133,240,235,496,240,175
W01001425,1.0000000000000799,1352,690,662,80,85,95,134,167,390,256,145
W01001426,0.99916197095330805,2011,994,1017,115,183,192,329,247,656,217,72
W01001427,1,1279,635,644,79,149,91,182,187,301,201,89
W01001429,0.72828507260923503,1116,537,579,36,71,87,131,150,307,219,115
W01001432,1,2943,1491,1452,217,340,212,418,536,701,348,171
W01001433,1,1370,660,710,63,102,78,189,192,334,258,154
W01001434,1.0000000000000999,1380,652,728,63,100,125,176,123,445,231,117
W01001694,1.00000000000004,2046,1122,924,125,148,129,591,399,452,153,49
W01001695,1.0000000000003,4595,2588,2007,160,221,466,2575,597,403,124,49
W01001696,0.99999999999996603,1697,844,853,110,134,134,424,283,412,130,70
W01001697,0.99999999992500699,1658,863,795,88,133,92,398,322,399,158,68
W01001698,1,2385,1344,1041,124,145,128,820,525,460,141,42
W01001699,1.0000000000004701,2672,1439,1233,179,313,233,612,544,487,200,104
W01001702,0.99999999999980205,1879,911,968,118,192,137,312,262,510,258,90
W01001703,0.99999999999935396,1298,635,663,83,147,93,203,195,303,184,90
W01001704,0.99999999999998501,1738,801,937,134,226,184,312,235,397,179,71
W01001705,1.0000000000003599,1924,912,1012,128,206,195,334,278,453,239,91
W01001706,0.99999999999770695,1338,641,697,106,125,84,213,175,305,232,98
W01001707,1.00000000000052,2154,1051,1103,134,243,244,333,264,540,301,95
W01001708,0.99999999999992195,1684,842,842,117,177,135,271,265,387,227,105
W01001709,1.00000000000004,2557,1237,1320,180,232,174,502,458,594,299,118
W01001710,1,1802,950,852,118,150,93,367,342,455,191,86
W01001711,1,1923,952,971,113,208,143,280,307,471,247,154
W01001712,1,1471,684,787,69,95,57,276,323,375,159,117
W01001713,1,1702,846,856,87,144,117,345,320,450,157,82
W01001714,0.99999999999990696,1545,751,794,69,180,149,157,140,496,249,105
W01001715,1,1604,845,759,68,130,109,264,264,451,222,96
W01001716,1,1305,649,656,84,144,76,171,168,368,197,97
W01001717,1,1614,806,808,108,100,73,260,329,446,196,102
W01001718,1,1660,912,748,51,78,45,1079,182,138,61,26
W01001719,1.00000000000058,2100,940,1160,58,70,67,1389,184,203,79,50
W01001720,0.99999999999950595,1996,953,1043,31,38,24,1640,100,98,40,25
W01001721,0.99999999999988298,2927,1234,1693,25,28,17,2509,104,98,64,82
W01001722,0.999999999999994,1648,723,925,21,38,30,1262,120,101,57,19
W01001724,0.99999999999994005,2177,968,1209,12,14,3,2006,53,51,23,15
W01001725,1.00000000000088,2283,1244,1039,11,14,15,2133,24,44,20,22
W01001726,1,1810,898,912,43,39,45,1227,155,161,86,54
W01001727,1.00000000000001,1076,511,565,72,73,75,103,105,279,254,115
W01001728,1,1416,727,689,72,118,101,142,137,355,336,155
W01001729,0.999999999999999,2537,1244,1293,146,192,179,380,341,722,409,168
W01001730,0.28057644926570702,1537,749,788,54,133,122,143,73,415,355,242
W01001731,1.0000000000004301,1506,738,768,100,151,144,140,141,427,243,160
W01001732,1.00000000000001,1774,897,877,100,204,131,204,185,451,303,196
W01001733,0.51932108077965899,2641,1563,1078,70,170,160,1303,157,375,239,167
W01001734,1,1577,755,822,92,170,116,185,128,430,251,205
W01001735,0.94027845949633504,1602,759,843,93,132,122,202,157,375,287,234
W01001736,0.22453042083245001,1542,709,833,76,182,114,152,129,409,298,182
W01001737,1.00000000000245,1618,767,851,117,200,168,246,242,345,210,90
W01001738,1,1508,675,833,157,252,154,255,228,282,133,47
W01001739,1,1453,713,740,153,226,141,226,247,278,147,35
W01001740,0.99999999999996503,1519,706,813,136,212,108,240,211,332,200,80
W01001741,1,1765,785,980,186,299,190,331,265,326,123,45
W01001742,1,1571,722,849,129,225,134,265,225,377,127,89
W01001743,1,1445,680,765,79,109,84,198,178,377,251,169
W01001744,0.999999999999998,1812,855,957,142,233,168,223,256,397,278,115
W01001745,1,1310,649,661,71,95,68,193,150,376,216,141
W01001746,1.0000000000011899,1645,780,865,93,175,131,272,205,398,219,152
W01001747,0.99999999999925804,1660,815,845,85,115,81,289,263,412,272,143
W01001748,1,1639,817,822,115,192,133,223,216,413,231,116
W01001749,1,1483,728,755,119,117,90,229,223,368,203,134
W01001750,1,1671,791,880,92,143,126,233,197,421,300,159
W01001751,1,1879,894,985,160,251,156,307,294,406,201,104
W01001752,0.99999999999998102,1514,758,756,63,126,88,236,189,409,259,144
W01001753,1,1542,726,816,62,182,152,254,224,406,161,101
W01001754,1,1686,824,862,86,116,88,175,266,480,292,183
W01001755,0.99999999999937506,1470,735,735,74,77,49,593,247,287,79,64
W01001756,0.999999999991938,4591,1857,2734,110,191,209,3167,155,478,208,73
W01001757,1,1436,679,757,86,86,75,517,218,262,119,73
W01001758,1,2127,1004,1123,102,90,65,1139,253,269,121,88
W01001759,0.99999999999907097,1534,771,763,106,116,90,299,174,438,223,88
W01001760,1.00000000000112,1648,821,827,87,123,110,328,272,395,236,97
W01001761,0.99999999995172295,1894,973,921,129,194,171,388,281,427,204,100
W01001762,1.00000000000001,1858,976,882,119,239,165,351,291,455,168,70
W01001764,0.99999999999971301,2065,1090,975,128,161,221,652,277,428,136,62
W01001765,0.99999999999809397,1476,774,702,125,163,134,317,220,336,127,54
W01001766,1,1842,928,914,114,213,199,373,330,407,137,69
W01001767,0.99999999999836897,1851,937,914,127,214,127,423,379,391,153,37
W01001768,0.99999999999920497,1755,904,851,129,220,176,407,262,382,120,59
W01001769,0.99999999999836897,1619,817,802,92,145,122,159,190,446,315,150
W01001770,1.0000000000001099,1073,527,546,55,61,44,195,152,270,193,103
W01001771,1.0000000000003799,1644,825,819,108,120,107,181,206,470,279,173
W01001772,0.99999999999984301,1439,704,735,63,118,74,154,155,358,303,214
W01001773,1.00000000000004,2609,1289,1320,165,250,211,462,425,634,281,181
W01001774,1.0000000000003,1395,716,679,98,127,100,149,149,391,247,134
W01001775,1.00000000000006,1605,797,808,90,141,104,228,234,411,269,128
W01001776,1,1353,665,688,101,112,82,160,187,362,234,115
W01001777,0.98092200315488098,1514,748,766,59,125,125,171,105,385,317,227
W01001778,0.97638019422682099,1739,886,853,81,123,143,154,112,490,404,232
W01001779,1.00000000000002,1470,755,715,56,117,89,151,185,409,299,164
W01001780,0.99999999999985401,1758,774,984,46,106,123,501,115,390,328,149
W01001781,0.99999999999817302,1787,867,920,71,113,115,243,146,489,339,271
W01001782,1.0000000000013001,1393,687,706,96,81,88,126,157,435,274,136
W01001783,1.0000000000009099,1181,549,632,50,109,71,163,127,312,257,92
W01001784,1.0000000000014,1290,596,694,63,99,77,140,198,287,269,157
W01001785,1,1205,544,661,80,136,123,155,160,285,180,86
W01001786,0.99999999999947398,1607,788,819,92,153,113,209,273,453,211,103
W01001787,1,1507,761,746,77,130,149,273,193,333,266,86
W01001788,1,1523,751,772,88,171,123,213,214,437,193,84
W01001789,0.99999999999917399,1575,781,794,92,132,82,224,264,441,228,112
W01001790,1.00000000000082,1248,600,648,85,140,88,158,185,280,210,102
W01001791,0.99999999999994504,1786,826,960,110,142,116,208,229,402,312,267
W01001792,1,1777,901,876,115,193,134,219,242,445,296,133
W01001793,1,1475,726,749,103,141,79,251,200,428,200,73
W01001794,1.00000000000002,1368,675,693,96,112,67,195,192,356,260,90
W01001795,1,1529,771,758,72,108,124,240,167,453,267,98
W01001796,1,1415,676,739,74,109,85,186,178,374,292,117
W01001797,1.0000000000000699,1384,691,693,66,138,84,147,178,344,253,174
W01001798,1,1399,657,742,72,118,81,187,184,363,252,142
W01001799,0.99999999999998501,1208,545,663,42,82,65,119,92,315,282,211
W01001800,0.99999999999994804,1559,734,825,84,144,120,203,187,385,257,179
W01001806,3.5002830701487499E-2,1721,847,874,84,128,111,285,231,361,317,204
W01001819,1,2339,1127,1212,101,195,185,199,242,587,599,231
W01001820,1.00000000000198,1174,593,581,44,118,90,128,119,349,225,101
W01001821,0.99999999999999301,1200,502,698,59,88,45,219,87,324,150,228
W01001822,0.96022383303664405,1898,882,1016,106,158,99,279,265,500,334,157
W01001823,0.999999999999997,1306,650,656,102,142,83,177,214,315,203,70
W01001824,0.99999999999953404,1512,726,786,75,108,85,380,299,304,134,127
W01001825,0.99944959205898698,1973,998,975,130,190,141,330,361,519,220,82
W01001826,0.77651934640696096,1371,625,746,67,130,87,174,134,340,250,189
W01001827,1,2352,1166,1186,91,144,202,843,108,424,321,219
W01001828,0.96640765465443401,1485,731,754,84,103,78,145,148,352,348,227
W01001829,1,1813,963,850,55,92,69,952,292,240,81,32
W01001830,0.99999999999822897,1572,877,695,48,63,31,706,334,277,74,39
W01001831,1.00000000000006,1425,762,663,81,66,51,590,300,218,88,31
W01001832,1.0000000000001199,1685,980,705,22,28,18,1238,152,149,56,22
W01001833,0.99999999999985201,1577,849,728,94,109,72,431,236,380,159,96
W01001834,1,1649,864,785,64,74,87,671,294,269,127,63
W01001835,0.99999999999952205,2064,1141,923,43,41,27,1042,274,308,228,101
W01001836,1,1454,797,657,67,123,104,494,233,309,95,29
W01001837,1,1692,950,742,75,59,56,995,162,185,95,65
W01001838,1.00000000000006,1701,818,883,76,123,88,671,273,311,111,48
W01001839,0.99999999999991696,1502,736,766,70,97,71,708,242,177,87,50
W01001841,4.55129194896755E-2,2004,1008,996,100,186,160,284,265,593,330,86
W01001846,0.999999999999856,1791,884,907,81,246,163,188,208,603,220,82
W01001847,1.0000000000001501,1537,746,791,80,138,76,143,124,354,388,234
W01001848,1.00000000000001,1513,717,796,114,120,105,146,207,368,271,182
W01001849,1,1533,737,796,65,123,102,164,136,433,324,186
W01001850,1.00000000000001,1923,920,1003,82,188,123,174,146,509,436,265
W01001851,0.999999999999997,1494,733,761,69,131,86,123,160,376,305,244
W01001852,1.00000000000001,1885,904,981,91,189,136,187,185,583,312,202
W01001853,1,1640,773,867,84,126,97,154,171,336,346,326
W01001854,1,1536,705,831,63,90,65,132,156,326,364,340
W01001855,1.00000000000051,1835,933,902,95,201,172,377,356,427,147,60
W01001856,1,1870,1036,834,125,167,139,466,377,419,127,50
W01001857,1.00000000000088,2058,1132,926,159,206,139,407,365,476,206,100
W01001858,1,1729,885,844,78,92,72,404,286,470,217,110
W01001859,1,1523,777,746,76,96,40,327,276,425,179,104
W01001860,1,1716,867,849,73,108,95,332,336,480,217,75
W01001861,0.99999999999941003,1735,939,796,79,86,82,455,307,424,193,109
W01001862,0.99999999999973599,1734,964,770,119,154,86,466,326,374,145,64
W01001865,4.4773441965065101E-2,1311,624,687,69,100,80,151,154,387,262,108
W01001869,1.00000000000025,1303,604,699,73,64,57,270,271,340,169,59
W01001870,1.00000000000079,1382,671,711,89,123,112,262,281,305,155,55
W01001871,1,1614,729,885,131,201,132,282,238,370,193,67
W01001872,1.00000000000113,1582,818,764,80,94,93,338,297,390,204,86
W01001873,0.99999999999967504,1713,886,827,122,147,88,350,321,425,189,71
W01001874,1,1572,779,793,134,155,77,333,259,373,163,78
W01001875,0.99539145676893304,2832,1374,1458,213,305,196,608,526,665,241,78
W01001876,1,1690,858,832,131,238,144,260,258,370,192,97
W01001887,1.0000000000000799,1722,827,895,72,168,134,159,157,502,317,213
W01001888,0.99999999999960998,1746,869,877,81,167,135,244,212,503,263,141
W01001889,0.99999999999950795,1578,815,763,72,90,89,152,159,430,358,228
W01001890,0.99999999999993605,1715,854,861,77,104,86,471,215,374,260,128
W01001891,1.0000000000349201,1768,843,925,97,165,95,196,246,430,333,206
W01001892,0.99999999999997402,1379,698,681,76,107,64,139,135,390,283,185
W01001893,1,1942,892,1050,129,217,141,227,271,515,333,109
W01001894,1,1590,776,814,79,126,97,198,178,435,308,169
W01001895,1,1678,874,804,77,132,115,155,209,511,276,203
W01001896,1,1537,735,802,78,134,113,160,152,476,264,160
W01001898,4.7135925254405603E-2,1485,726,759,64,111,86,185,173,400,305,161
W01001910,0.99999999999780997,1956,960,996,118,152,147,392,339,554,208,46
W01001911,0.99999999999993505,1166,584,582,82,114,80,185,198,252,179,76
W01001914,1.00000000000004,1874,953,921,87,163,189,245,204,642,223,121
W01001915,1,1747,836,911,80,198,180,187,182,582,217,121
W01001916,1,1632,803,829,82,179,171,201,229,521,202,47
W01001917,1,1591,792,799,51,136,99,252,204,427,277,145
W01001918,1,2006,1018,988,108,226,233,227,262,699,195,56
W01001919,1,1467,720,747,82,154,135,224,208,470,144,50
W01001920,1,1300,692,608,70,123,128,142,204,391,187,55
W01001921,1,1591,773,818,90,164,154,256,197,506,169,55
W01001922,0.99999999999973199,2036,1019,1017,2,13,8,1837,49,101,15,11
W01001939,0.99999999999993106,1885,992,893,48,49,21,1275,280,134,62,16
W01001940,0.93860234950703403,1561,941,620,34,23,14,584,399,303,162,42
W01001941,1,1699,956,743,82,111,84,807,349,205,32,29
W01001942,0.999999999999716,1727,941,786,101,112,72,399,381,387,181,94
W01001943,0.99999999999974398,1673,1016,657,81,49,29,676,396,324,88,30
W01001944,1.0000000000003699,1577,964,613,49,66,25,669,424,214,119,11
W01001945,1,2491,1568,923,104,68,26,928,659,550,127,29
W01001946,1.00000000000145,1441,749,692,81,109,68,358,274,345,147,59
W01001947,1,2384,1274,1110,165,147,45,874,614,405,118,16
W01001948,0.99999999999893596,2247,1114,1133,178,284,176,311,392,659,189,58
W01001949,1,1474,748,726,78,139,82,297,325,360,112,81
W01001950,1,1683,987,696,105,36,31,453,533,304,136,85
W01001951,1.0000000000004099,1525,836,689,40,63,18,795,288,217,77,27
W01001952,1.0000000000003499,2149,1206,943,52,70,63,993,463,292,97,119
W01001953,1,1694,847,847,144,186,101,261,297,379,217,109
W01001954,1,1497,696,801,39,121,109,132,107,477,276,236
