rel..oa_id,rel..proportion_of_oa_within_co_m_boundary,rel..total_persons,rel..christian_church_of_scotland,rel..christian_roman_catholic,rel..christian_other_christian,rel..buddhist,rel..hindu,rel..jewish,rel..muslim,rel..sikh,rel..other_religion,rel..no_religion,rel..religion_not_stated
S00108979,0.99999998753998498,161,55,16,12,1,0,0,0,0,0,70,7
S00108980,0.35855175659868799,122,39,13,2,0,0,0,0,0,0,58,10
S00108981,1.0000000000006399,75,19,8,4,0,0,0,0,0,1,42,1
S00108982,1.00000000000169,182,25,13,7,1,0,0,0,0,1,116,19
S00108983,0.99999999995696598,255,69,27,12,0,0,0,2,0,1,134,10
S00108984,0.99999999999625899,163,34,14,8,0,0,0,0,0,0,90,17
S00108985,1.00000000000719,141,30,15,10,0,0,0,0,0,0,80,6
S00108986,0.99999999999979705,137,16,7,11,1,0,0,0,0,1,94,7
S00109008,0.81318648526013304,97,21,5,7,1,0,0,0,0,1,50,12
S00109014,0.99999999999839395,52,18,3,3,0,0,0,0,0,0,25,3
S00109015,1.0000000000104801,58,23,4,2,0,0,0,0,0,0,24,5
S00109016,0.99999999999469702,164,59,5,8,1,0,0,0,5,3,76,7
S00109017,0.99999999997087896,164,55,22,7,0,0,0,0,0,1,55,24
S00109018,0.99999999995926603,124,42,12,0,1,0,0,0,0,2,59,8
S00109019,0.99999999991631705,194,45,13,7,1,0,0,0,0,0,78,50
S00109020,0.99999999999537303,188,38,13,10,0,0,0,5,0,0,106,16
S00109021,1.00000000000472,124,29,13,2,0,0,0,0,0,0,80,0
S00109022,1.0000000000108999,153,25,11,8,0,0,0,2,1,0,100,6
S00109023,1.0000000000017799,82,22,4,11,0,0,0,0,0,1,34,10
S00109027,0.52681119847650004,99,36,6,2,0,0,0,0,0,0,45,10
S00109028,0.25617786692621802,156,74,9,18,0,0,0,0,0,0,39,16
S00109029,1.000000000028,137,54,14,9,0,0,0,0,0,0,57,3
S00109030,0.963648314012717,118,58,4,3,0,0,0,0,0,0,46,7
S00109039,0.17737087797717099,115,50,6,2,1,0,0,0,0,2,50,4
S00109049,0.64395434057993395,89,26,3,8,0,0,0,0,0,0,48,4
S00109051,2.11061337029513E-2,134,55,3,13,0,0,0,0,0,1,58,4
S00109085,0.99999999999613598,163,67,3,5,0,0,0,0,0,1,74,13
S00109086,0.27548159800370198,92,44,7,2,0,0,0,0,0,0,29,10
S00109089,0.37057365341252302,94,32,7,9,0,0,0,0,0,0,44,2
S00109778,1.0000000000100799,165,41,19,1,0,0,0,5,0,0,93,6
S00109779,0.99999999999733502,102,20,20,2,0,0,0,6,0,0,49,5
S00109780,1.00000000000502,94,35,7,0,1,0,0,0,0,0,51,0
S00109781,1.0000000000035101,112,24,9,1,0,0,0,0,0,0,74,4
S00109782,1.0000000001340399,85,18,6,4,0,0,0,0,0,0,51,6
S00109783,1.0000000000012199,85,37,8,0,0,0,0,0,0,1,37,2
S00109784,1.00000000003328,61,26,8,0,1,0,0,0,0,0,26,0
S00109785,0.99999999999942801,146,46,18,6,0,0,0,0,0,0,65,11
S00109786,0.99999999998433098,70,10,7,3,0,0,0,0,0,2,41,7
S00109787,0.99999999998860201,117,28,24,0,0,0,0,0,0,0,52,13
S00109788,1.0000000000086999,158,42,7,2,0,0,0,1,0,0,98,8
S00109789,1.0000000000135101,128,52,7,6,0,0,0,0,0,0,56,7
S00109790,0.99999999999658895,133,53,19,2,0,0,0,0,0,2,53,4
S00109791,1.00000000000228,93,33,9,3,0,0,0,0,0,0,40,8
S00109792,0.999999999997774,89,29,12,0,0,0,0,0,0,0,48,0
S00109793,0.99999999996783395,150,39,15,10,0,0,0,0,0,0,78,8
S00109794,1.0000000000088101,143,32,19,5,1,0,0,0,0,0,76,10
S00109795,1.00000000000608,161,51,26,6,0,0,0,0,0,0,67,11
S00109796,1.0000000000051199,104,30,13,4,0,0,0,1,0,0,43,13
S00109797,1.00000000000006,122,37,14,0,0,0,0,1,0,0,61,9
S00109798,1.00000000022814,90,27,10,2,0,0,0,0,0,0,41,10
S00109799,0.99999999999803102,103,26,12,3,0,0,0,0,0,0,52,10
S00109800,0.99999999999354905,104,38,12,1,0,0,0,0,0,0,40,13
S00109801,1.0000000000009801,87,33,22,0,0,0,0,0,0,0,30,2
S00109802,0.99999999999508005,114,39,14,0,0,0,0,0,0,0,53,8
S00109803,1.0000000000012801,126,42,15,1,0,0,0,0,0,0,66,2
S00109804,0.99999999999438005,109,22,13,6,0,0,0,0,0,2,62,4
S00109805,1.00000000000974,122,21,10,5,0,0,0,0,0,1,75,10
S00109806,0.99999999999671996,110,14,15,3,0,0,0,0,0,0,65,13
S00109807,0.99999999950571805,106,43,18,0,0,0,0,0,0,0,37,8
S00109808,0.99999999999740197,88,32,12,2,0,0,0,0,0,0,34,8
S00109809,0.99999999998015399,132,27,15,0,0,0,0,0,0,3,80,7
S00109810,0.99999999975167697,151,33,31,3,0,0,0,0,0,0,68,16
S00109811,1.00000000000194,99,24,9,1,0,0,0,0,0,0,63,2
S00109812,0.999999999999719,191,48,34,9,0,0,0,0,0,0,91,9
S00109813,0.99999999999938305,149,70,22,0,0,0,0,1,0,0,47,9
S00109814,1.0000000000396601,107,30,13,2,0,0,0,0,0,0,60,2
S00109815,1.0000000000092499,68,22,13,1,0,0,0,0,0,0,31,1
S00109816,0.99999999999610101,116,52,32,3,0,0,0,0,0,1,27,1
S00109817,0.99999999998197897,139,48,34,0,0,0,0,0,0,1,51,5
S00109818,1.00000000000224,158,46,33,4,0,0,0,0,0,0,67,8
S00109819,1.00000000024064,90,10,13,3,0,0,0,3,0,0,50,11
S00109820,0.99999999999961797,106,30,12,4,0,0,0,0,0,0,55,5
S00109834,0.224356746011977,144,29,17,9,0,0,0,0,2,0,74,13
S00109835,0.193485564058682,117,29,0,11,0,0,0,0,0,0,65,12
S00109836,0.86773911453582298,121,35,13,3,0,0,0,0,0,0,68,2
S00109837,0.79234831783051596,107,26,8,5,0,0,0,0,0,1,47,20
S00109838,0.999999999990557,70,21,6,2,0,0,0,0,0,0,38,3
S00109839,0.99999999999894496,73,18,6,5,0,0,0,0,0,0,37,7
S00109840,0.99999999999941203,106,32,4,5,0,0,0,0,0,0,62,3
S00109841,0.99999999999006695,102,30,8,16,0,0,0,0,0,0,44,4
S00109842,0.99999999999187805,101,11,3,1,0,0,0,0,0,2,80,4
S00109843,1.0000000000020499,84,16,7,2,0,0,0,0,0,1,51,7
S00109844,1.0000000000009199,97,30,5,9,0,0,0,0,0,0,44,9
S00109845,1.0000000000010201,79,21,7,4,0,0,0,0,0,0,42,5
S00109846,1.00000000001866,61,9,6,4,0,0,0,2,0,0,37,3
S00109847,0.99999999999948697,69,25,3,5,0,0,0,0,0,0,33,3
S00109848,1.00000000000252,110,26,7,1,0,0,0,0,0,0,64,12
S00109849,0.99999999999124201,87,33,14,1,0,0,0,0,0,0,33,6
S00109866,0.13384236586211501,148,37,13,5,0,0,0,0,0,0,86,7
S00109867,1.0000000000048299,85,27,8,4,0,0,0,1,0,0,20,25
S00109868,1.00000000000449,114,31,3,11,0,2,0,0,0,0,61,6
S00109869,1.000000000003,98,30,8,1,0,0,0,0,0,0,53,6
S00109870,0.30565580723089703,141,51,15,11,0,1,0,0,0,0,45,18
S00109871,0.267258688343745,95,14,11,6,0,0,0,0,0,0,45,19
S00109872,0.198889415866149,78,30,3,4,0,0,0,0,0,0,39,2
S00109873,0.30408465796606898,115,23,10,11,0,0,0,0,0,0,69,2
S00109881,0.59870731622609596,110,41,4,0,0,0,0,2,0,0,57,6
S00109882,0.99999999999985001,116,42,5,1,0,0,1,0,0,2,51,14
S00109883,0.56459918653413399,92,25,10,4,0,0,0,0,0,1,48,4
S00109884,0.114902964334649,114,37,10,0,0,0,0,0,0,0,62,5
S00109885,0.49526869431355303,119,40,9,4,0,0,0,0,0,2,56,8
S00109886,0.99999999958794406,108,21,10,7,0,0,0,0,0,1,63,6
S00109887,0.99999999999925304,84,30,6,3,0,0,0,0,0,1,44,0
S00109888,1.0000000000031699,114,24,8,6,0,0,0,0,0,1,57,18
S00109889,1.0000000000178499,143,42,19,8,0,0,0,0,0,0,68,6
S00109890,1.0000000000004201,128,34,5,6,0,0,0,0,0,3,60,20
S00109891,0.99999999999754596,134,43,9,4,0,0,0,0,0,0,70,8
S00109892,0.99999999999815203,137,51,8,1,0,0,0,0,0,0,76,1
S00109893,1.0000000000031399,120,19,6,2,0,0,0,0,0,1,86,6
S00109894,1.00000000000133,83,19,15,2,0,0,1,0,0,0,43,3
S00109895,1.0000000000015501,93,13,19,0,0,0,0,1,1,0,54,5
S00109896,0.99999999999904599,111,36,6,1,0,0,0,0,0,0,54,14
S00109897,1.0000000000028699,126,22,12,3,0,0,0,0,0,2,73,14
S00109898,0.99999999999877098,123,39,3,6,0,0,0,0,0,0,73,2
S00109899,1.00000000000053,92,21,6,7,0,0,0,1,0,0,49,8
S00109900,1.0000000000009399,97,51,11,5,0,0,0,0,0,2,27,1
S00109901,1.0000000000023099,150,60,15,7,0,0,0,0,4,0,58,6
S00109902,0.99999999999747402,115,40,8,11,0,0,0,0,0,1,44,11
S00109903,0.99999999999772804,116,32,9,2,0,0,0,0,0,0,67,6
S00109904,0.99999999991876698,75,26,9,2,0,0,0,0,0,0,37,1
S00109905,0.99999999999601297,115,36,4,9,0,0,0,5,0,2,53,6
S00109906,1.0000000000018401,86,28,7,8,0,0,0,0,0,0,34,9
S00109907,0.99999999999888201,109,25,18,2,0,0,0,0,0,0,56,8
S00109908,0.99999999998802402,117,24,15,0,0,0,0,0,0,0,76,2
S00109909,0.99999999999726197,119,34,7,1,0,0,0,0,0,0,62,15
S00109910,0.99999999999617295,92,12,6,6,0,0,0,1,0,0,63,4
S00109911,0.9999999999968,76,18,4,0,0,0,0,0,0,0,51,3
S00110250,1.00000000000392,62,32,10,1,0,0,0,0,0,0,15,4
S00110251,1.0000000000492799,168,43,18,8,0,0,0,0,0,0,91,8
S00110252,0.99999999999851696,97,37,12,0,0,0,0,0,0,0,46,2
S00110253,0.90823703286145596,88,22,8,6,0,0,0,0,0,0,49,3
S00110254,0.75819877237964395,134,39,17,4,0,0,0,0,0,0,65,9
S00110255,1.0000000000031799,131,23,24,0,0,0,0,0,0,1,77,6
S00110256,0.99999999998537603,189,39,14,3,0,0,0,0,0,1,123,9
S00110257,0.99999999999477596,134,16,10,6,0,0,0,0,0,0,96,6
S00110258,1.0000000000053,95,23,9,1,0,0,0,0,0,0,55,7
S00110259,1.0000000000028699,94,20,12,0,0,0,0,0,0,0,60,2
S00110260,0.99999999999878197,91,15,10,1,0,0,0,0,0,0,58,7
S00110261,0.99999999999446199,128,41,11,1,0,0,0,0,0,0,60,15
S00110262,0.99999999999204503,115,35,23,3,0,0,0,0,0,1,43,10
S00110263,0.99999999999595501,125,41,18,4,0,0,1,2,0,0,45,14
S00110264,0.99999999999349498,105,29,13,1,0,0,0,0,0,0,49,13
S00110265,0.99999999995761701,101,36,10,8,1,0,0,0,0,0,35,11
S00110266,0.99999999999148104,121,24,12,6,0,0,0,0,0,0,63,16
S00110267,0.99999999999585698,124,31,10,4,0,0,0,2,0,0,70,7
S00110268,0.99999999998836298,92,26,4,5,0,0,0,0,0,0,48,9
S00110269,0.99999999999507805,74,10,10,2,0,0,0,0,0,0,51,1
S00110270,0.99999999999470601,132,65,14,8,0,0,0,2,0,0,35,8
S00110271,0.99999999997618005,116,48,16,2,0,0,0,0,0,1,46,3
S00110272,1.0000000005194301,86,30,11,4,0,2,0,0,1,0,36,2
S00110273,1.00000000018779,138,41,12,2,0,0,0,0,0,2,72,9
S00110274,1.0000000000089,94,29,10,1,0,0,0,0,0,1,44,9
S00110275,1.00000000000108,63,22,7,3,0,0,0,0,0,0,27,4
S00110276,0.99324590351803599,181,24,19,4,0,0,0,0,0,0,128,6
S00110277,0.99999999999795097,131,30,13,5,0,0,0,0,0,2,77,4
S00110278,0.67562763135109305,119,48,10,4,0,0,0,0,0,0,53,4
S00110279,1.00000000000139,86,29,8,1,0,0,0,0,0,0,43,5
S00110280,0.99999999999691602,93,20,10,0,0,0,0,0,0,1,59,3
S00110281,0.99999999999960398,99,36,4,2,0,0,0,0,0,0,54,3
S00110282,1.00000001160984,68,14,1,3,0,0,0,0,0,0,45,5
S00110283,1.0000000001743099,113,38,19,3,0,0,0,0,0,0,46,7
S00110284,0.99999999999386102,102,39,9,1,0,0,0,0,0,0,43,10
S00110285,0.99999999997015998,91,27,12,3,0,0,0,0,0,0,46,3
S00110286,1.00000000000578,124,49,6,2,0,0,0,0,0,0,58,9
S00110287,0.99999999987640797,99,34,11,1,0,0,0,0,0,0,53,0
S00110288,0.99999999999998401,181,26,15,8,0,0,0,0,0,0,111,21
S00110289,0.99999999999835099,177,37,8,1,0,0,0,0,0,1,122,8
S00110290,0.99999999999262701,120,47,5,0,0,0,0,4,0,0,58,6
S00110291,0.99999999999639699,123,34,15,6,0,0,0,0,0,0,65,3
S00110292,0.99999999999593203,146,55,14,4,0,0,0,0,0,0,63,10
S00110293,0.99999999999651401,156,51,13,3,0,0,0,0,0,0,77,12
S00110294,0.99999999999920997,133,49,10,6,0,0,0,5,0,0,59,4
S00110295,0.99999999999727096,132,45,15,0,0,0,0,0,0,0,64,8
S00110296,1.00000000001022,122,35,11,0,1,0,0,0,0,0,67,8
S00110297,0.99999999999621603,97,27,3,0,0,0,0,0,0,2,61,4
S00110298,1.00000000000219,167,41,19,5,0,2,0,0,0,1,91,8
S00110299,1.00000000000283,138,47,6,0,0,0,0,0,0,1,76,8
S00110300,0.99999999999870404,148,40,11,5,0,0,0,0,0,0,85,7
S00110301,0.999999999998329,120,64,16,2,0,0,0,0,0,0,26,12
S00110302,1.0000000000365701,125,41,14,1,0,0,0,0,0,1,64,4
S00110303,0.99999999996906896,98,31,5,0,0,0,0,0,0,0,56,6
S00110304,1.0000000000140301,102,25,15,0,0,0,0,0,0,0,49,13
S00110305,1.00000000000634,126,34,21,5,0,0,0,0,0,0,36,30
S00110306,1.0000000000151399,148,45,13,4,0,0,0,0,0,1,75,10
S00110307,0.99999999999622402,88,24,8,2,0,0,0,0,0,0,51,3
S00110308,1.0000000000015801,141,34,13,4,0,0,0,0,0,0,79,11
S00110309,1.0000000003107199,124,22,9,0,0,0,0,0,0,0,84,9
S00110310,0.99999999999462597,91,19,11,1,1,2,0,2,0,0,53,2
S00110311,0.999999999999168,68,15,9,3,2,0,0,0,0,0,34,5
S00110312,0.99999999999817502,128,18,8,1,0,0,0,0,5,0,85,11
S00110313,0.999999999971114,150,53,14,5,0,0,0,0,0,0,64,14
S00110314,1.00000000000034,152,42,23,9,0,0,0,0,0,0,61,17
S00110315,1.0000000000374001,75,23,13,1,1,0,0,0,0,0,36,1
S00110316,1.00000000000078,148,23,22,1,0,0,0,0,0,2,95,5
S00110317,0.99999999996462996,137,30,25,1,2,0,0,0,0,0,75,4
S00110318,1.0000000000032401,128,39,23,3,0,0,0,0,0,0,52,11
S00110319,0.99999999999978295,96,49,10,0,0,0,0,0,0,0,36,1
S00110320,0.99999999998125699,171,35,38,11,0,0,0,0,0,0,80,7
S00110321,1.0000000000223299,92,23,10,2,0,0,0,0,0,0,46,11
S00110322,1.0000000000840601,101,32,23,4,0,0,0,0,2,0,35,5
S00110323,0.99999999998519495,128,33,41,4,1,0,0,0,0,0,39,10
S00110324,1.0000000000284499,140,25,42,1,0,0,0,0,1,2,61,8
S00110325,0.99999999999809297,119,25,30,2,0,0,0,0,0,0,54,8
S00110326,1.000000000045,123,41,32,0,0,0,0,0,0,0,47,3
S00110327,0.99999999996246502,110,33,24,2,0,0,0,0,0,2,45,4
S00110328,1.0000000000109801,55,19,9,0,0,0,0,0,0,0,18,9
S00110329,1.00000000000413,62,21,11,1,0,0,0,0,0,0,24,5
S00110330,0.99999999997132805,121,34,27,0,0,0,0,0,0,0,57,3
S00110331,1.0000000000510101,204,60,33,8,0,0,0,3,0,0,95,5
S00110332,0.99999999998853295,202,71,36,9,0,0,0,0,0,0,74,12
S00110333,0.99999999999968303,119,35,19,3,0,0,0,0,0,0,60,2
S00110334,0.99999999999681999,89,25,12,1,0,0,0,0,0,0,44,7
S00110335,0.99999999999521505,84,17,14,5,0,0,0,0,0,0,44,4
S00110336,1.0000000000029601,177,41,20,0,0,0,0,0,0,0,99,17
S00110337,0.99999999999783795,140,25,11,0,0,0,0,0,0,0,98,6
S00110338,1.0000000000001501,143,16,19,1,0,0,0,0,0,0,99,8
S00110339,1.00000000000111,102,27,12,3,0,0,0,6,0,0,52,2
S00110340,1.0000000000063101,121,21,20,7,0,0,0,0,0,0,70,3
S00110341,1.0000000000137199,133,36,26,9,0,0,0,0,0,0,53,9
S00110342,1.00000000000217,92,23,19,0,0,0,0,0,0,0,49,1
S00110343,0.99999999999980804,89,12,24,0,0,0,0,0,0,0,46,7
S00110344,0.99999999999905198,134,20,14,2,1,0,0,0,0,0,87,10
S00110345,0.99999999997366296,155,41,16,2,0,0,0,0,0,0,91,5
S00110346,1.0000000000043601,168,45,24,9,0,0,0,0,0,0,88,2
S00110347,1.0000000000004099,92,22,11,1,0,0,0,0,0,0,53,5
S00110348,0.99999999999798905,168,60,39,5,0,0,0,0,0,0,59,5
S00110349,0.99999999977457099,125,27,11,5,0,0,0,0,0,0,77,5
S00110350,0.99999999999727995,57,21,7,2,0,0,0,0,0,0,23,4
S00110351,1.00000000000225,145,28,25,3,0,0,0,0,0,0,79,10
S00110352,0.999999999999306,138,25,29,0,0,0,0,0,0,2,74,8
S00110353,0.99999999999899303,93,17,18,3,0,0,0,0,0,0,50,5
S00110372,0.99999999999971501,151,54,8,7,0,0,0,0,0,2,63,17
S00110373,0.99999972103570101,64,25,0,0,0,0,0,0,0,0,29,10
S00110374,0.99999999999099098,96,16,4,2,0,0,0,0,0,2,61,11
S00110375,1.00000000000722,93,53,6,0,0,0,0,9,0,0,24,1
S00110376,1.00000000001419,74,20,3,3,1,0,0,0,0,0,41,6
S00110377,1.00000000000163,87,18,5,0,0,0,0,0,0,0,56,8
S00110378,0.99999999999713096,103,36,4,11,0,0,0,0,0,0,48,4
S00110379,1.0000000000028899,116,29,7,1,0,0,0,0,0,0,70,9
S00110380,1.0000000000057301,110,33,4,4,0,0,0,0,0,1,60,8
S00110381,0.57798581514887903,151,41,12,0,1,0,0,0,0,1,92,4
S00110382,0.99999999999424305,101,38,6,6,0,0,0,0,0,2,44,5
S00110383,0.99999999999829203,82,23,0,8,0,0,0,1,0,0,39,11
S00110384,1.0000000000036999,95,49,2,4,0,0,0,0,0,0,27,13
S00110385,0.99999999999914801,128,54,10,6,0,0,0,0,0,0,56,2
S00110386,0.99999999960281805,120,55,6,8,0,0,0,0,0,0,45,6
S00110387,0.99999999998410405,98,39,11,0,0,0,0,0,0,0,37,11
S00110388,1.0000000000000999,100,33,12,0,0,0,0,0,0,1,52,2
S00110389,0.99999999994931099,82,29,7,3,0,0,0,0,0,0,40,3
S00110390,0.99999999999660205,132,28,5,7,0,0,0,5,0,0,79,8
S00110391,1.00000000000474,86,29,8,4,0,0,0,0,0,1,38,6
S00110392,1.0000000001723599,145,33,5,0,0,0,0,8,0,0,83,16
S00110393,1.0000000000048801,118,36,6,2,0,0,0,0,0,2,69,3
S00110394,1.0000000000025799,134,57,8,8,0,0,0,0,0,0,49,12
S00110395,1.00000000000081,151,49,8,4,0,0,0,0,0,0,77,13
S00110567,0.99999999997435296,130,41,4,4,0,0,0,0,0,0,73,8
S00110568,0.99999999999443601,149,67,8,2,0,0,0,0,0,0,62,10
S00110569,0.99999999997468603,96,20,5,0,0,0,0,0,0,0,61,10
S00110570,0.60887587898829498,124,50,10,9,0,0,0,0,0,0,47,8
S00110571,0.999999999997776,98,23,10,4,0,0,0,0,0,0,52,9
S00110572,0.99999999978781795,180,80,8,0,0,0,0,12,8,0,67,5
S00110573,1.0000000000101501,153,47,11,4,0,0,0,8,0,0,72,11
S00110574,0.64293060684714598,129,56,5,4,0,0,0,0,0,1,56,7
S00110575,0.99999999999955103,99,19,14,3,0,0,0,0,0,1,53,9
S00110576,1.0000000000021101,124,26,11,5,0,0,0,0,0,0,78,4
S00110577,0.99999999991480004,102,20,9,8,0,0,0,0,0,0,62,3
S00110578,1.00000000000302,157,37,15,4,0,0,0,0,0,0,92,9
S00110579,0.99999999999985301,137,23,16,9,0,0,0,0,0,0,82,7
S00110580,1.0000000000009599,156,51,11,7,0,0,0,0,0,0,79,8
S00110581,0.99999999999863398,155,35,11,6,0,0,0,0,0,0,91,12
S00110582,0.99999999998915001,157,39,14,5,0,0,0,0,0,0,91,8
S00110583,1.00000000001497,124,27,13,11,0,0,0,0,0,1,65,7
S00110584,0.999999999996533,60,16,2,1,0,2,0,0,0,0,38,1
S00110585,0.99999999999369005,159,41,16,7,0,0,0,0,0,0,81,14
S00110586,0.99999999994030098,145,41,11,7,0,0,0,0,0,0,72,14
S00110587,0.99999999988940902,109,28,4,8,0,0,0,3,0,0,62,4
S00110588,0.99999999997392397,109,47,7,3,0,0,0,0,0,0,44,8
S00110589,0.99999999999469102,136,60,10,8,0,0,0,0,0,0,53,5
S00110590,0.99999999997286604,69,36,12,1,0,0,0,0,0,0,15,5
S00110591,0.99999999999776201,119,30,15,9,0,0,0,0,0,1,52,12
S00110592,1.00000000000839,110,26,6,2,0,0,0,5,0,0,60,11
S00110593,0.99999999999801603,136,38,8,9,0,2,0,3,0,0,65,11
S00110594,1.00000000000225,112,30,6,2,0,0,0,0,0,0,74,0
S00110595,0.99999999998189504,108,49,10,6,0,0,0,1,0,0,36,6
S00110596,0.99999999998210298,154,48,11,4,0,0,0,0,0,0,77,14
S00110597,1.00000000000249,107,34,7,2,0,0,0,0,0,0,60,4
S00110598,0.99999999999739497,114,29,10,4,0,0,0,0,0,0,64,7
S00110599,0.99999999998972899,85,24,8,9,0,0,1,0,0,0,36,7
S00110600,0.99999999999608702,114,55,6,3,1,4,0,0,0,0,34,11
S00110601,0.99999999999995803,115,38,5,10,0,0,0,0,0,0,62,0
S00110602,1.0000000000462801,120,39,8,2,0,0,0,10,0,1,55,5
S00110603,1.00000000000025,146,50,10,5,1,0,0,0,0,0,70,10
S00110604,1.0000000000034599,118,29,1,2,0,0,0,3,0,0,69,14
S00110605,1.0000000000044,111,32,1,5,1,0,0,0,0,0,64,8
S00110606,0.99999999999603695,139,38,11,14,0,0,0,0,0,0,69,7
S00110607,0.99999999999925304,142,34,9,7,0,0,0,0,0,0,87,5
S00110608,0.99999999999406197,121,37,9,4,0,0,0,0,0,0,62,9
S00110609,1.00000000002556,103,30,8,6,1,0,0,3,0,1,50,4
S00110610,0.999999999970276,151,33,15,6,0,0,0,8,0,0,80,9
S00110611,0.99999999999720401,158,40,12,5,0,3,1,4,0,0,73,20
S00110612,0.99999999999757105,133,35,8,16,1,0,0,0,0,0,65,8
S00110613,1.00000000000107,94,22,7,5,0,0,0,0,0,0,54,6
S00110614,1.0000000000003499,69,11,5,4,0,0,0,0,0,1,43,5
S00110615,1.00000000000366,101,15,15,6,0,0,0,4,0,0,58,3
S00110616,0.99999999999959599,109,24,7,5,0,0,0,0,0,1,64,8
S00110617,0.99999999999531697,106,20,19,7,0,0,0,3,0,0,48,9
S00110618,0.99999999999367695,72,37,5,6,0,0,0,0,0,1,19,4
S00110619,0.99999999999771905,155,23,12,5,1,0,0,0,0,0,105,9
S00110620,0.99999999999867195,87,42,12,2,0,0,0,0,0,0,20,11
S00110621,1.00000000000862,127,24,14,12,0,0,0,0,0,0,71,6
S00110622,1.0000000000018401,85,25,7,4,0,0,0,0,0,1,44,4
S00110623,1.0000000000001901,74,17,4,1,1,0,0,0,0,0,41,10
S00110624,1.00000000028731,148,30,9,8,0,0,0,0,0,0,91,10
S00110625,0.99999999999827105,77,22,7,4,1,0,0,0,0,0,36,7
S00110626,0.99999999999886202,65,21,8,0,0,0,0,0,0,0,31,5
S00110627,0.99999999999963496,98,47,5,4,0,0,0,0,0,0,38,4
S00110628,0.99999999999737699,154,38,10,7,0,0,0,1,0,2,90,6
S00110629,1.00000000000195,77,30,11,0,0,0,0,0,0,0,34,2
S00110630,1.00000000000052,66,22,3,2,0,0,0,2,0,0,32,5
S00110631,1.0000000000047999,110,21,8,6,0,4,0,0,0,1,67,3
S00110632,0.99999999999904898,91,27,8,3,0,0,0,0,0,0,50,3
S00110633,0.99999999999802403,124,28,5,5,0,0,0,0,0,1,78,7
S00110634,0.999999999999442,122,15,7,1,0,0,0,0,0,1,85,13
S00110635,1.00000000000329,95,35,7,3,1,0,0,0,0,0,46,3
S00110636,1.0000000000023099,72,22,7,2,0,0,0,0,0,0,38,3
S00110637,1.0000000000004201,109,22,14,4,0,0,0,0,0,0,65,4
S00110638,1.0000000000009399,111,22,8,2,0,0,0,0,0,1,75,3
S00110639,0.99999999999982803,93,14,4,4,0,0,0,0,0,0,59,12
S00110640,1.00000000000033,94,33,2,9,2,0,0,0,0,1,47,0
S00110641,1.00000000000111,121,26,8,9,0,0,0,0,0,0,66,12
S00110642,1.00000000000247,113,27,5,2,1,0,0,0,0,0,71,7
S00110643,1.00000000000634,79,13,11,2,0,0,0,7,0,0,37,9
S00110644,0.99999999997512301,149,39,12,7,0,0,0,1,0,0,78,12
S00110645,1.00000000000551,122,30,12,6,0,0,0,0,0,0,67,7
S00110646,0.99999999966624598,130,38,10,7,0,0,0,8,0,0,63,4
S00110647,1.0000000000079801,138,33,4,3,0,0,0,0,1,0,83,14
S00110648,0.999999999999446,75,22,9,5,0,0,0,0,0,0,38,1
S00110649,1.00000000000413,111,40,8,3,0,0,0,0,0,0,47,13
S00110650,1.0000000000015801,92,23,7,6,0,0,0,3,0,0,46,7
S00110651,1.0000000000165199,120,38,9,6,1,0,0,0,0,0,61,5
S00110652,0.99999999999799705,83,26,11,13,0,0,0,0,0,0,26,7
S00110653,1.0000000000034499,83,22,6,1,1,0,0,0,0,1,46,6
S00110654,0.99999999999832501,173,38,15,6,0,0,0,0,0,0,109,5
S00110655,0.99999999997601696,146,47,16,5,0,0,0,5,0,0,64,9
S00110656,0.99999999994659805,92,30,11,6,0,0,0,0,0,1,36,8
S00110657,0.99999999999370004,123,29,16,6,0,0,0,0,0,2,68,2
S00110658,0.99999999999909095,104,46,6,1,0,0,0,0,0,0,49,2
S00110659,0.99999999999086397,106,46,12,3,0,0,0,0,0,1,42,2
S00110660,1.0000000000096601,135,33,12,8,1,0,0,0,0,0,72,9
S00110661,0.999999999997774,104,27,7,0,0,0,0,1,0,0,66,3
S00110662,0.99999999999454003,140,31,8,6,0,0,0,0,0,0,85,10
S00110663,1.0000001192371,138,34,10,3,0,0,0,0,0,0,81,10
S00110664,0.99999999999953204,110,41,7,3,0,0,0,4,0,1,47,7
S00110665,0.99999999999123601,128,37,10,1,0,0,0,0,0,0,75,5
S00110666,0.99999999995894695,102,22,12,5,0,0,0,3,0,0,52,8
S00110667,1.0000000000609299,125,24,11,10,0,0,0,0,0,1,67,12
S00110668,0.99999999999959299,88,19,15,4,0,0,0,0,0,1,45,4
S00110669,0.99999999999629596,163,25,17,4,1,0,0,2,0,0,102,12
S00110670,0.99999999999980504,195,45,18,5,1,0,0,0,0,0,111,15
S00110671,1.0000000000017799,99,34,12,2,0,0,0,0,0,1,45,5
S00110672,0.99999999999923594,102,40,7,6,0,0,0,0,0,0,45,4
S00110673,1.00000000000006,84,39,3,4,0,0,0,0,7,0,20,11
S00110674,0.99999999999951605,167,43,15,16,5,0,0,5,0,0,72,11
S00110675,1.0000000000021201,170,53,18,8,0,0,0,3,0,0,74,14
S00110676,1.0000000000071301,201,56,11,8,0,0,0,15,0,0,97,14
S00110677,1.0000000000007301,99,32,6,6,0,0,0,0,0,0,52,3
S00110678,1.0000000002104501,85,19,11,7,0,0,0,0,0,0,42,6
S00110679,0.99999999999632305,101,34,15,6,0,0,0,0,0,1,40,5
S00110680,0.99999999999884803,105,27,4,4,0,0,0,0,0,0,62,8
S00110681,1.0000000000454801,123,41,18,7,0,0,0,1,0,1,53,2
S00110682,1.00000000003058,77,29,5,4,0,0,0,0,0,1,34,4
S00110683,0.99999999999835598,152,59,16,12,0,2,0,0,0,0,55,8
S00110684,1.00000000000446,164,68,6,14,1,0,0,6,0,1,62,6
S00110685,1.0000000000009901,103,45,9,8,0,0,0,0,0,0,34,7
S00110686,1.0000000000012399,159,47,7,6,0,0,0,0,0,0,88,11
S00110687,1.0000000000018701,195,34,16,12,0,0,0,0,0,0,126,7
S00110688,0.99999999999757205,87,26,5,5,0,0,0,0,0,0,42,9
S00110689,0.99999999997948397,171,38,7,7,2,0,0,0,0,0,109,8
S00110690,0.99999999997600098,92,26,7,9,0,0,0,0,0,0,47,3
S00110691,0.99999999997835598,226,72,25,11,0,0,0,18,0,0,76,24
S00110692,1.0000000000488101,142,35,7,6,1,0,0,0,0,0,78,15
S00110693,0.999999999994169,115,24,12,2,0,0,0,0,0,0,65,12
S00110694,1.00000000000109,99,18,5,8,0,0,0,0,0,0,64,4
S00110695,0.99999999994056898,116,47,15,3,0,0,0,3,0,0,44,4
S00110696,1.0000000000007501,148,41,18,7,0,0,0,0,0,0,68,14
S00110697,0.99999999999906197,170,52,14,7,0,0,0,1,0,1,85,10
S00110698,0.99999999999658795,107,16,13,0,0,0,0,0,0,0,73,5
S00110699,0.99999999999919498,126,31,9,7,1,0,0,0,0,0,75,3
S00110700,0.99999999997979605,57,15,9,5,0,0,2,0,0,0,19,7
S00110701,1.00000000000056,99,41,9,2,0,2,0,0,0,0,38,7
S00110702,0.99999999999595801,55,27,4,0,0,0,0,0,0,2,17,5
S00110703,0.99999999999166,132,36,11,8,0,0,0,1,0,0,74,2
S00110704,1.00000000000169,106,31,7,0,2,0,0,1,0,0,57,8
S00110705,0.99999999998678102,116,26,4,1,0,0,0,0,0,0,75,10
S00110706,0.99999999998820899,96,28,13,0,0,0,0,0,0,0,55,0
S00110707,1.0000000000006,141,24,7,9,0,0,0,0,0,0,96,5
S00110708,1.0000000000229201,148,30,10,4,0,0,0,0,0,0,104,0
S00110709,1.00000000001303,102,31,5,8,0,0,0,0,0,0,55,3
S00110710,1.00000000000393,127,32,8,4,0,0,0,0,0,0,80,3
S00110711,1.0000000000023299,103,17,12,2,0,0,0,0,0,0,58,14
S00110712,1.0000000000001901,119,31,12,7,0,0,0,0,0,1,62,6
S00110713,0.99999999999783795,130,32,6,8,0,0,0,0,0,0,66,18
S00110714,0.99999999999696398,64,23,3,1,0,0,0,0,0,0,33,4
S00110715,1.0000000000015501,132,22,5,16,0,0,0,1,5,1,66,16
S00110716,0.99999999999867295,129,34,5,3,0,0,0,0,0,0,72,15
S00110717,1.00000000000138,108,23,16,6,0,0,1,0,0,0,61,1
S00110718,0.99999999999653499,162,39,18,9,0,0,0,0,0,1,87,8
S00110719,1.0000000000106499,95,28,5,4,0,0,0,0,0,0,48,10
S00110720,1.0000000000040401,100,27,10,3,0,0,0,0,0,0,50,10
S00110721,1.00000000000169,129,30,14,3,0,0,0,0,0,0,77,5
S00110722,1.0000000000078699,86,18,11,6,0,0,0,0,0,0,47,4
S00110723,0.99999999997177902,153,29,10,3,0,0,0,3,0,1,101,6
S00110724,1.00000000000081,128,46,16,2,0,0,0,0,8,0,47,9
S00110725,0.99999999999795097,92,25,5,3,0,0,0,0,0,0,49,10
S00110726,0.99999999999834999,115,23,9,7,1,0,0,0,0,0,67,8
S00110727,0.999999999998755,115,33,14,2,0,0,0,0,0,0,59,7
S00110728,1.0000000000039,103,28,8,1,0,0,0,0,0,1,50,15
S00110729,0.99999999999843403,83,17,8,5,1,0,0,0,0,0,48,4
S00110730,1.0000000001799401,136,37,14,9,0,0,0,0,0,0,65,11
S00110731,1.00000000012478,106,15,10,4,0,0,0,0,0,0,68,9
S00110732,1.00000000002556,139,40,20,8,0,0,0,0,0,0,61,10
S00110733,1.0000000000070499,59,11,16,3,0,0,0,0,0,1,26,2
S00110734,1.00000000003332,102,17,12,4,0,0,0,0,0,0,62,7
S00110735,0.99999999999855904,144,37,15,3,0,0,0,0,0,4,73,12
S00110736,0.99999999999951295,135,30,14,6,0,0,0,0,0,0,75,10
S00110737,1.0000000003234499,148,32,22,7,0,0,0,0,0,0,81,6
S00110738,0.99999999999259803,106,15,13,5,0,0,0,0,0,0,65,8
S00110739,0.99999999998047595,120,18,15,8,0,0,0,1,0,0,71,7
S00110740,0.99999999980288701,160,31,21,6,0,0,0,4,0,0,91,7
S00110741,1.0000000006166101,97,29,12,3,0,0,0,0,0,2,44,7
S00110742,0.99999999999018496,108,27,6,4,1,0,0,0,0,1,67,2
S00110743,1.0000000000104301,103,9,9,7,0,0,0,7,0,0,61,10
S00110744,1.0000000000168201,119,26,16,8,0,0,0,1,0,1,61,6
S00110745,0.99999999995407196,101,11,8,4,0,0,0,1,0,0,67,10
S00110746,0.99999999995128597,84,39,9,7,0,0,0,6,0,1,20,2
S00110747,1.00000000000531,83,15,10,2,1,0,0,1,0,0,42,12
S00110748,1.0000000000003899,113,29,6,4,1,0,0,0,0,0,61,12
S00110749,0.99999999999819,107,41,14,4,0,0,0,0,0,0,47,1
S00110750,1.00000000002163,92,32,6,4,0,0,0,0,0,0,41,9
S00110751,1.0000000000005,217,43,14,16,0,0,0,1,0,0,134,9
S00110752,0.99999999998164901,85,43,7,3,0,0,0,0,0,1,27,4
S00110753,1.00000000000884,79,38,0,1,0,0,0,0,0,0,35,5
S00110754,1.00000000000219,95,31,11,8,0,0,0,0,0,0,38,7
S00110755,0.99999999992418898,80,47,2,0,0,0,0,0,0,1,27,3
S00110756,1.0000000000014,80,42,2,2,0,0,0,0,0,0,32,2
S00110757,1.0000000000175999,89,23,11,0,1,0,0,0,0,0,47,7
S00110758,0.99999999997796996,117,37,2,6,0,1,0,0,0,0,57,14
S00110759,1.0000000000033999,120,29,17,10,0,0,0,0,0,1,58,5
S00110760,0.99999999999765499,112,26,19,3,0,0,0,0,0,0,58,6
S00110761,0.99999999998726496,170,44,8,6,0,0,0,0,0,0,47,65
S00110762,0.99999999999896905,128,41,8,9,0,0,0,1,0,0,65,4
S00110763,0.99999999999868605,126,30,17,4,0,0,0,0,0,1,61,13
S00110764,0.99999999999692901,151,35,14,7,0,0,0,6,0,0,82,7
S00110765,1.0000000000360101,126,24,10,6,0,0,0,0,0,4,66,16
S00110766,0.99999999996558797,206,73,13,7,0,0,0,0,0,0,103,10
S00110767,0.99999999999560396,173,41,8,4,0,0,0,20,0,0,90,10
S00110768,1.00000000004641,213,46,4,6,0,0,0,0,0,1,65,91
S00110769,1.0000000000035201,136,41,8,2,0,0,0,0,0,2,76,7
S00110770,0.99999999998696798,141,38,13,17,0,0,0,8,0,0,60,5
S00110771,0.999999999996255,100,33,1,3,0,0,0,0,0,0,60,3
S00110772,1.00000000000006,90,36,11,3,0,0,0,0,0,0,35,5
S00110773,1.00000000002921,67,18,4,3,0,0,0,0,0,1,40,1
S00110774,0.99999999999474298,108,33,8,5,0,0,0,0,0,0,55,7
S00110775,0.99999999999919298,122,30,9,3,0,0,0,3,0,0,62,15
S00110776,1.0000000000020799,105,19,9,3,0,0,0,0,0,1,69,4
S00110777,1.0000000000006399,118,37,13,2,1,0,0,0,0,0,47,18
S00110778,1.00000000000718,191,61,16,5,0,0,0,4,0,0,98,7
S00110779,0.99999999999903399,97,42,2,1,0,0,0,0,0,0,47,5
S00110780,1.0000000000037399,113,33,4,5,0,0,0,0,0,0,63,8
S00110781,1.00000000001638,165,46,23,6,0,0,0,0,0,0,85,5
S00110782,0.99999999997658295,109,32,15,7,0,0,0,0,0,1,50,4
S00110783,0.99999999999523304,119,31,8,6,0,0,0,0,0,0,63,11
S00110784,0.999999999994588,84,31,3,5,0,0,0,0,0,0,40,5
S00110785,0.99999999999243405,98,34,1,4,0,0,0,0,0,1,55,3
S00110786,1.0000000000167999,88,34,8,5,0,0,0,0,0,1,38,2
S00110787,1.0000000000043101,83,41,4,7,0,0,0,1,0,0,23,7
S00110788,0.99999999999497102,127,49,13,10,0,0,0,1,0,0,48,6
S00110789,1.00000000000031,150,64,11,4,0,0,0,0,0,1,58,12
S00110790,0.99999999999715405,116,14,11,5,0,1,0,5,0,0,76,4
S00110791,0.99999999999602196,158,27,8,10,0,0,0,0,0,1,98,14
S00110792,1.0000000000084801,92,25,10,3,0,0,0,0,0,0,48,6
S00110793,1.0000000000029401,127,36,4,5,1,0,2,0,0,1,70,8
S00110794,0.99999999999995604,162,35,15,6,0,0,0,0,0,2,97,7
S00110795,1.0000000034313801,129,27,6,7,0,0,0,5,0,0,80,4
S00110796,1.00000000000168,76,28,5,7,0,0,0,0,0,0,35,1
S00110797,1.00000000000413,99,32,4,3,1,0,0,0,0,0,58,1
S00110798,0.99999999999129596,130,42,7,1,0,0,0,0,0,0,69,11
S00110799,0.99999999999892197,77,18,11,3,0,0,0,0,0,1,42,2
S00110800,1.0000000000013101,123,20,10,9,0,0,0,0,0,2,72,10
S00110801,1.00000000004062,104,19,9,2,0,0,0,4,0,2,61,7
S00110802,0.99999999999973199,113,32,6,3,0,0,0,0,0,0,56,16
S00110803,1.0000000000115301,105,36,5,3,0,0,0,0,0,1,53,7
S00110804,1.0000000000025899,142,25,18,8,0,0,0,0,3,0,76,12
S00110805,0.99999999999776201,135,33,8,0,1,0,0,0,0,0,86,7
S00110806,0.99999999987875299,174,33,22,12,0,0,0,0,1,0,101,5
S00110807,0.99999999999978895,156,44,13,2,0,0,0,0,0,2,80,15
S00110808,1.00000000000006,112,41,3,12,0,0,0,0,0,2,50,4
S00110809,0.99999999989286303,106,35,12,5,0,0,0,0,0,0,45,9
S00110810,0.99999999976012699,119,49,12,10,0,0,0,0,0,1,40,7
S00110811,0.99999999998022404,75,26,8,6,0,0,0,0,0,0,33,2
S00110812,1.00000000003533,116,38,15,5,0,0,0,1,0,0,48,9
S00110813,0.99999999999994305,94,32,9,5,1,0,0,0,0,1,38,8
S00110814,1.0000000000035401,64,36,3,5,0,0,0,0,0,0,17,3
S00110815,0.99999999999856903,99,25,5,9,0,0,0,0,0,0,57,3
S00110816,1.0000000000045199,133,28,9,4,0,0,0,0,0,1,85,6
S00110817,1.00000000001085,80,25,8,4,0,0,0,0,4,0,36,3
S00110818,0.99999999999901301,98,13,18,8,0,0,0,0,0,0,55,4
S00110819,1.00000000000886,105,25,2,7,0,0,0,0,0,0,58,13
S00110820,1.00000000000142,114,28,18,4,0,0,0,0,0,0,58,6
S00110821,0.99999999999968003,98,34,2,6,0,0,0,0,0,0,50,6
S00110822,0.999999999998749,136,44,15,7,1,0,0,5,0,0,52,12
S00110823,1.00000000010589,148,26,21,7,0,0,0,3,0,2,83,6
S00110824,1.00000000000116,118,25,11,4,0,0,0,5,0,0,69,4
S00110825,0.999999999994587,137,29,4,5,1,0,0,1,0,0,90,7
S00110826,0.99999999997464295,100,21,10,5,0,0,0,0,0,2,51,11
S00110827,1.0000000000023099,76,42,2,3,0,0,0,0,0,1,27,1
S00110828,0.99999999999631395,140,36,5,5,0,0,0,1,0,7,80,6
S00110829,1.00000000000135,98,31,9,3,0,0,0,0,0,0,50,5
S00110830,0.99999999999987099,118,42,3,1,0,0,0,0,0,0,69,3
S00110831,0.99999999999969602,235,101,17,15,0,0,0,0,0,1,88,13
S00110832,0.99999999988172095,74,42,3,4,0,0,0,0,0,0,20,5
S00110833,0.99999999999809197,93,32,0,1,0,0,0,0,0,0,53,7
S00110834,0.99999999999773703,110,40,4,4,0,0,0,1,0,0,55,6
S00110835,0.99999964038137601,122,41,5,1,0,0,0,1,0,0,64,10
S00110836,0.99999999999690503,107,41,4,5,0,0,0,0,0,3,46,8
S00110837,0.99999999999686895,96,29,3,2,0,0,0,0,0,0,51,11
S00110838,0.99999999999924405,77,15,5,1,0,0,0,1,0,0,51,4
S00110839,1.00000000000001,198,49,7,6,1,0,0,0,0,0,122,13
S00110840,1.0000000000003899,143,36,7,6,1,0,0,0,0,0,85,8
S00110841,0.99999999999720801,140,48,9,5,0,0,0,0,0,0,65,13
S00110842,1.00000000001303,97,21,8,0,0,4,0,11,4,1,38,10
S00110843,0.99999999998059597,86,28,9,1,0,0,0,0,0,0,42,6
S00110844,1.00000000000559,114,31,10,5,2,0,0,0,0,0,56,10
S00110845,0.99999999999630496,107,29,10,3,1,0,0,0,1,0,59,4
S00110846,0.99999999999866196,100,28,5,4,0,0,0,0,0,1,50,12
S00110847,0.99999999999003997,94,29,5,1,0,0,0,0,0,0,57,2
S00110848,0.99999999995712696,101,32,3,3,1,0,0,2,0,0,56,4
S00110849,1.0000000000053,97,74,0,2,0,0,0,0,0,0,14,7
S00110850,1.00000000001087,104,43,7,4,0,0,0,0,0,0,47,3
S00110851,1.00000000000023,67,34,4,0,0,0,0,0,0,0,26,3
S00110852,0.99999999999765499,88,45,3,2,1,0,0,0,0,0,32,5
S00110853,1.00000000000165,86,36,0,2,0,0,0,0,0,4,42,2
S00110854,0.99999999999835698,82,28,4,1,1,0,0,0,0,0,40,8
S00110855,1.0000000000029901,92,23,5,6,0,0,0,0,0,2,53,3
S00110856,1.00000000000413,132,62,5,5,0,0,0,0,0,0,51,9
S00110857,0.99999999999534095,84,34,0,2,0,0,0,0,0,1,44,3
S00110858,1.00000000002139,91,23,7,0,0,0,0,0,0,0,51,10
S00110859,1.0000000000020199,132,37,4,5,2,0,1,1,0,0,77,5
S00110860,0.99999999999778899,101,37,5,3,0,0,0,0,0,1,49,6
S00110861,1.0000000000321001,160,58,6,4,1,0,0,0,0,0,78,13
S00110862,0.99999999977736598,126,52,3,1,1,0,0,0,0,0,61,8
S00110966,0.99999999999664002,150,85,4,3,0,0,0,0,0,0,45,13
S00110967,0.999999999996114,86,43,4,6,1,0,0,0,0,0,30,2
S00110968,1.0000000000017499,156,56,4,11,0,0,0,1,0,0,72,12
S00110969,1.0000000000018201,116,40,10,7,0,0,1,0,0,0,51,7
S00110970,1.0000000000009199,76,36,0,3,0,0,0,0,0,0,36,1
S00110971,0.99999999999969802,91,48,2,4,0,0,0,0,0,2,30,5
S00110972,1.0000000000050999,86,34,4,12,0,0,0,0,0,0,32,4
S00110973,0.99999999999682199,60,40,5,3,2,0,0,0,0,0,9,1
S00110974,0.99999999943491202,188,61,15,6,0,0,0,0,0,1,94,11
S00110975,1.0000000000007501,174,79,9,3,1,0,0,0,0,0,63,19
S00110976,0.999999999997221,105,50,8,8,0,0,0,0,1,0,34,4
S00110977,0.999999999995417,88,40,4,0,0,0,0,0,0,0,40,4
S00110978,0.99999999999783795,149,43,4,7,4,0,0,1,0,0,81,9
S00111296,0.99999999997719202,78,36,3,1,0,0,0,0,0,0,29,9
S00111297,1.0000000000070699,55,21,9,5,0,0,0,0,0,0,18,2
S00111298,0.99999999999532996,90,45,6,2,0,0,0,0,0,0,33,4
S00111300,1.0000000000101399,84,20,18,0,0,0,0,0,0,0,43,3
S00111304,1.0000000000021001,107,39,16,0,0,0,0,0,0,0,50,2
S00111305,1.000000000077,74,13,6,2,0,0,0,0,0,1,52,0
S00111308,0.99999999999877698,108,19,12,0,2,4,0,2,0,0,28,41
S00111309,0.99999999998917499,172,38,17,5,0,0,0,0,0,0,106,6
S00111330,0.83377174614430605,177,57,11,7,0,0,0,4,0,1,77,20
S00111335,6.4472177981204998E-2,159,40,10,13,0,0,0,0,0,0,81,15
S00111341,1.0000000000064899,125,55,5,6,0,0,0,2,0,0,49,8
S00111342,0.97349946324203096,69,42,3,4,0,0,0,0,0,1,18,1
S00111343,0.99999999999189004,153,30,15,7,0,0,0,0,0,0,87,14
S00111344,0.33066911311431202,99,41,10,1,0,0,0,0,0,0,41,6
S00111345,0.99999999999898603,53,21,3,6,0,0,0,0,0,0,17,6
S00111346,0.99999999999938005,181,36,28,6,0,0,0,0,0,1,99,11
S00111347,1.0000000000035301,151,20,26,5,0,0,0,0,0,0,94,6
S00111348,1.00000000000087,62,23,3,0,0,0,0,0,0,0,36,0
S00111350,0.99999999992775301,189,49,4,8,0,0,0,4,0,1,114,9
S00111351,1.00000000000282,90,24,3,3,0,0,0,0,0,0,53,7
S00111352,0.99999999999866496,136,29,9,2,0,0,0,0,0,1,86,9
S00111353,0.97707789621108199,54,22,1,2,0,0,0,5,0,0,22,2
S00111354,0.107689760048807,84,32,3,8,0,0,0,5,0,1,32,3
S00111359,1.00000000003394,101,42,11,3,0,0,0,0,0,0,39,6
S00111360,0.99999999996887401,67,30,0,2,0,0,0,0,0,0,29,6
S00111361,0.99999999998512801,127,41,10,6,0,0,0,0,0,0,66,4
S00111362,1.0000000000063101,79,35,2,1,0,0,0,0,0,0,37,4
S00111363,1.0000000000681599,106,33,5,7,0,0,0,0,0,0,59,2
S00111364,1.00000000000253,105,32,9,4,0,0,0,0,0,0,54,6
S00111365,0.99999999995356303,59,13,6,0,0,0,0,0,3,0,35,2
S00111366,1.0000000000025,89,11,5,1,0,0,0,13,5,0,44,10
S00111367,0.99999999999421896,87,28,9,1,0,0,0,0,0,0,35,14
S00111368,1.0000000000121601,63,13,5,5,0,0,0,0,0,0,40,0
S00111369,0.99999999991854904,107,46,8,3,0,0,0,0,0,1,38,11
S00111370,1.0000000000154701,102,21,13,1,0,0,0,0,0,0,53,14
S00111371,0.999999999997781,90,14,19,3,0,0,0,0,0,0,50,4
S00111372,1.0000000000009499,74,19,22,2,0,0,0,0,0,0,26,5
S00111373,1.00000000002834,103,43,13,4,0,0,0,0,0,0,38,5
S00111375,0.99999999993444999,121,45,7,2,0,0,0,0,0,0,64,3
S00111376,1.00000000006471,67,16,6,0,0,0,0,0,0,0,43,2
S00111377,1.0000000000007601,95,51,6,1,0,0,0,0,0,0,30,7
S00111378,0.99999999976225296,98,33,11,0,0,0,0,0,0,0,47,7
S00111404,1.00000000000166,63,22,5,0,1,0,0,1,0,0,32,2
S00111406,0.99999999999626799,126,36,9,14,0,0,0,0,0,0,57,10
S00111407,1.00000000000718,223,70,15,6,0,0,0,0,0,1,112,19
S00111408,0.99999999999992095,130,13,12,4,4,0,1,9,0,1,80,6
S00111409,0.99999999999998201,65,19,6,2,0,0,0,0,0,0,34,4
S00111410,1.0000000000006399,86,22,3,0,1,0,0,0,0,0,55,5
S00111411,1.00000000000085,76,28,2,5,0,0,0,0,0,1,32,8
S00111412,0.99999999999706202,166,56,20,8,1,0,0,3,0,0,70,8
S00111413,1.0000000000015401,67,25,3,7,0,0,0,5,0,0,20,7
S00111414,1.00000000000219,106,45,5,6,0,0,0,0,0,0,43,7
S00111415,1.0000000000231699,173,49,20,7,0,0,0,9,0,0,73,15
S00111416,1.0000000000026901,74,12,5,6,0,0,0,0,0,0,45,6
S00111417,1.0000000000039899,59,14,6,0,0,0,0,0,0,1,29,9
S00111418,0.99999999999234601,106,21,2,7,0,0,0,5,0,0,70,1
S00111419,1.0000000001766001,62,22,0,1,0,0,0,0,0,0,33,6
S00111420,0.99999999999933797,135,62,14,2,1,0,0,6,0,0,43,7
S00111421,0.99999999999868106,71,16,11,1,0,0,0,0,0,0,39,4
S00111422,0.99999999999171196,88,42,7,7,0,0,0,0,0,0,28,4
S00111423,1.0000000000018201,82,28,6,7,0,0,0,0,0,1,34,6
S00111424,1.0000000000134399,131,25,6,8,0,0,0,0,0,0,83,9
S00111425,0.99999999993061295,115,45,12,2,1,0,0,0,0,0,53,2
S00111426,0.99999999999129296,99,35,5,1,0,0,0,0,0,0,53,5
S00111427,0.999999999998888,94,28,5,6,0,0,0,8,0,1,38,8
S00111428,1.0000000000118601,84,20,11,3,0,0,0,0,0,0,45,5
S00111429,0.99999999998774303,82,39,2,0,1,0,0,0,0,0,40,0
S00111430,0.99999999999815403,151,63,4,4,1,0,0,2,0,0,52,25
S00111431,0.57168714900240802,98,60,1,3,0,0,0,0,0,0,28,6
S00111451,0.99999999998840305,78,27,7,0,0,0,0,0,0,1,33,10
S00111452,1.00000000000526,128,55,14,13,1,0,0,0,0,0,40,5
S00111471,0.99997754195614597,84,32,11,5,3,0,0,0,0,0,33,0
S00111497,1.0000000000071001,92,38,3,1,1,0,0,3,0,0,40,6
S00111558,1.0000000000006599,92,23,19,7,0,0,0,0,0,0,38,5
S00111559,1.0000000000042399,73,24,0,0,0,0,0,0,0,0,48,1
S00111616,0.96033154711523705,177,67,15,9,0,0,0,2,0,0,75,9
S00111617,0.99999999998284905,78,27,9,8,0,0,0,0,0,0,34,0
S00111618,0.12544385840335801,78,18,6,1,0,0,0,0,0,0,48,5
S00111619,0.55583266996680203,119,22,3,2,2,0,0,0,0,0,77,13
S00111620,1.00000000000473,63,9,19,0,1,0,0,0,0,0,30,4
S00111621,1.0000000000139599,140,23,38,4,0,0,0,0,0,0,64,11
S00111626,0.99999999999456402,59,6,4,0,2,0,0,0,0,1,40,6
S00111627,1.0000000000015401,122,30,9,3,0,0,0,0,0,0,70,10
S00111628,1.00000000000556,139,18,19,5,0,0,2,2,0,0,69,24
S00111629,1.00000000000161,100,38,12,5,0,0,0,1,0,0,39,5
S00111630,1.0000000000051199,73,26,6,3,0,0,0,0,0,0,32,6
S00111631,0.99999999999829003,71,18,6,1,0,0,0,0,0,0,45,1
S00111632,0.99999999999691103,109,39,9,3,0,0,0,2,0,0,49,7
S00111633,0.99999999998948197,82,39,1,8,0,0,0,0,0,0,28,6
S00111634,1.00000000002385,117,47,1,5,0,0,0,0,0,0,56,8
S00111635,1.00000000000083,50,15,3,4,0,0,0,0,0,0,24,4
S00111636,1.00000000000254,141,21,12,4,0,0,0,16,0,1,79,8
S00111706,7.9281667286687202E-2,106,48,1,8,0,0,0,0,0,0,45,4
S00111721,0.35270307707323501,86,29,11,0,0,0,0,1,0,0,41,4
S00111722,0.99999999999982703,106,36,2,8,0,0,0,0,0,0,55,5
S00111723,0.60832073791923402,88,31,2,8,0,0,0,0,0,0,47,0
S00111857,0.99999999999874201,85,25,7,4,0,0,0,0,0,1,42,6
S00111858,1.0000000000070399,87,34,6,2,0,0,0,0,0,0,38,7
S00111859,0.999999999991106,65,18,3,0,0,0,0,0,0,0,40,4
S00111860,1.0000000000020399,132,32,25,1,0,0,0,0,0,0,64,10
S00111861,1.00000000000172,119,27,16,4,0,0,0,1,0,0,61,10
S00111862,0.99999999999623002,78,21,11,1,0,0,0,0,0,0,44,1
S00111863,0.99999999999790401,63,25,5,2,0,0,0,0,0,0,25,6
S00111864,0.99999999999742095,87,37,7,4,0,0,0,0,0,0,31,8
S00111865,1.00000000000364,138,49,21,5,0,0,0,0,0,0,56,7
S00111866,1.00000000000087,281,96,41,15,0,0,0,0,0,0,106,23
S00111867,0.99999999999859102,74,24,16,5,0,0,0,0,0,0,29,0
S00111868,1.00000000002252,145,36,23,12,0,0,0,11,0,0,55,8
S00111869,1.0000000000009099,91,17,16,5,0,0,0,0,0,0,52,1
S00111870,1.0000000000023499,158,41,16,5,0,0,0,0,2,0,75,19
S00111871,1.0000000113146801,82,37,1,6,0,0,0,0,0,0,31,7
S00111872,0.99999992877492305,148,49,12,3,0,0,0,0,0,1,68,15
S00111932,0.99922485598176203,68,35,5,0,0,0,0,0,0,0,26,2
S00111933,1.00000000000422,126,35,4,3,1,0,0,2,0,1,69,11
S00111934,0.99999999999811595,76,39,4,4,0,0,0,0,0,0,24,5
S00111935,1.00000000002448,122,37,9,6,0,0,0,0,0,0,62,8
S00111936,0.999999999998056,151,43,13,5,0,0,0,0,0,0,47,43
S00111937,1.00000000002383,140,42,18,3,0,0,0,0,0,0,72,5
S00111938,0.85923192751856203,65,27,1,3,0,0,0,1,0,1,32,0
S00111939,1.0000000000024201,104,21,10,2,0,0,0,0,0,1,65,5
S00111940,1.0000000000012801,86,27,13,2,0,0,0,0,0,0,41,3
S00111941,1.0000000000021401,97,24,5,6,0,0,0,0,0,2,57,3
S00111942,1.00000000002472,156,51,18,5,0,0,0,0,0,0,76,6
S00111943,0.999999999998745,97,26,11,0,0,0,0,0,0,2,56,2
S00111944,1.0000000000086799,109,24,13,11,0,0,0,0,0,0,51,10
S00111945,1.00000000001051,139,32,17,4,0,0,0,0,0,0,76,10
S00111946,0.99999999999946099,119,34,18,1,0,0,0,0,1,0,50,15
S00111951,1.0000000000020599,96,17,5,6,0,0,0,0,0,0,62,6
S00111952,0.99999999995446598,73,31,1,2,0,0,0,3,0,0,32,4
S00111978,1.0000000000035001,114,32,14,6,0,0,0,0,0,2,52,8
S00111979,1.00000000000307,82,10,9,1,0,0,0,4,0,0,54,4
S00111980,1.00000000000219,119,21,7,5,0,1,0,0,0,0,80,5
S00111981,1.0000000000046201,125,39,9,8,0,0,0,0,0,0,63,6
S00111982,1.0000000000021501,154,53,5,7,0,0,0,0,0,0,83,6
S00111983,1.00000000002411,158,42,15,6,0,0,0,0,0,1,91,3
S00111984,0.99999999999988398,76,29,0,4,0,0,0,0,0,0,38,5
S00111985,1.00000000000245,156,39,13,7,0,0,0,0,0,1,80,16
S00111986,0.99999999999599498,76,23,0,0,0,4,0,0,0,0,46,3
S00111987,0.99999999999915701,125,28,9,1,0,0,0,1,0,0,77,9
S00111988,0.99829071876042397,219,77,30,16,0,0,0,0,0,0,82,14
S00111989,1.00000000043593,157,49,22,4,0,0,0,4,0,0,71,7
S00111990,0.99999999999485101,111,36,11,9,0,0,0,0,0,4,43,8
S00111991,1.0000000000015301,176,53,15,4,0,0,0,0,0,3,91,10
S00111992,0.99999999999175804,86,44,2,2,0,0,0,2,0,0,31,5
S00111993,0.99999999998322797,74,16,7,12,0,0,0,0,0,0,35,4
S00111994,0.99999999999801203,65,23,5,6,0,0,0,0,0,0,23,8
S00111995,0.99999999995264199,164,48,11,6,0,0,0,7,0,0,83,9
S00111996,1.00000000000948,111,18,9,4,0,0,0,0,0,0,68,12
S00111997,0.99999999999697298,129,23,14,7,0,0,0,2,0,1,72,10
S00111998,0.99999999999843703,98,21,12,3,0,0,0,0,0,1,51,10
S00111999,1.0000000000048099,85,60,7,6,0,0,0,0,0,2,4,6
S00112000,0.99999999999964195,67,13,4,6,0,0,1,0,0,0,40,3
S00112001,0.99999999998650202,136,45,13,8,0,0,0,0,0,0,65,5
S00112002,1.00000000000801,172,35,9,11,0,0,0,6,0,0,104,7
S00112003,1.00000000006307,129,43,12,15,0,0,0,0,0,0,54,5
S00112004,1.00000000001858,126,51,7,16,0,0,0,7,3,0,37,5
S00112005,1.00000000000117,107,40,16,11,0,0,0,5,0,0,30,5
S00112006,1.0000000000108999,68,11,1,2,0,0,1,0,0,0,45,8
S00112007,0.99999999994399102,110,46,8,7,0,0,0,6,0,0,37,6
S00112008,0.99999999999842204,116,39,18,8,0,0,0,1,0,0,39,11
S00112009,1.00000000000501,115,44,6,3,0,0,0,1,0,0,58,3
S00112010,0.99999999996901601,72,40,3,3,0,0,0,0,0,2,20,4
S00112011,0.99999999990481403,97,34,3,5,1,0,0,1,0,0,47,6
S00112012,0.99999999999914002,166,72,6,0,0,0,0,0,0,0,80,8
S00112013,0.99999999997313105,95,21,4,11,0,0,0,0,0,0,49,10
S00112014,0.99999999996938904,136,28,10,4,0,0,0,0,0,1,86,7
S00112015,0.99999999993934596,92,54,6,0,0,0,0,0,0,3,28,1
S00112042,1.00000000008642,85,47,1,6,2,0,0,0,0,0,24,5
S00112043,0.99999999998914102,156,68,5,9,0,0,0,0,0,0,68,6
S00112044,1.0000000000093201,80,28,14,7,0,0,0,0,0,1,24,6
S00112045,1.00000000000251,106,42,10,4,0,0,0,0,0,0,34,16
S00112119,0.99999999999979805,123,32,15,5,0,0,0,0,4,0,59,8
S00112120,1.0000000000121301,158,51,8,6,0,0,0,0,0,0,79,14
S00112126,0.99999999997813904,129,36,9,7,0,0,0,0,0,2,70,5
S00112127,1.0000000000264699,164,47,12,11,0,0,0,0,0,1,86,7
S00112128,0.99999999999585498,111,22,18,1,0,0,0,0,0,0,64,6
S00112129,1.00000000000307,132,32,19,8,1,0,0,0,0,0,65,7
S00112130,1.00000000024248,96,18,4,0,0,0,0,0,0,0,67,7
S00112131,1.0000000000023399,76,16,6,3,0,0,0,1,0,0,46,4
S00112132,0.99999999999508304,124,34,10,1,0,0,0,0,0,0,72,7
S00112133,1.0000000000000699,89,33,10,1,0,0,0,0,0,0,31,14
S00112134,1.0000000000010401,135,37,11,8,0,0,0,0,0,0,72,7
S00112135,0.99999999996258504,113,31,5,7,0,0,0,0,0,0,59,11
S00112136,1.0000000000201901,75,18,5,9,0,0,0,0,0,2,32,9
S00112137,1.00000000000057,186,73,12,5,0,0,0,7,0,0,79,10
S00112138,1.0000000000235501,172,54,20,16,0,0,0,0,0,0,60,22
S00126109,4.7310856418049899E-2,145,65,1,8,0,0,0,0,0,0,49,22
S00126111,3.0910808586097099E-2,110,33,8,11,0,0,0,0,0,0,50,8
S00126112,2.1192240650380698E-2,91,34,6,12,0,0,0,1,0,0,35,3
S00126118,0.33737472811267599,145,78,12,8,0,0,0,0,0,0,41,6
